﻿rank,rank_change,singer,title,album,like,song_code
1,New,['G-DRAGON'],"무제(無題) (Untitled, 2014)",권지용,"186,719",30461396
2,+8,['TWICE (트와이스)'],SIGNAL,SIGNAL,"122,471",30413326
3,New,"['볼빨간사춘기', '스무살']",남이 될 수 있을까,남이 될 수 있을까,"161,999",30468654
4,+1,['싸이 (PSY)'],New Face,PSY 8th 4X2=8,"87,706",30403590
5,+7,['Ed Sheeran'],Shape of You,÷ (Deluxe),"275,772",30188113
6,-5,['SURAN (수란)'],오늘 취하면 (Feat. 창모) (Prod. SUGA),WINE,"196,742",30390068
7,-4,['싸이 (PSY)'],I LUV IT,PSY 8th 4X2=8,"75,358",30403589
8,New,['씨스타'],LONELY,LONELY,"60,276",30447547
9,+86,['볼빨간사춘기'],처음부터 너와 나,군주 - 가면의 주인 OST Part.2,"136,105",30414090
10,New,['국민의 아들'],NEVER,PRODUCE 101 - 35 Boys 5 Concepts,"148,422",30453635
11,-9,['아이유'],팔레트 (Feat. G-DRAGON),Palette,"214,540",30378156
12,-6,['언니쓰'],맞지?,언니들의 슬램덩크 시즌 2,"97,674",30408193
13,-9,['WINNER'],REALLY REALLY,FATE NUMBER FOR,"220,672",30341745
14,+9,['한동근'],미치고 싶다,한동근 1ST ALBUM `Your Diary`,"73,444",30399360
15,-7,"['효린', '창모 (CHANGMO)']",BLUE MOON (Prod. GroovyRoom),BLUE MOON,"145,243",30367365
16,New,['G-DRAGON'],개소리 (BULLSHIT),권지용,"39,146",30461394
17,-10,['아이유'],사랑이 잘 (With 오혁),사랑이 잘,"169,968",30349593
18,-7,['아이유'],밤편지,밤편지,"352,396",30314784
19,-5,['에일리'],첫눈처럼 너에게 가겠다,도깨비 OST Part.9,"298,831",30190630
20,-7,"['마크툽 (MAKTUB)', '구윤회']",Marry Me,마크툽 프로젝트 Vol.03,"172,878",4786735
21,-12,['혁오 (HYUKOH)'],TOMBOY,23,"147,397",30383949
22,New,['하이라이트 (Highlight)'],CALLING YOU,CALLING YOU,"67,650",30442480
23,New,['마마무(Mamamoo)'],나로 말할 것 같으면 (Yes I am),Purple,"113,172",30488202
24,-5,['볼빨간사춘기'],좋다고 말해,Full Album RED PLANET `Hidden Track`,"191,503",30163110
25,-10,['TWICE (트와이스)'],KNOCK KNOCK,TWICEcoaster : LANE 2,"161,128",30261007
26,-4,['창모 (CHANGMO)'],아름다워,돈 벌 시간 2,"149,822",8276709
27,New,['슬레이트'],Oh Little Girl,PRODUCE 101 - 35 Boys 5 Concepts,"86,047",30453634
28,New,['G-DRAGON'],SUPER STAR,권지용,"38,669",30461395
29,New,['FTISLAND (FT아일랜드)'],사랑앓이 (With 김나영),FTISLAND 10th Anniversary Special Digital Single,"43,075",30440430
30,New,['BLACKPINK'],마지막처럼,마지막처럼,"183,856",30481578
31,-10,['신현희와김루트'],오빠야,신현희와김루트,"128,164",5605860
32,New,['Knock'],열어줘,PRODUCE 101 - 35 Boys 5 Concepts,"73,055",30453633
33,+32,['San E'],모해 (mohae) (Feat. 볼빨간사춘기),모해 (mohae),"24,110",30431400
34,New,['로꼬'],지나쳐 (Feat. DEAN),BLEACHED,"54,214",30428511
35,-5,['볼빨간사춘기'],우주를 줄게,Full Album RED PLANET,"251,441",9620469
36,-5,['볼빨간사춘기'],나만 안되는 연애,Full Album RED PLANET,"178,491",9620473
37,-17,['하이라이트 (Highlight)'],얼굴 찌푸리지 말아요,CAN YOU FEEL IT?,"122,812",30310862
38,-10,['박재범'],"All I Wanna Do (K) (Feat. Hoody, Loco)",EVERYTHING YOU WANTED,"153,915",30049271
39,-10,['방탄소년단'],봄날,YOU NEVER WALK ALONE,"459,261",30244931
40,-15,['창모 (CHANGMO)'],마에스트로 (Maestro),돈 벌 시간 2,"104,003",8276708
41,-17,['정키'],부담이 돼 (Feat. 휘인 Of 마마무),EMPTY,"123,707",30290011
42,-26,['지코 (ZICO)'],She`s a Baby,She`s a Baby,"73,158",30355842
43,-1,['The Chainsmokers'],Closer (Feat. Halsey),Collage EP,"194,847",8287788
44,-8,['BLACKPINK'],불장난,SQUARE TWO,"155,358",30069773
45,-18,['AKMU (악동뮤지션)'],오랜 날 오랜 밤,사춘기 하 (思春記 下),"180,966",30181278
46,-29,['아이유'],이런 엔딩,Palette,"145,900",30378157
47,-13,['TWICE (트와이스)'],TT,TWICEcoaster : LANE 1,"191,540",30054344
48,-11,['한동근'],그대라는 사치,The 3rd Digital Single `그대라는 사치`,"170,315",9614761
49,+2,['정승환'],너였다면,또 오해영 OST Part.5,"182,137",8203900
50,-32,['아이유'],이 지금,Palette,"126,361",30378155
51,-16,['Crush'],Beautiful,도깨비 OST Part 4,"201,764",30157753
52,New,['G-DRAGON'],INTRO. 권지용 (Middle Fingers-Up),권지용,"27,832",30461393
53,-14,['볼빨간사춘기'],심술,Half Album RED ICKLE,"126,723",8155478
54,-13,['Justin Bieber'],Love Yourself,Purpose (Deluxe),"210,500",7931286
55,-11,['PRODUCE 101'],나야 나 (PICK ME),PRODUCE 101 - 나야 나 (PICK ME),"101,207",30294022
56,New,['싸이 (PSY)'],어땠을까 (Feat. 박정현),싸이6甲 Part.1,"115,834",3853980
57,New,['세븐틴'],울고 싶지 않아,SEVENTEEN 4th Mini Album `Al1`,"101,601",30428238
58,New,['백아연'],달콤한 빈말 (Feat. 바버렛츠),Bittersweet,"30,182",30442275
59,-10,['엠씨더맥스'],어디에도,pathos,"197,386",8033528
60,+20,['어반자카파'],혼자,혼자,"41,102",30419668
61,New,['헤이즈 (Heize)'],널 너무 모르고,/// (너 먹구름 비),"137,970",30492276
62,-14,['마마무(Mamamoo)'],Decalcomanie (데칼코마니),MEMORY,"137,839",30079086
63,-11,['한동근'],이 소설의 끝을 다시 써보려 해,The 1st Digital Single `이 소설의 끝을 다시 써보려 해`,"216,535",5398990
64,-26,['BIGBANG'],에라 모르겠다,MADE,"165,610",30147445
65,+11,"['The Chainsmokers', 'Coldplay']",Something Just Like This,Memories...Do Not Open,"143,962",30271730
66,-33,['Red Velvet (레드벨벳)'],Rookie,Rookie - The 4th Mini Album,"129,289",30227054
67,New,['청하'],Why Don`t You Know (Feat. 넉살),Hands on Me,"131,146",30457690
68,-36,['태연 (TAEYEON)'],Fine,My Voice - The 1st Album,"142,292",30278209
69,-9,['볼빨간사춘기'],You(=I),Full Album RED PLANET,"101,611",9620471
70,-12,['DEAN'],D (half moon) (Feat. 개코),130 mood : TRBL,"215,612",8109412
71,-17,['헤이즈 (Heize)'],돌아오지마 (Feat. 용준형 Of 비스트),돌아오지마,"174,034",8143111
72,-2,['길구봉구'],바람이 불었으면 좋겠어,바람이 불었으면 좋겠어,"117,129",4383833
73,New,['아이오아이 (I.O.I)'],소나기,소나기,"159,385",30208070
74,-12,['TWICE (트와이스)'],CHEER UP,PAGE TWO,"215,357",8158031
75,New,['황치열'],매일 듣는 노래 (A Daily Song),Be Ordinary,"176,630",30467550
76,-17,['임창정'],내가 저지른 사랑,I`M,"220,823",9631530
77,-11,"['Charlie Puth', 'Wiz Khalifa']",See You Again (폴 워커 추모 엔딩곡),분노의 질주: 더 세븐 OST,"191,258",5629279
78,-9,['어반자카파'],널 사랑하지 않아,스틸,"187,988",8199190
79,-18,['박효신'],숨,I am A Dreamer,"200,091",30011624
80,New,['월하소년 (月下少年)'],I Know You Know,PRODUCE 101 - 35 Boys 5 Concepts,"38,163",30453632
81,New,['G-DRAGON'],OUTRO. 신곡(神曲) (Divina Commedia),권지용,"22,842",30461397
82,-56,['아이유'],잼잼,Palette,"75,143",30378159
83,-38,['싸이 (PSY)'],마지막 장면 (Feat. 이성경),PSY 8th 4X2=8,"30,766",30403591
84,-38,['매드클라운'],우리집을 못 찾겠군요 (Feat. 볼빨간사춘기),우리집을 못 찾겠군요,"86,048",30230986
85,-35,['비투비'],MOVIE,Feel`eM,"121,293",30286429
86,New,['It`s'],Show Time,PRODUCE 101 - 35 Boys 5 Concepts,"42,594",30453631
87,New,['뉴이스트'],여보세요,THE SECOND MINI ALBUM `여보세요`,"131,156",4032981
88,-45,['블락비 (Block B)'],YESTERDAY,YESTERDAY,"107,052",30232778
89,-33,"['찬열 (CHANYEOL)', '펀치 (Punch)']",Stay With Me,도깨비 OST Part.1,"202,553",30132687
90,New,['SURAN (수란)'],1+1=0 (Feat. DEAN),Walkin`,"24,912",30453406
91,-12,['방탄소년단'],피 땀 눈물,WINGS,"275,937",30029173
92,-39,['아이유'],이름에게,Palette,"151,524",30378164
93,New,['규현 (KYUHYUN)'],다시 만나는 날 (Goodbye for now),다시 만나는 날 (Goodbye for now),"42,080",30434161
94,-37,"['소유 (SOYOU)', '백현 (BAEKHYUN)']",비가와 (Rain),비가와,"124,035",30247520
95,New,['PRODUCE 101'],Hands on me,PRODUCE 101 - FINAL,"61,288",30478321
96,-12,['Sam Smith'],I`m Not The Only One,In The Lonely Hour,"218,003",4660794
97,New,['태일 (블락비)'],좋아한다 안 한다 (Duet. 세정 of 구구단) (Prod. 박경),태일X세정 Single (좋아한다 안 한다),"41,084",30465044
98,-43,['백현 (BAEKHYUN)'],바래다줄게 (Take You Home),바래다줄게 (Take You Home) - SM STATION,"101,564",30367190
99,-52,['싸이 (PSY)'],팩트폭행 (Feat. G-DRAGON),PSY 8th 4X2=8,"19,113",30403595
100,-60,['정은지'],너란 봄 (Feat. 하림),공간,"48,233",30351579
