﻿rank,rank_change,singer,title,album,like,song_code
1,New,['티아라'],Lovey-Dovey,Funky Town,"29,276",3663978
2,+2,['트러블메이커'],Trouble Maker,Trouble Maker,"38,877",3630755
3,-2,['아이유'],너랑 나,Last Fantasy,"116,384",3625504
4,New,['다이나믹 듀오'],거기서거기 (Without You),Dynamicduo 6th Digilog 2/2,"55,710",3665143
5,New,"['다비치', '티아라']",우리 사랑했잖아,우리 사랑했잖아,"22,382",3654576
6,New,['10CM'],애상,윤일상 작곡가 21주년 기념 앨범 I`m 21,"66,766",3666573
7,New,['정준하'],키 큰 노총각 이야기,무한도전 나름 가수다,"20,213",3669413
8,-6,['티아라'],Cry Cry,Black Eyes,"19,451",3607859
9,+7,"['허각', 'LE (EXID)']",그 노래를 틀때마다,그 노래를 틀때마다,"16,791",3639713
10,New,['지아'],속상해서 (술 한잔 해요 Part.2),속상해서,"13,001",3656320
11,-6,['노을'],그리워 그리워,그리움,"64,297",3585793
12,+1,['노을'],살기 위해서,빠담빠담 OST Part.1,"35,551",3633511
13,-10,['원더걸스'],Be My Baby,Wonder World,"31,246",3600223
14,-8,['울랄라세션'],서쪽 하늘,슈퍼스타K 3 Top11 Part 5,"57,521",3593455
15,New,['틴탑'],미치겠어,It`s,"22,116",3666277
16,New,['리쌍'],광대 (Feat. B.M.K),Library Of Soul,"44,198",971441
17,+5,['일렉트로보이즈'],Ma Boy 2 (Feat. 효린),Rebirth,"18,809",3611633
18,New,['유재석'],"더위 먹은 갈매기 (Feat. 송은이, 김숙)",무한도전 나름 가수다,"9,856",3669418
19,New,['이현'],너니까,The Healing Echo,"4,885",3662813
20,-13,['허각'],죽고 싶단 말 밖에,죽고 싶단 말 밖에,"21,360",3602154
21,New,['엠블랙'],전쟁이야,MBLAQ 4th Mini Album `100%Ver.`,"10,047",3669673
22,+24,['알리 (ALi)'],촌스럽게 굴지마 (Feat. 용준형),SOUL-RI : 영혼이 있는 마을,"17,233",3642699
23,-13,"['포맨', '미(MIIII)']",그 남자 그 여자,그 남자 그 여자,"24,452",3590149
24,New,['원티드'],Like You (Feat. 아이유),VINTAGE,"11,745",3669897
25,New,['써니힐'],베짱이 찬가,The Grasshoppers,"25,524",3675692
26,+12,['Apink (에이핑크)'],My My,Snow Pink,"34,372",3618293
27,New,['하하'],바보에게 바보가 (Feat. 스컬),무한도전 나름 가수다,"9,574",3669416
28,-20,['아이유'],비밀,Last Fantasy,"45,499",3628477
29,New,['린'],시간을 거슬러,해를 품은 달 OST Part.2,"20,875",3678813
30,-21,['버스커 버스커'],서울사람들,서울사람들,"17,973",3614345
31,-20,['아이유'],삼촌 (Feat. 이적),Last Fantasy,"24,864",3628515
32,New,['길'],"삼바의 매력 (Feat. 개리, 정인)",무한도전 나름 가수다,"5,345",3669415
33,New,['효린'],널 사랑하겠어,사랑을 보다 2 OST,"31,114",3681993
34,New,['영준 (브라운 아이드 소울)'],꽃보다 그대가 (Feat. Simon D),꽃보다 그대가,"20,882",3655193
35,-23,['소녀시대 (GIRLS` GENERATION)'],The Boys,`The Boys` The 3rd Album,"20,608",3565193
36,New,['Adele'],Rolling In The Deep,21,"75,591",3143265
37,New,['엠블랙'],낙서,MBLAQ 4th Mini Album `100%Ver.`,"4,554",3664053
38,+6,['LMFAO'],Party Rock Anthem (Feat. Lauren Bennett & Goon Rock),Party Rock Anthem,"23,090",3135148
39,New,['정형돈'],영계백숙 (Feat. 뮤지컬 & 앙상블 13인),무한도전 나름 가수다,"5,390",3669417
40,-22,['버스커 버스커'],동경소녀,슈퍼스타K 3 Top11 Part 1,"39,530",3565240
41,+43,['오렌지 캬라멜'],Funny Hunny,조영수 All Star - 오렌지캬라멜,"2,768",3647093
42,+13,['먼데이 키즈 (Monday Kiz)'],미행,The Ballad,"13,649",3641162
43,+18,['Maroon 5'],Moves Like Jagger (Feat. Christina Aguilera) (Studio Recording From The Voice Performance),Moves Like Jagger,"71,309",3457091
44,New,['이영현'],이별사랑,이별사랑,"2,445",3652920
45,New,['박명수'],광대 (Feat. 김범수),무한도전 나름 가수다,"4,436",3669419
46,New,['살찐고양이'],예쁜게 다니,예쁜게 다니,"6,295",3667495
47,-22,['허각'],Hello,LIKE 1st MINI ALBUM `First Story`,"81,491",3549031
48,-31,['이승기'],친구잖아,Tonight,"11,023",3589429
49,New,['주석'],Sun & Star (Feat. 임정희),Sun & Star (Feat. 임정희),"1,204",3661428
50,-36,['버스커 버스커'],막걸리나,슈퍼스타K 3 Top11 Part 5,"18,959",3593454
51,+17,['Bueno Clinic'],Sex Apeal (Max Farenthide Radio Edit) (Feat. Mike W.),Sex Apeal,"25,240",3559879
52,New,['원더걸스'],The DJ Is Mine,The DJ Is Mine,"5,450",3674655
53,New,['NS 윤지'],마녀가 된 이유,Neo Spirit,"11,889",3666254
54,-3,['소녀시대 (GIRLS` GENERATION)'],MR.TAXI (Korean Ver.),`The Boys` The 3rd Album,"11,246",3579341
55,New,['제아'],그대 바보,빠담빠담 OST Part.2,"4,665",3648411
56,-35,['시크릿'],사랑은 Move,Moving In Secret,"9,691",3573326
57,-33,['다이나믹 듀오'],불타는 금요일 (Friday Night),Dynamicduo 6th Digilog 1/2,"15,206",3624810
58,New,['노홍철'],"사랑의 서약 (Feat. 다이나믹 듀오, 노라조)",무한도전 나름 가수다,"4,625",3669414
59,New,['KYT (코요태)'],했던 말 또 하고,했던 말 또 하고,"1,673",3662530
60,-30,['버스커 버스커'],정류장,슈퍼스타K 3 Top11 Part 3,"64,857",3576486
61,New,['SUPER JUNIOR-D&E (동해&은혁)'],"떴다 오빠 (Oppa, Oppa)","떴다 오빠 (Oppa, Oppa)","5,416",3647504
62,-43,['브라운아이드걸스'],클렌징크림,클렌징크림,"17,428",3597417
63,New,['나인뮤지스'],뉴스 (News),NEWS,"12,188",3672259
64,New,['김연우'],더 가까이,브레인 OST Part 5,"8,999",3648415
65,New,['김보경 (NEON)'],메아리,메아리,"1,761",3652933
66,-4,['버벌진트'],좋아보여 (Feat. 검정치마),Go Easy,"63,408",3538775
67,-28,['윤미래'],"Get It In (Feat. Tiger JK, 정인) (Korean Ver.)",Get It In (The Creators Project),"10,292",3588757
68,-18,['다비치'],안녕이라고 말하지마,Love Delight,"61,904",3536905
69,-54,['아이유'],잠자는 숲 속의 왕자 (Feat. 윤상),Last Fantasy,"19,175",3628512
70,New,['제이세라'],사랑시 고백구 행복동,Love City,"18,914",3673495
71,-42,['이승기'],연애시대 (Feat. Ra.D) (Narr. 한효주),연애시대,"20,183",3573175
72,-36,['원더걸스'],G.N.O.,Wonder World,"7,940",3600222
73,New,['박완규'],고해 (임재범),[나는 가수다] 경연13-2. `나가수를 빛낸 가수들의 노래`,"2,831",3663197
74,+5,['보이프렌드'],내가 갈게 (I`ll Be There),I`ll Be There,"10,422",3638234
75,+1,['씨스타'],So Cool (쏘쿨),So Cool,"28,645",3521672
76,-35,['버스커 버스커'],그댄 달라요,슈퍼스타K 3 Top11 Part 6,"21,615",3601574
77,New,['레인보우 픽시'],호이 호이 (Hoi Hoi),호이 호이 (Hoi Hoi),"4,167",3673830
78,New,['김원주'],겨울연가 (Feat. 美) (부제 `겨울이야`),겨울연가,"1,408",3659679
79,New,['박재범'],별,New Breed Part.1,"8,412",3657753
80,+5,['브라운 아이드 소울'],Gone,Brown Eyed Soul Live Album `SOUL FEVER`,"3,114",3645642
81,New,['Jason Mraz'],I Won`t Give Up,I Won`t Give Up,"18,685",3664293
82,-51,['수지 (SUZY)'],눈물이 많아서,나도 꽃 OST Part.2,"17,308",3620973
83,New,['원티드'],너에게로 간다,VINTAGE,"12,070",3683353
84,New,['다이나믹 듀오'],참고 살아 (be...),Dynamicduo 6th Digilog 2/2,"23,603",3665147
85,-53,['울랄라세션'],Swing Baby,슈퍼스타K 3 Top11 Part 6,"6,538",3601573
86,New,['피기돌스'],사랑이 뭐길래 (Feat. Simon D),사랑이 뭐길래,869,3669013
87,New,['영준 (브라운 아이드 소울)'],잊어요,Easy,"4,381",3683358
88,-36,['인피니트'],하얀 고백 (Lately),하얀 고백 (Lately),"41,487",3635328
89,New,"['이승철', '크리스티나']",I Believe,I Believe,"1,674",3648682
90,-67,['울랄라세션'],너와 함께,너와 함께,"5,863",3624137
91,-14,['원더걸스'],Girls Girls,Wonder World,"16,664",3600224
92,New,"['베이비소울 (러블리즈)', '유지아']",그녀는 바람둥이야 (Feat. 동우 Of 인피니트),그녀는 바람둥이야,"7,282",3680465
93,New,['애즈원'],Only U (Feat. 동해 Of 슈퍼주니어),Only U (Feat. 동해 Of 슈퍼주니어),"2,222",3678008
94,-74,['아이유'],별을 찾는 아이 (Feat. 김광진),Last Fantasy,"33,449",3628513
95,New,['스피카'],독하게,독하게,"2,887",3670751
96,New,['일 락'],사랑이 뭐길래,사랑이 뭐길래,515,3663603
97,-63,"['케이윌', '씨스타', '보이프렌드']",핑크빛 로맨스 (Pink Romance),스타쉽 플래닛 (Starship Planet),"7,108",3624746
98,-61,['김동률'],Replay,kimdongrYULE,"46,823",3610158
99,New,['소피야 (Sophiya)'],실화 (원곡가수 린),`위대한 탄생 시즌2` 멘토스쿨 Part.6 (이선희 편),"1,506",3677753
100,New,['바비 킴'],너만이,With Coffee Project Part.2 `너만이`,809,3670737
