﻿rank,rank_change,singer,title,album,like,song_code
1,+8,"['장혜진', '윤민수(바이브)']",술이 문제야,술이 문제야,"141,459",31870517
2,New,['벤'],헤어져줘서 고마워,헤어져줘서 고마워,"118,498",31901475
3,+11,['송하예'],니 소식,니 소식,"172,548",31788850
4,-3,['임재현'],사랑에 연습이 있었다면 (Prod. 2soo),사랑에 연습이 있었다면,"191,121",31324607
5,-1,['김나영'],솔직하게 말해서 나,솔직하게 말해서 나,"119,326",31854442
6,+64,['청하'],Snapping,Flourishing,"97,840",31879867
7,-5,['Anne-Marie'],2002,Speak Your Mind (Deluxe),"304,359",31029291
8,+4,['Naomi Scott'],"Speechless (Full) (From ""Aladdin""/Soundtrack Version)",Aladdin (Original Motion Picture Soundtrack),"216,798",31815967
9,New,['황인욱'],포장마차,포장마차,"117,560",31873020
10,New,['멜로망스'],인사,인사,"71,852",31914848
11,-5,['Billie Eilish'],bad guy,"WHEN WE ALL FALL ASLEEP, WHERE DO WE GO?","213,590",31701428
12,+60,['마크툽 (MAKTUB)'],오늘도 빛나는 너에게 (To You My Light) (Feat.이라온),Red Moon : To You My Light,"183,402",31853557
13,New,['헤이즈 (Heize)'],We don`t talk together (Feat. 기리보이) (Prod. SUGA),We don`t talk together,"99,566",31908033
14,-11,['다비치'],너에게 못했던 내 마지막 말은,너에게 못했던 내 마지막 말은,"121,820",31804010
15,-8,['방탄소년단'],작은 것들을 위한 시 (Boy With Luv) feat. Halsey,MAP OF THE SOUL : PERSONA,"344,805",31737197
16,-0,['먼데이 키즈 (Monday Kiz)'],사랑이 식었다고 말해도 돼,사랑이 식었다고 말해도 돼,"90,837",31829536
17,New,['디오 (D.O.)'],괜찮아도 괜찮아 (That`s okay),괜찮아도 괜찮아 (That`s okay) - SM STATION,"149,057",31893681
18,+1,['어반자카파'],서울 밤 (feat. 빈지노),서울 밤,"58,511",31864770
19,New,['윤하 (YOUNHA)'],비가 내리는 날에는,STABLE MINDSET,"63,501",31899300
20,New,['태연 (TAEYEON)'],그대라는 시,호텔 델루나 OST Part.3,"161,120",31938460
21,-13,['잔나비'],주저하는 연인들을 위해,전설,"241,531",31666417
22,-12,['TWICE (트와이스)'],FANCY,FANCY YOU,"114,806",31754579
23,+9,"['Mena Massoud', 'Naomi Scott']","A Whole New World (From ""Aladdin""/Soundtrack Version)",Aladdin (Original Motion Picture Soundtrack),"108,083",31815962
24,-11,['장범준'],노래방에서,장범준 3집,"159,149",31684636
25,-10,['태연 (TAEYEON)'],사계 (Four Seasons),사계 (Four Seasons),"203,840",31688205
26,-9,['케이시 (Kassy)'],그때가 좋았어,그때가 좋았어,"191,841",31524320
27,-22,['이하이'],누구 없소 (NO ONE) (Feat. B.I of iKON),24℃,"67,494",31841027
28,-17,['박효신'],Goodbye,Goodbye,"136,193",31777113
29,-4,['폴킴'],"모든 날, 모든 순간 (Every day, Every Moment)",`키스 먼저 할까요?` OST Part.3,"318,709",30962526
30,-9,['첸 (CHEN)'],사월이 지나면 우리 헤어져요 (Beautiful goodbye),"사월, 그리고 꽃 - The 1st Mini Album","158,965",31706215
31,+22,['Red Velvet (레드벨벳)'],짐살라빔 (Zimzalabim),‘The ReVe Festival’ Day 1,"69,334",31872859
32,New,"['창모 (CHANGMO)', 'Hash Swan', 'ASH ISLAND', '김효은']",BAND,BAND,"105,106",31854689
33,-11,['엠씨더맥스'],사계 (하루살이),Circular,"102,152",31532642
34,-8,['폴킴'],너를 만나,너를 만나,"249,511",31388145
35,-17,['볼빨간사춘기'],"나만, 봄",사춘기집Ⅰ 꽃기운,"139,599",31709523
36,+8,['기리보이'],"아퍼 (Feat. Kid Milli, Lil tachi, 김승민, NO:EL, C JAMM)",100년제전문대학,"83,019",31856628
37,-9,['Lauv'],Paris In The Rain,I met you when I was 18. (the playlist),"182,428",31341518
38,New,['여자친구 (GFRIEND)'],열대야 (Fever),여자친구 The 7th Mini Album `FEVER SEASON`,"48,770",31895208
39,-10,['ITZY (있지)'],달라달라,IT`z Different,"138,065",31606729
40,-13,['엔플라잉 (N.Flying)'],옥탑방 (Rooftop),FLY HIGH PROJECT #2 `옥탑방`,"228,620",31532656
41,-17,['우디 (Woody)'],대충 입고 나와,대충 입고 나와,"45,409",31835421
42,+29,['전소미'],BIRTHDAY,BIRTHDAY,"55,054",31864628
43,-8,['청하'],벌써 12시,벌써 12시,"152,149",31532438
44,New,['(여자)아이들'],Uh-Oh,Uh-Oh,"54,993",31885924
45,-22,['BLACKPINK'],Kill This Love,KILL THIS LOVE,"108,338",31717822
46,-13,['엠씨더맥스'],넘쳐흘러,Circular,"143,525",31532643
47,New,"['Shawn Mendes', 'Camila Cabello']",Señorita,Señorita,"132,993",31877297
48,New,"['창모 (CHANGMO)', 'Hash Swan', 'ASH ISLAND', '김효은', '릴러말즈 (Leellamarz)', 'The Quiett']",비워 (Beer) (Prod. Way Ched),Dingo X Ambition Musik,"59,357",31890067
49,-29,['WINNER'],AH YEAH (아예),WE,"89,738",31798464
50,New,['갓츄 (GOT U)'],U GOT IT,PRODUCE X 101 - 31 Boys 5 Concepts,"65,988",31907388
51,-11,['숀 (SHAUN)'],Way Back Home,Take,"285,362",31151836
52,-21,['볼빨간사춘기'],별 보러 갈래?,사춘기집Ⅰ 꽃기운,"81,887",31709524
53,-11,['홍진영'],오늘 밤에,Lots of Love,"51,099",31655897
54,-17,['염따'],돈 Call Me (Prod.BRLLNT),Dingo X 염따,"70,514",31788828
55,New,['폴킴'],헤어질 걸 알아,헤어질 걸 알아,"28,426",31921949
56,-18,['방탄소년단'],봄날,YOU NEVER WALK ALONE,"459,265",30244931
57,+3,['폴킴'],비,비,"241,281",8235260
58,-24,['장범준'],당신과는 천천히,장범준 3집,"100,657",31684634
59,+34,['Imagine Dragons'],Believer,Evolve,"154,393",30227238
60,-14,['임한별'],이별하러 가는 길,이별하러 가는 길,"118,135",31304766
61,-31,['기리보이'],교통정리 (Feat. 헤이즈),교통정리,"79,930",31815490
62,-23,['케이시 (Kassy)'],진심이 담긴 노래 (True Song),진심이 담긴 노래 (True Song),"83,718",31699965
63,+29,['Will Smith'],"Arabian Nights (2019) (From ""Aladdin""/Soundtrack Version)",Aladdin (Original Motion Picture Soundtrack),"36,284",31815956
64,New,['백현 (BAEKHYUN)'],UN Village,City Lights - The 1st Mini Album,"101,467",31917677
65,-4,['벤'],180도,180˚,"154,605",31477685
66,+9,['EXO'],Love Shot,LOVE SHOT - The 5th Album Repackage,"166,194",31492319
67,-22,['우디 (Woody)'],이 노래가 클럽에서 나온다면,이 노래가 클럽에서 나온다면,"113,505",31576009
68,+30,['Will Smith'],"Prince Ali (From ""Aladdin""/Soundtrack Version)",Aladdin (Original Motion Picture Soundtrack),"45,638",31815961
69,-20,['방탄소년단'],IDOL,LOVE YOURSELF 結 `Answer`,"285,935",31266290
70,-34,['방탄소년단'],소우주 (Mikrokosmos),MAP OF THE SOUL : PERSONA,"190,535",31737198
71,-16,['Jeremy Zucker'],comethru,"summer,","128,407",31621518
72,-21,['Ariana Grande'],7 rings,7 rings,"97,752",31567235
73,New,['HYNN (박혜원)'],시든 꽃에 물을 주듯,시든 꽃에 물을 주듯,"148,498",31703498
74,+9,['TWICE (트와이스)'],Dance The Night Away,Summer Nights,"157,718",31175119
75,New,"['먼데이 키즈 (Monday Kiz)', '펀치 (Punch)']",Another Day,호텔 델루나 OST Part.1,"63,924",31924110
76,New,['크레파스'],이뻐이뻐 (Pretty girl),PRODUCE X 101 - 31 Boys 5 Concepts,"63,207",31907390
77,+13,"['Ed Sheeran', 'Justin Bieber']",I Don`t Care,No.6 Collaborations Project,"59,161",31788110
78,-26,['하은'],신용재,신용재,"124,876",31406357
79,New,['SIXC (6 crazy)'],움직여 (MOVE) (Prod. by ZICO),PRODUCE X 101 - 31 Boys 5 Concepts,"51,141",31907392
80,-22,['폴킴'],초록빛,초록빛,"117,323",31565593
81,-34,['방탄소년단'],Make It Right,MAP OF THE SOUL : PERSONA,"167,298",31737199
82,-28,['화사(Hwa Sa)'],멍청이(twit),멍청이(twit),"118,077",31608765
83,-27,['IZ*ONE (아이즈원)'],비올레타,HEART*IZ,"85,653",31706346
84,-18,['케이윌'],내 생에 아름다운,뷰티 인사이드 OST Part.4,"133,010",31373277
85,New,['10CM'],나의 어깨에 기대어요,호텔 델루나 OST Part.2,"85,029",31938046
86,-38,['백예린'],그건 아마 우리의 잘못은 아닐 거야,Our love is great,"127,993",31674786
87,-18,['닐로(Nilo)'],지나오다,About You,"218,050",30699142
88,-23,['방탄소년단'],Dionysus,MAP OF THE SOUL : PERSONA,"153,893",31737202
89,-22,['TWICE (트와이스)'],YES or YES,YES or YES,"142,347",31403163
90,New,['지아'],니가 길게 혼자면 좋겠어,니가 길게 혼자면 좋겠어,"13,094",31905105
91,+8,['EXO'],Tempo,DON`T MESS UP MY TEMPO - The 5th Album,"186,565",31399721
92,-28,['Ariana Grande'],"thank u, next","thank u, next","136,966",31402611
93,-52,"['소유 (SOYOU)', '오반']",비가 오잖아,비가 오잖아,"37,329",31803557
94,New,['양다일'],My Love,My Love,"19,177",31918207
95,-8,['김재환'],안녕하세요,Another,"75,426",31812139
96,-20,['노을'],너는 어땠을까,별,"87,019",31403156
97,New,['하은'],비오는 날 뭐해,비오는 날 뭐해,"34,296",31920854
98,New,['박효신'],戀人 (연인),박효신 - 戀人 (연인),"32,555",31891942
99,-56,['잔나비'],뜨거운 여름밤은 가고 남은 건 볼품없지만,MONKEY HOTEL,"120,060",8298724
100,-32,['이소라'],신청곡 (Feat. SUGA of BTS),신청곡 (Feat. SUGA of BTS),"185,421",31571110
