﻿rank,rank_change,singer,title,album,like,song_code
1,+87,['2NE1'],UGLY,2NE1 2nd Mini Album,"38,128",3509751
2,+22,['미쓰에이'],Good-bye Baby,A Class,"17,506",3488849
3,+37,['2NE1'],Hate You,2NE1 2nd Mini Album,"9,748",3488750
4,-3,['GG (박명수 & G-Dragon)'],바람났어 (Feat. 박봄),무한도전 서해안 고속도로 가요제,"20,875",3467463
5,New,['씨스타'],So Cool (쏘쿨),So Cool,"28,645",3521672
6,New,['SUPER JUNIOR (슈퍼주니어)'],Mr. Simple,`Mr. Simple` The 5th Album,"10,538",3516563
7,-2,['티아라'],Roly-Poly,존트라볼타 워너비,"29,231",3457172
8,-6,['2NE1'],내가 제일 잘 나가,내가 제일 잘 나가 (Digital Single),"23,296",3452769
9,New,['리쌍'],"TV를 껐네... (Feat. t윤미래, 권정열 Of 10cm)",AsuRa BalBalTa,"51,076",3527235
10,New,['리쌍'],"Grand Final (Feat. 정인, MC 날유)",Grand Final,"4,137",3509748
11,-0,['현아'],Bubble Pop!,Bubble Pop!,"22,686",3468048
12,-8,['2PM'],Hands Up,Hands Up,"11,616",3448185
13,-10,['처진 달팽이 (유재석 & 이적)'],압구정 날라리,무한도전 서해안 고속도로 가요제,"15,345",3467466
14,-8,['f(x)'],Hot Summer,`Hot Summer` f(x) 1st Album Repackage,"28,950",3440448
15,+35,"['Homme (창민, 이현)']",남자니까 웃는거야,Homme By `Hitman` Bang - 남자니까 웃는거야,"5,372",3485088
16,+42,['애프터스쿨 RED'],밤 하늘에,The 4th Single Album - RED,"3,388",3492688
17,New,['센치한 하하 (하하 & 10cm)'],찹쌀떡,무한도전 서해안 고속도로 가요제,"11,575",3516048
18,+45,['박정현'],나 가거든 (If I Leave) (조수미),[나는 가수다] 경연6-2. `청중 평가단 추천곡`,"6,367",3500554
19,+73,['인피니트'],내꺼하자,Over The Top,"45,276",3488667
20,+24,['백지영'],오늘도 사랑해,공주의 남자 OST Part.1,"12,993",3486450
21,+25,['엠블랙'],모나리자 (Mona Lisa),모나리자,"6,986",3480463
22,-7,['마이티 마우스'],랄랄라 (Feat. 소야),랄랄라,"20,157",3460102
23,+47,['장혜진'],술이야 (바이브),[나는 가수다] 경연6-2. `청중 평가단 추천곡`,"2,954",3500548
24,-16,['시크릿'],별빛달빛,별빛달빛,"20,964",3424822
25,-15,['포맨'],살다가 한번쯤,The Artist,"39,865",3427926
26,New,['XIA (준수)'],You Are So Beautiful,여인의 향기 OST Part.2,"17,693",3520711
27,New,['환희'],죽을 것만 같아,Hwanhee,"3,833",3509457
28,-11,['처진 달팽이 (유재석 & 이적)'],말하는 대로,무한도전 서해안 고속도로 가요제,"57,856",3471644
29,-22,['바닷길 (길 & 바다)'],나만 부를 수 있는 노래,무한도전 서해안 고속도로 가요제,"14,343",3467462
30,New,['10CM'],안아줘요,안아줘요,"24,993",3526967
31,+3,['걸스데이'],한번만 안아줘,Everyday,"12,120",3472249
32,-18,['비스트'],비가 오는 날엔,비가 오는 날엔,"108,445",3397448
33,New,['달샤벳'],블링블링 (Bling Bling),Bling Bling,"2,199",3522389
34,New,['틴탑'],향수 뿌리지마,Roman,"10,876",3498780
35,-26,['파리돼지앵 (정형돈 & 정재형)'],순정마초,무한도전 서해안 고속도로 가요제,"6,885",3467461
36,+31,['애프터스쿨 BLUE'],원더보이 (Wonder Boy),The 4th Single Album - BLUE,"3,298",3492660
37,-21,['정용화 (CNBLUE)'],넌 내게 반했어,넌 내게 반했어 OST Part.1,"10,502",3460074
38,-26,['철싸 (노홍철 & 싸이)'],흔들어 주세요,무한도전 서해안 고속도로 가요제,"9,800",3467467
39,-14,['에이트'],그 입술을 막아본다,8eight,"14,584",3446888
40,-11,['10CM'],사랑은 은하수 다방에서,1.0,"60,415",3136472
41,-19,"['아이유', '김연아']",얼음꽃 (Feat. 김세황),얼음꽃,"48,338",3450190
42,-21,['비스트'],Fiction,Fiction And Fact,"56,301",3403761
43,New,"['김범수', '박정현']","사람, 사랑","Hwang Project Vol.2 - 사람, 사랑","12,919",3521822
44,-25,['김범수'],끝사랑,Solista Part.2,"110,176",3436083
45,New,['비'],부산여자,부산여자,"1,941",3526810
46,New,['포맨'],너의 웃음 고마워 (Vision Of Love),너의 웃음 고마워 (Vision Of Love),"2,802",3513410
47,+4,['천상지희 다나&선데이'],나 좀 봐줘 (One More Chance),`나 좀 봐줘 (One More Chance)` The 1st Digital Single,"3,157",3478175
48,New,['자우림'],고래사냥 (송창식),[나는 가수다] 경연7-1. `내가 부르고 싶은 노래`,"1,351",3514354
49,New,['써니힐'],기도,기도,"7,297",3518006
50,-37,['스윗 콧소로우 (정준하 & 스윗소로우)'],정주나요,무한도전 서해안 고속도로 가요제,"8,731",3467465
51,New,['가비엔제이'],잊어준다,잊어준다,"1,131",3507156
52,-26,['2NE1'],Lonely,Lonely,"14,971",3397797
53,New,"['하동균', 'J.Lee']",기다릴게,공주의 남자 OST Part.3,"76,490",3520616
54,New,['서인국'],Shake It Up,Shake It Up,"4,880",3522480
55,+16,['Maroon 5'],Moves Like Jagger (Feat. Christina Aguilera) (Studio Recording From The Voice Performance),Moves Like Jagger,"71,309",3457091
56,-36,['써니힐'],Midnight Circus,Midnight Circus,"13,706",3422448
57,New,['NS 윤지'],또 보고 싶어 (Feat. 상추),또 보고 싶어,"4,322",3511081
58,-31,['장기하와 얼굴들'],그렇고 그런 사이,장기하와 얼굴들,"9,211",3434891
59,New,['데프콘'],래퍼들이 헤어지는 방법 Part.2 (with. 걸스데이 민아),The Rage Theater,"5,975",3520670
60,New,"['정형돈', '데프콘', '제이디']",Change The Game,Change The Game,785,3515581
61,New,['브레이브걸스'],툭하면 (Feat. Skull),Back To Da Future,"4,620",3507555
62,-34,['민경훈'],She,소풍,"6,224",3457206
63,-45,['센치한 하하 (하하 & 10cm)'],죽을래 사귈래,무한도전 서해안 고속도로 가요제,"3,939",3467464
64,New,"['디셈버', '제이세라']","가슴으로 운다 (Feat. 아이린, 윤미)",Love Harmony,"21,305",3524625
65,-42,['허각'],나를 잊지 말아요,최고의 사랑 OST Part.5,"22,592",3424854
66,New,['방용국'],I Remember (With 양요섭 Of Beast),I Remember,"7,176",3526148
67,-35,['임재범'],사랑,시티헌터 OST Part.1,"26,767",3408448
68,+28,['LMFAO'],Party Rock Anthem (Feat. Lauren Bennett & Goon Rock),Party Rock Anthem,"23,090",3135148
69,New,['티아라'],Roly-Poly in 코파카바나,Roly-Poly in 코파카바나,"2,367",3516648
70,New,['김재중'],지켜줄게,보스를 지켜라 OST Part.3,"12,929",3525296
71,New,['다비치'],Heaven,기생령 OST,"4,396",3515044
72,New,['이보람'],두 바보 (Feat. 미노 Of 프리스타일),조영수 All Star - 이보람,"6,651",3499374
73,+1,['정용화 (CNBLUE)'],그리워서...,넌 내게 반했어 OST Part.3,"12,214",3482749
74,New,['박정현'],그것만이 내 세상 (들국화),[나는 가수다] 경연7-2. `청중평가단 추천곡`,"2,310",3527203
75,-40,['씨스타19'],Ma Boy (마보이),Ma Boy,"25,681",3385548
76,-34,['김조한'],I Believe (신승훈),[나는 가수다] 경연6-1. `이 무대에서 도전하고 싶은 노래`,"1,387",3478954
77,New,['KYT (코요태)'],이제와 싫다면,Good Good Han Koyote (굿굿한 코요태),531,3523824
78,-40,['박봄'],Don`t Cry,Don`t Cry,"22,698",3373007
79,-43,['나비'],다이어리,다이어리,"15,444",3459504
80,New,['김조한'],취중진담 (전람회),[나는 가수다] 경연7-1. `내가 부르고 싶은 노래`,683,3514352
81,New,['김범수'],희나리 (구창모),[나는 가수다] 경연6-2. `청중 평가단 추천곡`,"3,452",3500553
82,+3,"['Nari & Milani', 'Cristian Marchi']",I Got My Eye On You (Cristian Marchi & Paolo Sandrini Perfect Edit) (Feat. Luciana),I Got My Eye On You,"15,409",2992122
83,-14,['럼블피쉬'],사랑해요 사랑해요,사랑해요 사랑해요,"2,153",3482503
84,-29,['김보경 (NEON)'],Suddenly,시티헌터 OST Part.4,"18,530",3441478
85,-37,"['먼데이 키즈 (Monday Kiz)', '가비엔제이']",빙빙빙 (Feat. 써니사이드 챙),소울트레인(Soul Train) Part.2,"4,194",3475250
86,New,['정진운'],걸어온다,걸어온다,"4,390",3512650
87,New,['리쌍'],나란 놈은 답은 너다 (Feat. 하림),AsuRa BalBalTa,"35,899",3534941
88,-57,['현아'],A Bitter Day (Feat. 용준형 & G.NA),A Bitter Day (Feat. 용준형 & G.NA),"13,495",3462710
89,New,['4minute'],Freestyle,Freestyle,624,3518342
90,New,['피기돌스'],아는 여자,하쿠나 마타타,"1,595",3498196
91,New,['지나'],Top Girl,Top Girl,"7,942",3532821
92,-45,['김연우'],나와 같다면 (김장훈),[서바이벌 나는 가수다] 경연3-2. `네티즌 추천곡`,"22,750",3411851
93,New,['엠블랙'],유앤아이,여인의 향기 OST Part.1,"1,178",3511642
94,-64,['레인보우'],Sweet Dream,Sweet Dream,"5,875",3450766
95,New,['이영현'],화답,여인의 향기 OST Part.3,"1,471",3526150
96,-63,['FTISLAND (FT아일랜드)'],Hello Hello,Return,"8,435",3411459
97,-20,"['이기광', '용감한 형제', '일렉트로보이즈']",Break Up,Break Up,"6,254",3483048
98,New,['김태우'],사랑에 빠지다,무사 백동수 OST Part.6,"1,269",3526761
99,-58,['JK 김동욱'],조율,[서바이벌 나는 가수다] 경연4-2. `청중평가단 추천곡`,"8,296",3438954
100,New,['박정현'],우연히 (이정선),[나는 가수다] 경연7-1. `내가 부르고 싶은 노래`,662,3514349
