﻿rank,rank_change,singer,title,album,like,song_code
1,+66,['티아라'],너 때문에 미쳐,Breaking Heart (Repackage),"15,543",2587788
2,+25,['카라'],루팡 (Lupin),루팡 (Lupin),"16,144",2579459
3,New,"['MC몽', '서인영']",Bubble Love,조영수 All Star 2.5,"37,204",2596161
4,-2,['소녀시대 (GIRLS` GENERATION)'],Oh!,`Oh!` The Second Album,"19,594",2554001
5,-0,['포맨'],못해 (Feat. 美),The 3rd Generation (Special Album),"67,255",2544949
6,-5,['2AM'],죽어도 못 보내,죽어도 못 보내,"17,840",2549955
7,New,['아웃사이더'],주변인,주변인 : The Outsider,"10,446",2593649
8,New,['비스트'],Shock,Shock Of The New Era,"30,578",2593618
9,New,['디셈버'],배운게 사랑이라,Honesty,"11,430",2596063
10,-1,['민경훈'],아프니까 사랑이죠,재회 (再會),"16,224",2566853
11,-4,['이승기'],사랑이 술을 가르쳐 (Feat. 백찬 From 8eight),Shadow (Repackage),"24,819",2546258
12,-9,['CNBLUE (씨엔블루)'],외톨이야,Bluetory,"23,832",2540268
13,+2,['언터쳐블'],가슴에 살아 (Feat. 나르샤 Of Brown Eyed Girls),Untouchable Mini Album 2nd,"22,043",2566835
14,+37,['BIGBANG'],Lollipop Pt.2,Lollipop Pt.2 (Digital Single),"6,986",2584058
15,New,['V.O.S'],미안합니다.,This Is Voice Of Soul,"1,015",2590566
16,New,['케이윌'],선물 (Feat. 은지원),선물,"20,744",2601592
17,-13,['2AM'],웃어 줄 수 없어서 미안하다,죽어도 못 보내,"6,669",2549956
18,-5,['2NE1'],날 따라 해봐요,날 따라 해봐요 (Digital Single),"2,319",2572678
19,New,['소녀시대 (GIRLS` GENERATION)'],Run Devil Run,`Run Devil Run` The 2nd Album (Repackage),"16,381",2611648
20,-8,['가비엔제이'],해바라기 (Feat. 써니사이드 MJ),해바라기,"27,813",2537464
21,+32,['유키스'],빙글빙글,U-Kiss Only One Album,"1,619",2565275
22,-16,['현아'],Change (Feat. 용준형 From Beast),Change,"9,490",2529931
23,New,['2AM'],잘못했어,잘못했어,"6,747",2609744
24,New,"['마이티 마우스', '백지영']",사랑이 올까요 (With 백지영),사랑이 올까요 (Digital Single),"12,300",2601848
25,-17,"['씨야', '다비치', '티아라']",원더우먼,원더우먼,"15,550",2534748
26,+59,['조pd (ZoPD)'],보란듯이 (Feat.정슬기),보란듯이,"1,184",2585956
27,New,['에픽하이 (EPIK HIGH)'],Run,Epilogue,"9,948",2600849
28,-18,"['가인', '조권']",우리 사랑하게 됐어요.,우리 사랑하게 됐어요,"23,590",2511561
29,-15,['소녀시대 (GIRLS` GENERATION)'],별별별 (☆★☆),`Oh!` The Second Album,"8,073",2558735
30,-19,['티아라'],처음처럼,Absolute First Album,"13,190",2371261
31,+69,['빅마마'],하루만,하루만 (Digital Single),551,2586103
32,+1,['은지원'],160 (Feat. 이수근),Platonic,"5,440",2388949
33,New,['M4'],널 위한 멜로디,The Story Of M4,"9,757",2590471
34,New,['에이트'],유효기간,유효기간,525,2598413
35,-16,['김종국'],이 사람이다,Eleventh Story,"8,671",2542748
36,-13,['지아'],술 한잔 해요,술 한잔 해요,"65,987",2425149
37,-21,['티아라'],Bo Peep Bo Peep,Absolute First Album,"9,283",2371262
38,-21,['애프터스쿨'],너 때문에,너 때문에,"16,701",2366796
39,New,['정인'],미워요,정인 From Andromeda,"73,385",2604975
40,-16,['임재범'],낙인,추노 OST,"29,380",2535055
41,-13,['TraxX (트랙스)'],가슴이 차가운 남자 (Let You Go),가슴이 차가운 남자,"9,351",2552034
42,New,['엠블랙'],그대 내 맘에 들어오면은 (Feat. C-Luv),The Artist (조덕배 25주년 기념앨범 Part.4),"1,880",2590549
43,New,['아이유'],다섯째 손가락,텔레시네마 프로젝트 Vol.6,"12,112",2588847
44,+3,['임창정'],잊혀지는 이별,Remind,"3,671",2575585
45,+39,['안진경'],못된사람 (Feat.엠블랙 미르),An Jin Kyoung 1st Mini Album,691,2581291
46,-25,['비스트'],Mystery,Beast Is The B2ST,"18,351",2320882
47,-25,['윤하 (YOUNHA)'],오늘 헤어졌어요,3rd Album Part.B `Growing Season`,"61,183",2425271
48,-23,['소녀시대 (GIRLS` GENERATION)'],Show! Show! Show!,`Oh!` The Second Album,"2,990",2558729
49,-29,['2PM'],Tik Tok,Tik Tok,"4,066",2537461
50,-32,['김종국'],잘해 주지 마요,Eleventh Story,"3,292",2542751
51,New,['태사비애'],사랑은 변하지 않아 사람이 변하는 거야 (Duet. 드림걸스),請태사비애가,"2,535",2603649
52,-16,['케이윌'],사랑까진 안돼요 (드라마 `산부인과`삽입곡),산부인과 OST Part.1,"3,992",2569008
53,-21,['디셈버'],사랑 참...,Dear My Lover,"12,815",2335459
54,-24,['2PM'],Heartbeat,1:59PM,"9,592",2352749
55,-3,['럼블피쉬'],좋은 사람 있으면 소개시켜줘,좋은 사람 있으면 소개시켜줘,"7,266",2573848
56,-30,['이승기'],처음처럼 그때처럼 (Feat. 강민경 From Davichi),처음처럼 그때처럼,"8,402",2517998
57,New,['부활'],사랑이란건,25th Anniversary : Retrospect Ⅱ,"8,480",2605215
58,New,['엠투엠 (M To M)'],괜히 내가,The Soul Of Men,786,2612451
59,-30,['2AM'],"I Love You (Feat. 백찬, 주희 Of 8eight)",죽어도 못 보내,"2,064",2549957
60,-22,['길미'],넌 나를 왜 (Feat. 정엽),The 2nd Purple Dream Sound,"10,839",2507672
61,-12,['KCM'],꽃을 든 남자 (Feat. MC몽),Color Flower,936,2572448
62,-27,['박봄'],YOU AND I,YOU AND I,"44,458",2338186
63,New,['DGNA (대국남아)'],동경소년,동경소년,758,2595563
64,New,['f(x)'],Thrill Love (스릴 러브),"헝그리 로미오, 럭셔리 줄리엣 (Digital Single)","2,178",2612175
65,-31,['유키스'],만만하니,Conti Ukiss,"6,223",2349352
66,New,['티아라'],내가 너무 아파,Breaking Heart (Repackage),"4,462",2587789
67,New,['원투'],와랄라 랄라레,Walala Lalale,589,2588796
68,+15,['Kesha'],TiK ToK,Animal,"1,139",2530461
69,New,['데프콘'],래퍼들이 헤어지는 방법 (Feat.구지성),Macho Museum,"6,540",2609656
70,New,['브라이언'],In My Head,In My Head,"1,039",2596061
71,New,['애프터스쿨'],뱅(Bang) !,Bang!,"9,712",2621364
72,New,['제아'],미아,추노 OST Part.2,"2,685",2588963
73,New,['Supreme Team'],Step Up,Supremier,"3,109",2612766
74,New,['브라운 아이드 소울'],비켜줄께,비켜줄께 / Blowin My Mind,"16,628",2621349
75,New,['Kesha'],Blah Blah Blah (Feat. 3OH!3),Blah Blah Blah,516,2593215
76,+3,['Lady GaGa'],Telephone (Feat. Beyonce),The Fame Monster,"13,456",2363261
77,-32,['거미'],그대라서,크리스마스에 눈이 올까요? OST,"27,643",2511579
78,-47,['쥬얼리'],Love Story,End And.. (Repackage),"7,391",2512058
79,-9,['화요비'],늦은사랑,산부인과 OST (Part 2),"1,641",2578965
80,New,['아웃사이더'],피에로의 눈물2 (Feat. 길미),주변인 : The Outsider,"3,558",2593650
81,-37,"['아이유', '나윤권']",첫사랑이죠,첫사랑이죠,"49,928",2537575
82,+4,['Beyonce'],Honesty,I Am... Sasha Fierce (Platinum Edition),"11,513",2291014
83,New,['빅마마'],기다리다 미쳐,5,"2,652",2617550
84,New,['장우혁'],Rain Man (Feat. 강현정 Of 버블시스터즈),신이라 불리운 사나이 OST Part.1,534,2605917
85,New,['카라'],Umbrella,루팡 (Lupin),"2,609",2579460
86,New,['노바소닉'],아프게 사랑해서,Metamorphosis,164,2593756
87,-47,"['CL', '민지']",Please Don`t Go,Please Don`t Go (Digital Single),"3,526",2361466
88,-12,['2PM'],오픈 해피니스 (코카-콜라 CF `미니코-크`편),Open Happiness,878,2579850
89,-27,"['제아', '이영현']",하모니,하모니 OST,"16,388",2517760
90,-49,['2PM'],기다리다 지친다,1:59PM,"4,997",2343748
91,New,['포맨'],Baby Baby,Baby Baby + 4MEN,"35,919",2596149
92,New,['별'],Sweet Love (Feat. 라임버스),Taste Of Love,"3,659",2595959
93,-56,['2AM'],그녀에게 (Feat. 찬성 Of 2PM),죽어도 못 보내,442,2549958
94,New,['양정승'],밤하늘의 별을... (With KCM & No Noo),Generation,"56,716",2566458
95,+2,['선민'],놓치다,놓치다,"7,115",2579716
96,New,['은지원'],술김에...,술김에...,"5,487",2617540
97,-38,['지연'],또르르,공부의 신 OST,"12,032",2530643
98,-48,['버블 시스터즈'],가시리,가시리,"2,926",2569048
99,New,['왁스'],웃는 사람 다 이뻐,WAX Unplugged Side A,154,2605837
100,-57,['가비엔제이'],사랑이 그렇습니다,해바라기,"1,306",2537463
