﻿rank,rank_change,singer,title,album,like,song_code
1,+62,['박봄'],Don`t Cry,Don`t Cry,"22,698",3373007
2,+41,['f(x)'],피노키오 (Danger),`피노키오` f(x) The 1st Album,"18,364",3366160
3,New,['2NE1'],Lonely,Lonely,"14,971",3397797
4,New,['씨스타19'],Ma Boy (마보이),Ma Boy,"25,681",3385548
5,New,['애프터스쿨'],Shampoo,Virgin,"24,273",3379391
6,New,['10CM'],아메리카노,아메리카노,"14,331",2793050
7,+3,['BIGBANG'],LOVE SONG,빅뱅 스페셜에디션,"38,018",3349297
8,New,['임재범'],너를 위해,Story Of Two Years,"9,444",3680
9,-8,['김범수'],제발,[서바이벌 나는 가수다] 경연2. `서로의 노래 바꿔 부르기`,"22,230",3337773
10,New,['박정현'],이젠 그랬으면 좋겠네 (조용필),[서바이벌 나는 가수다] 경연3-1. `내가 부르고싶은 남의노래`,"6,011",3394454
11,+2,['4minute'],거울아 거울아,4Minutes Left,"8,466",3349210
12,+6,['레인보우'],To Me (내게로..),So 女,"7,907",3352959
13,-9,['걸스데이'],반짝반짝,Girl`s Day Party #3,"22,063",3319849
14,New,['비스트'],비가 오는 날엔,비가 오는 날엔,"108,445",3397448
15,New,['BMK'],꽃피는 봄이오면,Soul Food,"54,317",672010
16,New,['김연우'],여전히 아름다운지,A Night In Seoul,"75,163",83437
17,New,['디셈버'],미인,Beautiful Woman,"4,171",3389324
18,New,['임정희'],Golden Lady (Feat. 현아 Of 4Minute),Golden Lady,"15,839",3391560
19,-17,['CNBLUE (씨엔블루)'],직감,FIRST STEP,"18,055",3169779
20,-12,['오렌지 캬라멜'],방콕시티 (Bangkok City),방콕시티,"10,494",3341087
21,-10,['4minute'],Heart To Heart,Heart To Heart,"10,709",3339283
22,+14,['BIGBANG'],STUPID LIAR,빅뱅 스페셜에디션,"27,585",3354527
23,+10,['김그림'],너 밖엔 없더라,Fly High,"11,092",3348066
24,New,['지나'],내 사람이라서,최고의 사랑 OST Part.2,"1,914",3394950
25,New,['CNBLUE (씨엔블루)'],Love Girl (New Ver.),FIRST STEP +1 THANK YOU,"5,482",3379048
26,New,['미쓰에이'],Love Alone,Love Alone,"2,945",3386750
27,-22,['케이윌'],가슴이 뛴다,가슴이 뛴다,"39,482",3172166
28,New,['백지영'],보통,Pitta,"8,718",3403255
29,-26,['양파'],아파 아이야,Elegy Nouveau - 스페셜,"9,553",3337496
30,-8,['UV'],이태원 프리덤 (With JYP),이태원 프리덤,"10,123",3337651
31,New,['F-ve Dolls'],이러쿵 저러쿵,Club Remix Time To Play,"7,372",3395649
32,New,['케이윌'],리얼러브송,최고의 사랑 OST Part.1,"3,169",3389284
33,+2,['클로버'],La Vida Loca (라 비다 로카),Classic Over,"3,188",3338948
34,New,['서인영'],세수,Lov-Elly Part.2 세수,"3,273",3391265
35,+20,['지아'],들리나요,내 마음이 들리니 OST Part.1,"3,312",3364512
36,New,['김연우'],미련 (김건모),[서바이벌 나는 가수다] 경연3-1. `내가 부르고싶은 남의노래`,"2,926",3394449
37,-28,['김태우'],메아리,T-school,"4,999",3339079
38,New,['비스트'],Fiction,Fiction And Fact,"56,301",3403761
39,New,['써니힐'],두근두근,최고의 사랑 OST Part.3,"20,669",3405381
40,-33,['휘성 (Realslow)'],가슴 시린 이야기 (Feat. 용준형 Of Beast),가슴 시린 이야기,"63,563",3174148
41,New,['임재범'],사랑,시티헌터 OST Part.1,"26,767",3408448
42,New,"['San E', '아웃사이더', '이창민']",가면 안돼,가면 안돼,"7,204",3378450
43,New,['허영생'],Let It Go (Feat. 현아),Let It Go,"3,416",3390248
44,New,['박정현'],미아,On&On,"17,520",684952
45,-39,['송지은'],미친거니 (Feat. 방용국),미친거니,"24,816",3164048
46,New,['김연우'],나와 같다면 (김장훈),[서바이벌 나는 가수다] 경연3-2. `네티즌 추천곡`,"22,750",3411851
47,New,['박재범'],Abandoned (Feat. Dok2),Take A Deeper Look,"5,993",3376677
48,New,['이소라'],No.1 (보아),[서바이벌 나는 가수다] 경연3-1. `내가 부르고싶은 남의노래`,"3,317",3394453
49,New,['Apink (에이핑크)'],몰라요,Seven Springs Of Apink,"35,459",3367970
50,New,['임재범'],빈잔 (남진),[서바이벌 나는 가수다] 경연3-1. `내가 부르고싶은 남의노래`,"1,727",3394448
51,+46,['먼데이 키즈 (Monday Kiz)'],슈루룹,Memories Cantare,"4,123",3367917
52,-40,['BIGBANG'],TONIGHT,빅뱅 미니앨범 4집,"36,244",3156950
53,New,['임재범'],여러분 (윤복희),[서바이벌 나는 가수다] 경연3-2. `네티즌 추천곡`,"7,249",3411854
54,+8,['Supreme Team'],배가 불렀지 (Feat. GaeKo of DYNAMIC DUO),Hommage To Quincy Jones,"21,568",3364510
55,New,['김범수'],늪 (조관우),[서바이벌 나는 가수다] 경연3-2. `네티즌 추천곡`,"9,643",3411852
56,+11,['달샤벳'],핑크 로켓 (Pink Rocket),핑크 로켓,"1,450",3353418
57,-43,['이현'],내꺼중에 최고,내꺼중에 최고,"13,884",3138749
58,-39,['BIGBANG'],CAFE,빅뱅 미니앨범 4집,"46,726",3156953
59,-20,['유키스'],0330,Bran New KISS,"9,381",3340976
60,New,['성시경'],처음,처음,"1,512",3409111
61,-44,['아이유'],나만 몰랐던 이야기,Real+,"89,766",3143550
62,New,"['JOO', '이특 (LEETEUK)']",아이스크림,아이스크림,"4,308",3401704
63,New,['이루'],촌스럽고 유치하게,Feel Brand New,"1,169",3378048
64,New,['소녀시대 (GIRLS` GENERATION)'],MR.TAXI,MR.TAXI / Run Devil Run,"3,485",3381941
65,New,['Of 비스트'],안을까 말까,신사동호랭이 프로젝트앨범 `슈퍼마켓 - the Half`,"12,568",3384988
66,-50,['김건모'],You Are My Lady,[서바이벌 나는 가수다] 경연2. `서로의 노래 바꿔 부르기`,"1,673",3337772
67,New,['YB'],마법의 성 (더클래식),[서바이벌 나는 가수다] 경연3-1. `내가 부르고싶은 남의노래`,844,3394451
68,New,['정엽'],한 발짝도 난,49일 OST Special,496,3389257
69,New,['아이유'],내 손을 잡아,최고의 사랑 OST Part.4,"41,538",3414749
70,New,['언터쳐블'],You You (Feat. 오진석),You You (Digital Single),989,3387348
71,-14,['이현'],다며 (Feat. 마이티 마우스),다며,"2,085",3352964
72,New,['Jessica (제시카)'],눈물이 넘쳐서,로맨스 타운 OST Part.2,"1,315",3405362
73,New,['인피니트'],Can U Smile (Broadcasting Ver.),Can U Smile (Digital Single),"21,949",3393515
74,New,['BMK'],그대 내게 다시 (변진섭),[서바이벌 나는 가수다] 경연3-1. `내가 부르고싶은 남의노래`,494,3394450
75,-49,['지나'],Black & White,Black & White,"13,964",3111583
76,New,['김보경 (NEON)'],잊어도 지워도,잊어도 지워도,591,3404266
77,-62,['윤도현'],나 항상 그대를 (With YB),[서바이벌 나는 가수다] 경연1. `80년대 명곡 부르기,"4,375",3325048
78,-46,['아이유'],좋은 날,Real,"105,845",3051244
79,New,['가비엔제이'],애정만세,애정만세,506,3372889
80,-57,['마이티 마우스'],톡톡 (Tok Tok) (Feat. SOYA),Mighty Fresh,"16,623",3110565
81,-37,['브레이브걸스'],아나요,Brave Girls : The Difference,"9,114",3352068
82,-57,['BIGBANG'],WHAT IS RIGHT,빅뱅 미니앨범 4집,"22,315",3156952
83,New,['장재인'],그대는 철이 없네 (Feat. 김지수),그대는 철이 없네 (Feat. 김지수),702,3384989
84,New,['YB'],Run Devil Run (소녀시대),[서바이벌 나는 가수다] 경연3-2. `네티즌 추천곡`,"1,876",3411850
85,-58,['정엽'],아무일도 없었다,49일 OST Part.3,"1,118",3327061
86,New,['FTISLAND (FT아일랜드)'],Hello Hello,Return,"8,435",3411459
87,New,"['이기찬', '지나']",Count On Me (With G.NA),Count On Me,"1,834",3397806
88,New,['김연우'],사랑한다는 흔한 말,사랑을 놓치다,"58,382",1095261
89,-65,['백지영'],약속,[서바이벌 나는 가수다] 경연2. `서로의 노래 바꿔 부르기`,"1,576",3337771
90,New,['BMK'],아름다운 강산 (이선희),[서바이벌 나는 가수다] 경연3-2. `네티즌 추천곡`,"1,809",3411849
91,-71,['윤도현'],Dash (with YB),[서바이벌 나는 가수다] 경연2. `서로의 노래 바꿔 부르기`,"1,559",3337774
92,New,['걸스데이'],너의 마음을 내게 준다면,반짝반짝 빛나는 OST Part.3,"7,571",3369334
93,New,['이루펀트'],여전히 아름답네요 (Feat. 권정열 Of 10cm),여전히 아름답네요,"4,734",3389620
94,New,['박정현'],소나기 (부활),[서바이벌 나는 가수다] 경연3-2. `네티즌 추천곡`,"3,858",3411853
95,-64,['이소라'],바람이 분다,눈썹달,"88,802",638570
96,New,['빅마마'],사랑해요,2nd T-Project `사랑해요`,318,3403601
97,New,['쥬얼리'],Pass,Pass (Digital Single),427,3401748
98,New,"['신혜성', '영준 (브라운 아이드 소울)']",조금 더 가까이 (Duet. 영준),조금 더 가까이,"1,687",3397248
99,-19,['NS 윤지'],Talk Talk Talk,Talk Talk Talk,"2,150",3360493
100,New,['김재석 (원티드)'],노랫말,김재석 Of Wanted,708,3391167
