﻿rank,rank_change,singer,title,album,like,song_code
1,New,['엠씨더맥스'],넘쳐흘러,Circular,"143,525",31532643
2,New,['청하'],벌써 12시,벌써 12시,"152,149",31532438
3,-1,['벤'],180도,180˚,"154,605",31477685
4,+3,['하은'],신용재,신용재,"124,876",31406357
5,-2,['제니 (JENNIE)'],SOLO,SOLO,"181,044",31417871
6,-5,['MINO (송민호)'],아낙네,XX,"169,850",31448480
7,-3,['폴킴'],너를 만나,너를 만나,"249,510",31388145
8,+13,['WINNER'],MILLIONS,MILLIONS,"137,279",31506637
9,+1,['폴킴'],"모든 날, 모든 순간 (Every day, Every Moment)",`키스 먼저 할까요?` OST Part.3,"318,708",30962526
10,-5,['TWICE (트와이스)'],YES or YES,YES or YES,"142,347",31403163
11,-2,['케이윌'],내 생에 아름다운,뷰티 인사이드 OST Part.4,"133,010",31373277
12,New,['폴킴'],초록빛,초록빛,"117,323",31565593
13,New,"['Jvcki Wai', '양홍원', 'Osshun Gum', '한요한']",띵 (Prod. By 기리보이),Dingo X Indigo Music,"120,380",31554317
14,+13,['EXO'],Love Shot,LOVE SHOT - The 5th Album Repackage,"166,194",31492319
15,+80,['윤건'],너도 그냥 날 놓아주면 돼,너도 그냥 날 놓아주면 돼,"112,745",31455159
16,-10,['바이브'],가을 타나 봐,가을 타나 봐,"132,573",31314144
17,+7,['헤이즈 (Heize)'],첫눈에,첫눈에,"65,317",31495659
18,-10,['아이유'],삐삐,삐삐,"241,408",31346009
19,-2,['허각'],흔한 이별,흔한 이별,"67,153",31453551
20,-8,['양다일'],고백,고백,"128,453",31356458
21,-2,['임한별'],이별하러 가는 길,이별하러 가는 길,"118,135",31304766
22,-2,['숀 (SHAUN)'],Way Back Home,Take,"285,361",31151836
23,-12,['비투비'],아름답고도 아프구나,HOUR MOMENT,"149,025",31417922
24,-10,['EXO'],Tempo,DON`T MESS UP MY TEMPO - The 5th Album,"186,564",31399721
25,-10,['임창정'],하루도 그대를 사랑하지 않은 적이 없었다,하루도 그대를 사랑하지 않은 적이 없었다,"149,555",31316695
26,-4,['벤'],열애중,RECIPE,"171,760",31062863
27,+5,['방탄소년단'],IDOL,LOVE YOURSELF 結 `Answer`,"285,935",31266290
28,-3,['Ariana Grande'],"thank u, next","thank u, next","136,966",31402611
29,New,['이소라'],신청곡 (Feat. SUGA of BTS),신청곡 (Feat. SUGA of BTS),"185,421",31571110
30,-7,"['pH-1', 'Kid Milli', '루피(Loopy)']",Good Day (Feat. 팔로알토) (Prod. 코드 쿤스트),쇼미더머니 777 Episode 1,"154,791",31340985
31,New,['엠씨더맥스'],사계 (하루살이),Circular,"102,152",31532642
32,+1,['닐로(Nilo)'],지나오다,About You,"218,050",30699142
33,New,['장덕철'],알았다면,알았다면,"42,836",31510409
34,New,['Apink (에이핑크)'],%%(응응),PERCENT,"42,007",31542508
35,+4,['BLACKPINK'],뚜두뚜두 (DDU-DU DDU-DU),SQUARE UP,"211,587",31131273
36,-20,['Wanna One (워너원)'],봄바람,1¹¹=1 (POWER OF DESTINY),"141,255",31433084
37,New,['숀 (SHAUN)'],습관 (Bad Habits),안녕,"36,492",31526249
38,-1,['IZ*ONE (아이즈원)'],라비앙로즈 (La Vie en Rose),COLOR*IZ,"106,144",31388213
39,+13,['방탄소년단'],FAKE LOVE,LOVE YOURSELF 轉 `Tear`,"296,567",31085237
40,+8,['노을'],너는 어땠을까,별,"87,019",31403156
41,-23,['Queen'],Bohemian Rhapsody (2011 Remaster),Greatest Hits (2011 Remaster),"102,544",3087601
42,-1,['양다일'],미안해,inside,"166,030",30809895
43,-14,['로이킴'],우리 그만하자,우리 그만하자,"122,365",31314142
44,-4,['선미'],사이렌 (Siren),WARNING,"119,544",31286161
45,-14,['펀치 (Punch)'],헤어지는 중,헤어지는 중,"113,101",31302310
46,-4,['아이유'],밤편지,밤편지,"352,400",30314784
47,+10,['방탄소년단'],봄날,YOU NEVER WALK ALONE,"459,265",30244931
48,-5,['폴킴'],비,비,"241,281",8235260
49,-21,['로꼬'],시간이 들겠지 (Feat. Colde),시간이 들겠지,"116,371",31344113
50,-16,"['저스디스 (JUSTHIS)', 'Kid Milli', 'NO:EL', '양홍원']",IndiGO,IM,"111,291",31144690
51,-5,['TWICE (트와이스)'],Dance The Night Away,Summer Nights,"157,718",31175119
52,-7,['먼데이 키즈 (Monday Kiz)'],가을 안부,가을 안부,"144,538",30669593
53,+33,['오반'],행복,행복,"89,783",31470006
54,-4,['비투비'],너 없인 안 된다,THIS IS US,"168,985",31133898
55,-1,"['기리보이', 'Kid Milli', 'NO:EL', '스윙스']",flex (Prod. By 기리보이),Dingo X Indigo Music,"145,556",31219546
56,-43,['김동률'],동화 (feat. 아이유),동화 (feat. 아이유),"59,975",31478848
57,New,['하진'],We all lie,SKY 캐슬 OST Part.4,"78,643",31486544
58,New,['여자친구 (GFRIEND)'],해야 (Sunrise),여자친구 The 2nd Album `Time for us`,"60,236",31556500
59,+12,['방탄소년단'],DNA,LOVE YOURSELF 承 `Her`,"359,651",30637982
60,-5,['비투비'],그리워하다,Brother Act.,"237,632",30672529
61,+7,['방탄소년단'],I`m Fine,LOVE YOURSELF 結 `Answer`,"192,327",31266289
62,-1,['로이킴'],그때 헤어지면 돼,그때 헤어지면 돼,"191,619",30884950
63,-10,['iKON'],이별길 (GOODBYE ROAD),NEW KIDS : THE FINAL,"88,874",31331745
64,-29,['마마무(Mamamoo)'],Wind flower,BLUE;S,"61,648",31457611
65,-29,['Zion.T'],멋지게 인사하는 법 (Feat. 슬기 of Red Velvet),ZZZ,"89,749",31356451
66,-22,['다비치'],꿈처럼 내린,뷰티 인사이드 OST Part.3,"47,395",31356799
67,-7,['Sia'],Snowman,Everyday Is Christmas (Deluxe),"122,091",30717645
68,+16,['방탄소년단'],Euphoria,LOVE YOURSELF 結 `Answer`,"189,391",31266282
69,New,['EXO'],트라우마 (Trauma),LOVE SHOT - The 5th Album Repackage,"74,778",31492321
70,+19,['iKON'],사랑을 했다 (LOVE SCENARIO),Return,"289,898",30859584
71,New,['케이시 (Kassy)'],그때가 좋았어,그때가 좋았어,"191,840",31524320
72,-25,['EXO'],Gravity,DON`T MESS UP MY TEMPO - The 5th Album,"99,799",31399726
73,-8,['Wanna One (워너원)'],에너제틱 (Energetic),1X1=1(TO BE ONE),"297,841",30568338
74,New,['EXO'],Wait,LOVE SHOT - The 5th Album Repackage,"76,863",31492322
75,+17,['방탄소년단'],Answer : Love Myself,LOVE YOURSELF 結 `Answer`,"179,276",31266291
76,New,['god'],"길 (Song by 아이유, 헨리, 조현아, 양다일)",THEN & NOW,"42,039",31551385
77,+10,['방탄소년단'],전하지 못한 진심 (Feat. Steve Aoki),LOVE YOURSELF 轉 `Tear`,"227,713",31085238
78,-14,['EXO'],Universe,"Universe - 겨울 스페셜 앨범, 2017","189,195",30806536
79,-23,['EXO'],닿은 순간 (Ooh La La La),DON`T MESS UP MY TEMPO - The 5th Album,"95,683",31399725
80,New,['우디 (Woody)'],이 노래가 클럽에서 나온다면,이 노래가 클럽에서 나온다면,"113,505",31576009
81,-30,['수퍼비'],수퍼비와 (Feat. BewhY) (Prod. BewhY),쇼미더머니 777 Semi Final,"64,129",31399795
82,-15,['Wanna One (워너원)'],Beautiful,1-1=0 (NOTHING WITHOUT YOU),"238,187",30725482
83,-45,['Red Velvet (레드벨벳)'],RBB (Really Bad Boy),RBB - The 5th Mini Album,"65,929",31460625
84,-22,['EXO'],24/7,DON`T MESS UP MY TEMPO - The 5th Album,"95,187",31399728
85,New,['폴킴'],사랑 알 수 없나봐,WHY : 당신이 연인에게 차인 진짜 이유 OST - Part.3,"35,744",31496140
86,-17,['EXO'],Sign,DON`T MESS UP MY TEMPO - The 5th Album,"91,099",31399724
87,-17,['EXO'],여기 있을게 (Smile On My Face),DON`T MESS UP MY TEMPO - The 5th Album,"88,838",31399731
88,+3,['에일리'],첫눈처럼 너에게 가겠다,도깨비 OST Part.9,"298,833",30190630
89,New,['방탄소년단'],Epiphany,LOVE YOURSELF 結 `Answer`,"149,667",31266288
90,-18,['볼빨간사춘기'],여행,Red Diary Page.2,"228,707",31093710
91,-13,['장덕철'],그날처럼,그날처럼,"228,023",30755375
92,-17,['Wanna One (워너원)'],BOOMERANG (부메랑),0+1=1 (I PROMISE YOU),"148,018",30960341
93,New,['방탄소년단'],Anpanman,LOVE YOURSELF 轉 `Tear`,"169,020",31085244
94,-15,['EXO'],Damage,DON`T MESS UP MY TEMPO - The 5th Album,"84,786",31399730
95,-65,['Ariana Grande'],Santa Tell Me,Santa Tell Me,"146,279",5475060
96,-13,['멜로망스'],선물,Moonlight,"288,466",30514366
97,-23,['EXO'],가끔 (With You),DON`T MESS UP MY TEMPO - The 5th Album,"85,358",31399727
98,New,['엠씨더맥스'],시간을 견디면,Circular,"16,770",31532644
99,-23,['EXO'],후폭풍 (Bad Dream),DON`T MESS UP MY TEMPO - The 5th Album,"84,117",31399729
100,-20,['Wanna One (워너원)'],켜줘 (Light),1÷χ=1 (UNDIVIDED),"136,872",31113240
