﻿rank,rank_change,singer,title,album,like,song_code
1,New,"['김하온 (HAON)', '빈첸 (VINXEN)']",바코드 (Prod. GroovyRoom),고등래퍼2 팀대항전 Part 3,"140,499",30989550
2,New,['닐로(Nilo)'],지나오다,About You,"218,050",30699142
3,+2,['BIGBANG'],꽃 길,꽃 길,"182,735",30948698
4,-2,['마마무(Mamamoo)'],별이 빛나는 밤,Yellow Flower,"161,862",30937275
5,-4,['iKON'],사랑을 했다 (LOVE SCENARIO),Return,"289,898",30859584
6,+17,['멜로망스'],You,투유 프로젝트 - 슈가맨2 Part.2,"158,262",30849733
7,New,['TWICE (트와이스)'],What is Love?,What is Love?,"138,442",31006730
8,New,['WINNER'],EVERYDAY,EVERYD4Y,"137,151",30997649
9,-6,['모모랜드 (MOMOLAND)'],뿜뿜,GREAT!,"143,998",30816860
10,-6,['장덕철'],그날처럼,그날처럼,"228,023",30755375
11,+6,['이수 (엠씨 더 맥스)'],My Way,돈꽃 OST Part.1,"138,560",30721801
12,+21,"['Rohann (이로한)', '오담률 (CHIN CHILLA)']",북 (Prod. SLO),고등래퍼2 팀대항전 Part.1,"88,897",30957524
13,-6,['로이킴'],그때 헤어지면 돼,그때 헤어지면 돼,"191,619",30884950
14,-8,['헤이즈 (Heize)'],Jenga (Feat. Gaeko),바람,"102,206",30939452
15,-6,['Fitz & The Tantrums'],HandClap,Fitz and The Tantrums (Deluxe),"179,842",8111603
16,New,['김하온 (HAON)'],붕붕 (Feat. 식케이) (Prod. GroovyRoom),고등래퍼2 Final,"156,487",31019584
17,+69,"['김하온 (HAON)', '박준호 (PULLIK)']",어린 왕자 (Prod. Godic),고등래퍼2 팀대항전 Part.2,"86,193",30974156
18,-8,['청하'],Roller Coaster,Offset,"163,543",30844118
19,-7,['멜로망스'],선물,Moonlight,"288,466",30514366
20,+61,['용준형'],소나기 (Feat. 10cm),소나기 (Feat. 10cm),"141,636",30970444
21,New,"['로꼬', '화사(Hwa Sa)']",주지마,건반 위의 하이에나 Part.4,"176,149",31035061
22,-11,['Camila Cabello'],Havana (Feat. Young Thug),Camila,"183,713",30567963
23,+33,['Wanna One (워너원)'],BOOMERANG (부메랑),0+1=1 (I PROMISE YOU),"148,017",30960341
24,-16,['Red Velvet (레드벨벳)'],Bad Boy,The Perfect Red Velvet - The 2nd Album Repackage,"165,093",30864993
25,-11,['문문 (MoonMoon)'],비행운,LIFE IS BEAUTY FULL,"201,282",30086173
26,-4,['길구봉구'],이 별,Star,"141,354",30637776
27,-3,['먼데이 키즈 (Monday Kiz)'],가을 안부,가을 안부,"144,538",30669593
28,New,"['Rohann (이로한)', 'ASH ISLAND']","Like It (Feat. 행주, 보이비)",고등래퍼2 팀대항전 Part.2,"46,827",30974158
29,-9,['펀치 (Punch)'],밤이 되니까,밤이 되니까,"175,362",30659630
30,-12,['DEAN'],instagram,instagram,"208,342",30806580
31,-15,['정승환'],눈사람,그리고 봄,"178,077",30877002
32,-17,['Wanna One (워너원)'],약속해요 (I.P.U.),0+1=1 (I PROMISE YOU),"157,270",30930312
33,-20,['헤이즈 (Heize)'],내가 더 나빠,바람,"59,121",30939454
34,New,['빈첸 (VINXEN)'],전혀 (Feat. 우원재) (Prod. GroovyRoom),고등래퍼2 Final,"83,496",31019586
35,New,['빈첸 (VINXEN)'],탓 (Prod. BOYCOLD),고등래퍼2 Semi Final,"60,927",31004548
36,-11,['TWICE (트와이스)'],Heart Shaker,Merry & Happy,"139,615",30781481
37,-7,['포맨'],눈 떠보니 이별이더라,REMEMBER ME,"94,809",30690674
38,-12,['윤종신'],좋니,LISTEN 010 좋니,"326,753",30486509
39,-8,['Ed Sheeran'],Shape of You,÷ (Deluxe),"275,774",30188113
40,-11,['박원'],all of my life,0M,"212,893",30550388
41,New,['EXO-CBX (첸백시)'],花요일 (Blooming Day),Blooming Days - The 2nd Mini Album,"120,975",31009483
42,-21,['볼빨간사춘기'],#첫사랑,#첫사랑,"107,361",30829858
43,-8,['아이유'],밤편지,밤편지,"352,400",30314784
44,New,['닐로(Nilo)'],넋두리,넋두리,"104,743",9642570
45,-17,['Wanna One (워너원)'],Beautiful,1-1=0 (NOTHING WITHOUT YOU),"238,187",30725482
46,-10,['우원재'],시차 (We Are) (Feat. 로꼬 & GRAY),시차 (We Are),"265,655",30613202
47,-8,['헤이즈 (Heize)'],비도 오고 그래서 (Feat. 신용재),/// (너 먹구름 비),"241,349",30492279
48,-14,['방탄소년단'],DNA,LOVE YOURSELF 承 `Her`,"359,651",30637982
49,-30,['선미'],주인공,주인공,"94,766",30838076
50,New,['Rohann (이로한)'],"이로한 (Feat. ELO, Jessi) (Prod. Padi)",고등래퍼2 Final,"57,228",31019585
51,-14,['Wanna One (워너원)'],에너제틱 (Energetic),1X1=1(TO BE ONE),"297,841",30568338
52,New,['폴킴'],"모든 날, 모든 순간 (Every day, Every Moment)",`키스 먼저 할까요?` OST Part.3,"318,708",30962526
53,-15,['TWICE (트와이스)'],LIKEY,twicetagram,"137,634",30700708
54,-22,['비투비'],그리워하다,Brother Act.,"237,633",30672529
55,-11,['방탄소년단'],봄날,YOU NEVER WALK ALONE,"459,265",30244931
56,-4,['Red Velvet (레드벨벳)'],빨간 맛 (Red Flavor),The Red Summer - Summer Mini Album,"218,918",30512671
57,+28,['문문 (MoonMoon)'],결혼,이번 생은 처음이라 OST Part.4,"74,506",30689468
58,+6,['WINNER'],REALLY REALLY,FATE NUMBER FOR,"220,676",30341745
59,+19,['버스커 버스커'],벚꽃 엔딩,버스커 버스커 1집,"343,125",3753304
60,+1,['양다일'],미안해,inside,"166,030",30809895
61,-16,['볼빨간사춘기'],썸 탈꺼야,Red Diary Page.1,"177,700",30657307
62,-9,['멜로망스'],짙어져,Yellow OST Part.2,"82,495",30667988
63,-16,['Shawn Mendes'],There`s Nothing Holdin` Me Back,Illuminate (Deluxe),"157,771",30380953
64,-16,['박원'],노력,1/24,"159,526",30099927
65,-7,['Imagine Dragons'],Thunder,Evolve,"135,125",30393293
66,New,['김하온 (HAON)'],Adios (Prod. BOYCOLD),고등래퍼2 Semi Final,"41,516",31004550
67,-26,['나얼'],기억의 빈자리,기억의 빈자리,"114,162",30757693
68,-13,['길구봉구'],바람이 불었으면 좋겠어,바람이 불었으면 좋겠어,"117,129",4383833
69,-18,['에일리'],첫눈처럼 너에게 가겠다,도깨비 OST Part.9,"298,833",30190630
70,New,['오담률 (CHIN CHILLA)'],"Young Wave (Feat. 행주, 보이비)",고등래퍼2 팀대항전 Part 3,"27,414",30989546
71,-17,['BLACKPINK'],마지막처럼,마지막처럼,"183,859",30481578
72,-29,"['민서', '윤종신']",좋아,2017 월간 윤종신 11월호,"135,224",30729198
73,-5,['박보람'],애쓰지 마요,애쓰지 마요,"63,740",30889749
74,+25,"['HIGH4 (하이포)', '아이유']",봄 사랑 벚꽃 말고,봄 사랑 벚꽃 말고,"175,989",4579468
75,-25,['허각'],바보야,바보야,"66,238",30753213
76,-34,['Red Velvet (레드벨벳)'],피카부 (Peek-A-Boo),Perfect Velvet - The 2nd Album,"150,287",30736437
77,-12,['EXO'],Universe,"Universe - 겨울 스페셜 앨범, 2017","189,195",30806536
78,-51,['헤이즈 (Heize)'],괜찮냐고,바람,"46,840",30939453
79,New,['10CM'],봄이 좋냐??,3.2,"142,166",8124417
80,-31,['어반자카파'],"그때의 나, 그때의 우리","그때의 나, 그때의 우리","103,678",30709103
81,New,['Wanna One (워너원)'],GOLD,0+1=1 (I PROMISE YOU),"73,524",30960340
82,New,['Wanna One (워너원)'],너의 이름을,0+1=1 (I PROMISE YOU),"72,296",30960344
83,-16,['The Chainsmokers'],Closer (Feat. Halsey),Collage EP,"194,852",8287788
84,New,['WINNER'],AIR,EVERYD4Y,"53,965",30997650
85,-39,['김동률'],답장,답장,"86,216",30833270
86,-17,['방탄소년단'],고민보다 Go,LOVE YOURSELF 承 `Her`,"204,933",30637988
87,-47,['수지 (SUZY)'],다른사람을 사랑하고 있어,Faces of Love,"74,588",30851703
88,-25,['볼빨간사춘기'],나의 사춘기에게,Red Diary Page.1,"214,356",30657311
89,New,['Carla Bruni'],Stand By Your Man (JTBC 드라마 밥 잘 사주는 예쁜 누나 삽입곡),French Touch,"45,681",30662444
90,New,['Wanna One (워너원)'],보여,0+1=1 (I PROMISE YOU),"72,949",30960343
91,-32,['선미'],가시나,SUNMI SPECIAL EDITION `가시나`,"154,568",30587846
92,New,['EXID'],내일해,내일해,"23,254",30990167
93,New,['Wanna One (워너원)'],약속해요 (고백 Ver.),0+1=1 (I PROMISE YOU),"68,536",30960345
94,-12,['로꼬'],나타나줘 (Feat. 박재범),나타나줘,"44,508",30951305
95,-33,['다비치'],너 없는 시간들,&10,"59,593",30859636
96,-36,['에픽하이 (EPIK HIGH)'],연애소설 (Feat. 아이유),WE`VE DONE SOMETHING WONDERFUL,"144,025",30688500
97,New,['EXO-CBX (첸백시)'],Playdate,Blooming Days - The 2nd Mini Album,"63,588",31009487
98,-41,['종현 (JONGHYUN)'],Lonely (Feat. 태연),종현 소품집 `이야기 Op.2`,"209,973",30383758
99,-27,['EXO'],Ko Ko Bop,THE WAR - The 4th Album,"323,115",30529996
100,New,['멜로망스'],욕심,욕심,"71,252",31046548
