﻿rank,rank_change,singer,title,album,like,song_code
1,New,['비'],널 붙잡을 노래,Back To The Basic,"12,092",2626610
2,+69,['애프터스쿨'],뱅(Bang) !,Bang!,"9,712",2621364
3,+16,['소녀시대 (GIRLS` GENERATION)'],Run Devil Run,`Run Devil Run` The 2nd Album (Repackage),"16,381",2611648
4,+19,['2AM'],잘못했어,잘못했어,"6,747",2609744
5,+69,['브라운 아이드 소울'],비켜줄께,비켜줄께 / Blowin My Mind,"16,628",2621349
6,-5,['티아라'],너 때문에 미쳐,Breaking Heart (Repackage),"15,543",2587788
7,-5,['카라'],루팡 (Lupin),루팡 (Lupin),"16,144",2579459
8,-5,"['MC몽', '서인영']",Bubble Love,조영수 All Star 2.5,"37,204",2596161
9,+7,['케이윌'],선물 (Feat. 은지원),선물,"20,744",2601592
10,New,['시크릿'],Magic,Secret Time,"7,645",2629049
11,-3,['비스트'],Shock,Shock Of The New Era,"30,578",2593618
12,-3,['디셈버'],배운게 사랑이라,Honesty,"11,430",2596063
13,New,['이효리'],그네 (Feat. 개리 Of 리쌍),H-Logic,180,2631348
14,New,['지아'],나쁜 버릇,나쁜 버릇,"5,117",2623007
15,+9,"['마이티 마우스', '백지영']",사랑이 올까요 (With 백지영),사랑이 올까요 (Digital Single),"12,300",2601848
16,-11,['포맨'],못해 (Feat. 美),The 3rd Generation (Special Album),"67,255",2544949
17,New,['이효리'],Chitty Chitty Bang Bang (Feat. Ceejay Of Freshboyz),H-Logic,"8,937",2640165
18,-11,['아웃사이더'],주변인,주변인 : The Outsider,"10,446",2593649
19,New,['윤하 (YOUNHA)'],말도 안돼,개인의 취향 OST Part.1,"9,622",2627748
20,New,['예성 (YESUNG)'],너 아니면 안돼,신데렐라 언니 OST,"22,231",2627950
21,New,['씨야'],가슴이 뭉클,개인의 취향 OST Part.2,"4,045",2637292
22,+17,['정인'],미워요,정인 From Andromeda,"73,385",2604975
23,+60,['빅마마'],기다리다 미쳐,5,"2,652",2617550
24,-20,['소녀시대 (GIRLS` GENERATION)'],Oh!,`Oh!` The Second Album,"19,594",2554001
25,-14,['이승기'],사랑이 술을 가르쳐 (Feat. 백찬 From 8eight),Shadow (Repackage),"24,819",2546258
26,-20,['2AM'],죽어도 못 보내,죽어도 못 보내,"17,840",2549955
27,New,['길학미'],Super Soul,Super Soul,"1,504",2620650
28,New,['G-DRAGON'],Heartbreaker (Feat. Flo Rida),Shine A Light,"7,622",2626713
29,-16,['언터쳐블'],가슴에 살아 (Feat. 나르샤 Of Brown Eyed Girls),Untouchable Mini Album 2nd,"22,043",2566835
30,+3,['M4'],널 위한 멜로디,The Story Of M4,"9,757",2590471
31,+65,['은지원'],술김에...,술김에...,"5,487",2617540
32,-5,['에픽하이 (EPIK HIGH)'],Run,Epilogue,"9,948",2600849
33,New,['용감한 형제'],슬픈 음악 (With V.O.S.),슬픈음악,514,2630748
34,-24,['민경훈'],아프니까 사랑이죠,재회 (再會),"16,224",2566853
35,-23,['CNBLUE (씨엔블루)'],외톨이야,Bluetory,"23,832",2540268
36,+22,['엠투엠 (M To M)'],괜히 내가,The Soul Of Men,786,2612451
37,New,['JOO'],뒤돌아봐,신데렐라 언니 OST,"7,455",2633352
38,New,['브라운아이드걸스'],Magic (FOI 2010 주제곡),Festa On Ice 2010 스페셜 앨범,716,2634099
39,New,['비'],Hip Song,Back To The Basic,"6,711",2626611
40,-20,['가비엔제이'],해바라기 (Feat. 써니사이드 MJ),해바라기,"27,813",2537464
41,-20,['유키스'],빙글빙글,U-Kiss Only One Album,"1,619",2565275
42,-28,['BIGBANG'],Lollipop Pt.2,Lollipop Pt.2 (Digital Single),"6,986",2584058
43,+26,['데프콘'],래퍼들이 헤어지는 방법 (Feat.구지성),Macho Museum,"6,540",2609656
44,-27,['2AM'],웃어 줄 수 없어서 미안하다,죽어도 못 보내,"6,669",2549956
45,-11,['에이트'],유효기간,유효기간,525,2598413
46,+5,['태사비애'],사랑은 변하지 않아 사람이 변하는 거야 (Duet. 드림걸스),請태사비애가,"2,535",2603649
47,-21,['조pd (ZoPD)'],보란듯이 (Feat.정슬기),보란듯이,"1,184",2585956
48,-30,['2NE1'],날 따라 해봐요,날 따라 해봐요 (Digital Single),"2,319",2572678
49,-34,['V.O.S'],미안합니다.,This Is Voice Of Soul,"1,015",2590566
50,-28,['현아'],Change (Feat. 용준형 From Beast),Change,"9,490",2529931
51,New,['이효리'],"Bring It Back (Feat. 베카 Of 애프터스쿨, 전지윤 Of 포미닛)",H-Logic,84,2641051
52,New,['2PM'],Without U,Don`t Stop Can`t Stop,"5,605",2648642
53,New,['B.o.B'],Nothin` On You (Feat. Bruno Mars),Nothin` On You (Feat. Bruno Mars),"49,701",2610672
54,+3,['부활'],사랑이란건,25th Anniversary : Retrospect Ⅱ,"8,480",2605215
55,New,['민경훈'],It`s Alright,It`s Alright,"2,558",2625085
56,+10,['티아라'],내가 너무 아파,Breaking Heart (Repackage),"4,462",2587789
57,+7,['f(x)'],Thrill Love (스릴 러브),"헝그리 로미오, 럭셔리 줄리엣 (Digital Single)","2,178",2612175
58,-28,['티아라'],처음처럼,Absolute First Album,"13,190",2371261
59,-34,"['씨야', '다비치', '티아라']",원더우먼,원더우먼,"15,550",2534748
60,New,['김태우'],빗물이 내려서,개인의 취향 OST Part.1,"1,055",2627749
61,New,['4minute'],사랑 만들기,개인의 취향 OST Part.3,"2,229",2643809
62,New,['이효리'],I`m Back,H-Logic,87,2641050
63,New,['이효리'],How Did We Get (With 대성),H-Logic,157,2641056
64,New,['제국의아이들 (ZE:A)'],하루종일 (Original Ver.),Leap For Detonation,"1,316",2621449
65,New,['김태우'],그대라는 날개,개인의 취향 OST Part.4,920,2646465
66,New,['엠투엠 (M To M)'],사랑이 죄겠니,위기일발 풍년빌라 OST Part.2,113,2637971
67,New,['조성모'],사랑받던 날들,사랑받던 날들 (Digital Single),172,2633252
68,-40,"['가인', '조권']",우리 사랑하게 됐어요.,우리 사랑하게 됐어요,"23,590",2511561
69,New,['솔비'],어쩌죠,어쩌죠,363,2634967
70,New,['박명수'],Fyah (Feat. 길),Fyah,939,2632716
71,-42,['소녀시대 (GIRLS` GENERATION)'],별별별 (☆★☆),`Oh!` The Second Album,"8,073",2558735
72,-36,['지아'],술 한잔 해요,술 한잔 해요,"65,987",2425149
73,New,['브라운 아이드 소울'],Blowin My Mind,비켜줄께 / Blowin My Mind,701,2621350
74,New,['이효리'],Love Sign (Feat. 상추 Of 마이티마우스),H-Logic,959,2641048
75,New,['먼데이 키즈 (Monday Kiz)'],흩어져,New Sentimental,"4,896",2650539
76,-3,['Supreme Team'],Step Up,Supremier,"3,109",2612766
77,New,['이효리'],Highlight (Feat. Bizzy),H-Logic,59,2641052
78,New,"['현아', '낯선']",황야의 무법자,E-Tribe Project Album (201004),638,2646084
79,-11,['Kesha'],TiK ToK,Animal,"1,139",2530461
80,-49,['빅마마'],하루만,하루만 (Digital Single),551,2586103
81,-5,['Lady GaGa'],Telephone (Feat. Beyonce),The Fame Monster,"13,456",2363261
82,New,['이효리'],Scandal,H-Logic,963,2641053
83,+11,['양정승'],밤하늘의 별을... (With KCM & No Noo),Generation,"56,716",2566458
84,New,['이효리'],Feel The Same,H-Logic,80,2641049
85,-45,['임재범'],낙인,추노 OST,"29,380",2535055
86,New,['김동희'],내일 다시 말해요,내일 다시 말해요,632,2643725
87,-55,['은지원'],160 (Feat. 이수근),Platonic,"5,440",2388949
88,-50,['애프터스쿨'],너 때문에,너 때문에,"16,701",2366796
89,New,['먼데이 키즈 (Monday Kiz)'],Goodbye My Princess,검사 프린세스 OST,"4,771",2643659
90,-49,['TraxX (트랙스)'],가슴이 차가운 남자 (Let You Go),가슴이 차가운 남자,"9,351",2552034
91,New,['2AM'],바보처럼,개인의 취향 OST,"2,926",2651832
92,New,['이효리'],Get 2 Know (Feat. Double K),H-Logic,"1,695",2641058
93,-18,['Kesha'],Blah Blah Blah (Feat. 3OH!3),Blah Blah Blah,516,2593215
94,-57,['티아라'],Bo Peep Bo Peep,Absolute First Album,"9,283",2371262
95,-60,['김종국'],이 사람이다,Eleventh Story,"8,671",2542748
96,-5,['포맨'],Baby Baby,Baby Baby + 4MEN,"35,919",2596149
97,New,['이효리'],Memory (Feat. Bizzy),H-Logic,74,2641059
98,-51,['윤하 (YOUNHA)'],오늘 헤어졌어요,3rd Album Part.B `Growing Season`,"61,183",2425271
99,-53,['비스트'],Mystery,Beast Is The B2ST,"18,351",2320882
100,-18,['Beyonce'],Honesty,I Am... Sasha Fierce (Platinum Edition),"11,513",2291014
