﻿rank,rank_change,singer,title,album,like,song_code
1,+15,['아이유'],Someday,드림하이 OST Part.1,"21,502",3088249
2,+6,['시크릿'],샤이보이,샤이보이,"13,356",3089448
3,+69,['지나'],Black & White,Black & White,"13,964",3111583
4,+67,['마이티 마우스'],톡톡 (Tok Tok) (Feat. SOYA),Mighty Fresh,"16,623",3110565
5,+19,['정용화 (CNBLUE)'],처음 사랑하는 연인들을 위해 (반말송),처음 사랑하는 연인들을 위해 (부제: 반말송),"28,575",3106066
6,-5,['아이유'],좋은 날,Real,"105,845",3051244
7,New,"['김범수', '태연 (TAEYEON)']",달라,달라,"10,189",3128548
8,+47,['케이윌'],기가 차 (Feat. 슈프림팀 ＆ 씨스타),기가 차,"4,239",3116963
9,+45,['승리'],어쩌라고,승리 1st Mini Album V.V.I.P,"6,983",3107348
10,+52,['나비'],잘 된 일이야,Hello,"33,052",3110148
11,-7,['현빈'],그남자,시크릿 가든 OST Part.5,"16,810",3096032
12,-10,['GD&TOP'],Oh Yeah (Feat. 박봄),GD&TOP 정규앨범 1집,"25,609",3065250
13,-10,['GD&TOP'],High High,GD&TOP 정규앨범 1집,"25,932",3065249
14,+86,['김보경 (NEON)'],하루하루,The First Day,"20,299",3118780
15,+18,['오스카'],눈물자리,시크릿 가든 오스카 싱글 OST,"4,845",3106048
16,+2,['동방신기 (TVXQ!)'],왜 (Keep Your Head Down),왜 (Keep Your Head Down),"11,806",3089348
17,New,"['이창민', '진운']",사랑하면 안될까,드림하이 OST Part.6,"4,777",3132048
18,New,['아이유'],나만 몰랐던 이야기,Real+,"89,766",3143550
19,+25,['달샤벳'],Supa Dupa Diva,Supa Dupa Diva,"7,774",3087888
20,New,['박진영'],못 잊은 거죠 (If),드림하이 OST Part.5,"3,301",3129348
21,New,['쥬얼리'],Back It Up,Back It Up,"1,076",3110581
22,+17,['선예 (Wonder Girls)'],Maybe,드림하이 OST Part.2,"10,724",3098048
23,+61,['씨야'],내겐 너무 멋진 그대,See You Again,"5,776",3118474
24,-19,['씨스타'],니까짓게,니까짓게,"10,330",3037051
25,+2,['GD&TOP'],집에 가지마,GD&TOP 정규앨범 1집,"27,968",3065251
26,+25,['엠블랙'],Stay,BLAQ Style,"2,563",3099149
27,-16,['JOO'],나쁜 남자,Heartmade,"16,142",3089992
28,New,['이현'],내꺼중에 최고,내꺼중에 최고,"13,884",3138749
29,+41,['수지 (SUZY)'],겨울아이,드림하이 OST Part.4,"9,105",3114672
30,+15,['가비엔제이'],라떼 한잔 (Feat.길미),라떼 한잔,"1,534",3101348
31,-21,['태연 (TAEYEON)'],사랑해요 (I Love You),`사랑해요` 아테나 OST,"27,701",3059926
32,-23,['박효신'],사랑이 고프다 (I Promise You),Gift (Part.2),"24,695",3059678
33,-10,['아이유'],이게 아닌데,Real,"30,692",3053253
34,New,['이해리 (다비치)'],그때 난 사는거야,그때 난 사는거야,"14,081",3125448
35,New,"['장혜진', '먼데이 키즈 (Monday Kiz)', '시몬']",눈물을 움켜쥐고,보이스원,"2,339",3132763
36,New,['승리'],V.V.I.P,승리 1st Mini Album V.V.I.P,"5,148",3116348
37,-31,['성시경'],너는 나의 봄이다,시크릿 가든 OST Part.4,"30,314",3079872
38,-26,['GD&TOP'],뻑이가요,GD&TOP 정규앨범 1집,"12,228",3065253
39,-26,['티아라'],왜 이러니,왜 이러니,"8,606",3037048
40,-10,['허각'],행복한 나를 (Feat. 존박),허각 1st 미니앨범,"38,334",3026178
41,New,['김수현'],Dreaming,드림하이 OST,"17,829",3140874
42,New,['아이유'],잔혹동화,Real+,"21,378",3145655
43,-22,"['태연 (TAEYEON)', 'The One (더원)']",별처럼,별처럼,"40,469",3028777
44,-37,['백지영'],그여자,시크릿 가든 OST Part.1,"19,971",3018898
45,-26,['신용재'],이유,시크릿 가든 OST Part.3,"31,393",3040227
46,-32,['티아라'],yayaya,Vol.2 Temptastic,"5,155",3043748
47,New,['나몰라패밀리JW'],헤어진 두사람 (Feat. 태인),헤어진 두사람,"1,127",3135248
48,-28,['브라운 아이드 소울'],똑같다면,Browneyed Soul,"30,515",3037107
49,New,"['티아라', '용감한 형제']",뷰티풀 걸 (Feat. 일렉트로 보이즈),Beautiful Girl,"1,229",3136448
50,New,['가희'],돌아와 나쁜 너,돌아와 나쁜 너,"1,365",3139048
51,+17,['부활'],비밀 (Special Vocal. 박완규),부활 Collaboration Project `+ (plus)` / +1,"20,935",3108907
52,New,['양정승'],밤하늘의 별을 3 (Feat. 김하늘),밤하늘의 별을 3,"3,965",3132748
53,New,"['택연', '닉쿤 (2PM)']",My Valentine (Feat. 박진영),드림하이 OST,"3,298",3140867
54,New,"['화요비', '태하']",같이 있어줘,같이 있어줘,"3,797",3136652
55,New,['배다해'],어떻게 니가,어떻게 니가,299,3135448
56,New,['신지 (SHINJI)'],여자를 울렸으니까,여자를 울렸으니까,363,3137648
57,New,['일 락'],장난친거니 (Feat. 아웃사이더),장난친거니,189,3124733
58,New,['MC 스나이퍼'],Break Away (Feat. Room9),Break Away,"3,411",3124548
59,-31,['소녀시대 (GIRLS` GENERATION)'],훗 (Hoot),`훗 (Hoot)` The 3rd Mini Album,"15,621",2987448
60,New,['플라워'],You Are My Everything,Everything Inside Of Me,"1,723",3141291
61,-39,"['포맨', '미(MIIII)']",Here I Am,시크릿 가든 OST Part.1,"2,990",3018899
62,-47,"['제아', '지오 (G.O)']",니가 따끔거려서,니가 따끔거려서,"4,181",3081554
63,+11,"['택연', '장우영', '수지 (SUZY)', '김수현', 'JOO']",드림하이,드림하이 OST Part.1,"15,682",3088248
64,+17,"['Yolanda Be Cool', 'Dcup']",We No Speak Americano (Radio Edit) (SKT T월드 CF 삽입곡),We No Speak Americano,"10,194",2944372
65,New,['BIGBANG'],TONIGHT,빅뱅 미니앨범 4집,"36,244",3156950
66,+21,['틴탑'],Supa Luv,Transform,"6,224",3098215
67,New,['이현'],악담,악담,"1,188",3131861
68,New,['간미연'],파파라치 (Feat. 에릭),Watch,"7,191",3145784
69,-43,['카라'],점핑 (Jumping),점핑,"8,709",3013948
70,+16,['인피니트'],BTD (Before The Dawn),Evolution,"27,792",3093260
71,-54,['지아'],가지 말아요,겨울에 내리는 눈물,"1,850",3076363
72,-35,"['Supreme Team', '영준 (브라운 아이드 소울)']",그땐 그땐 그땐,Ames Room,"79,598",2951700
73,New,['SG 워너비'],그대를 사랑합니다,욕망의 불꽃 OST Vol.4,"1,352",3116972
74,-1,['서영은'],우리 사랑이 뭐 이래요,우리 사랑이 뭐 이래요,"1,437",3105862
75,New,['태사비애'],당신께 이노래를 불러 드릴께요,당신께 이노래를 불러 드릴께요,"1,857",3126371
76,-44,['오렌지 캬라멜'],아잉♡,아잉♡,"11,392",3025148
77,-48,['허각'],언제나,언제나,"20,546",3006873
78,New,"['이특 (LEETEUK)', '크리스탈 (KRYSTAL)']",투정,일밤 오늘을 즐겨라 발라드 프로젝트,"1,234",3129078
79,-45,['비스트'],Beautiful,Lights Go On Again,"26,121",3014305
80,New,"['견우', '서인영']",애인만들기,애인만들기,"1,189",3145948
81,New,['Lady GaGa'],Born This Way,Born This Way,"7,701",3139172
82,New,['Avril Lavigne'],What The Hell,What The Hell,"14,882",3100891
83,New,['HUS (허밍어반스테레오)'],넌 그날 (Feat. 유인나),그날,"9,775",3133334
84,-59,['가인'],Bad Temper,Bad Temper,"5,000",3072169
85,New,['BIGBANG'],WHAT IS RIGHT,빅뱅 미니앨범 4집,"22,315",3156952
86,-44,"['김지수', '박보람']",같이 살자,야차 Meets 슈퍼스타K2,"9,218",3078751
87,New,['BIGBANG'],CAFE,빅뱅 미니앨범 4집,"46,726",3156953
88,New,['San E'],어떤이의 꿈 (Feat. 소향 Of POS),드림하이 OST Part.3,"1,243",3109649
89,New,['J.Lee'],Let`s Dance,Let`s Dance,519,3127770
91,New,['Jessie J'],Price Tag (Feat. B.o.B.),Price Tag,"36,892",3129966
92,New,['박정민'],Not Alone,Not Alone,836,3035367
93,-45,['아이유'],첫 이별 그날 밤,Real,"78,619",3053257
94,-58,['2AM'],전활 받지 않는 너에게,Saint o`clock,"22,513",2979880
95,New,['BIGBANG'],HANDS UP,빅뱅 미니앨범 4집,"10,911",3156949
96,-6,['소녀시대 (GIRLS` GENERATION)'],비주얼드림 (POP! POP!) - Intel 콜라보레이션송,비주얼 드림 (POP! POP!) - Intel 콜라보레이션,"2,238",3110248
97,-62,['김범수'],나타나,시크릿 가든 OST Part.2,"12,052",3030884
98,New,['BIGBANG'],SOMEBODY TO LOVE,빅뱅 미니앨범 4집,"13,581",3156951
99,-47,['먼데이 키즈 (Monday Kiz)'],사랑해 그리고 기억해,Nostalgia,"4,736",3092649
100,New,['양요섭'],그 사람을 아껴요,마이 프린세스 OST Part.2,"15,334",3133103
