﻿rank,rank_change,singer,title,album,like,song_code
1,+82,['SURAN (수란)'],오늘 취하면 (Feat. 창모) (Prod. SUGA),WINE,"196,742",30390068
2,+10,['아이유'],팔레트 (Feat. G-DRAGON),Palette,"214,540",30378156
3,New,['싸이 (PSY)'],I LUV IT,PSY 8th 4X2=8,"75,358",30403589
4,-1,['WINNER'],REALLY REALLY,FATE NUMBER FOR,"220,672",30341745
5,New,['싸이 (PSY)'],New Face,PSY 8th 4X2=8,"87,706",30403590
6,New,['언니쓰'],맞지?,언니들의 슬램덩크 시즌 2,"97,674",30408193
7,-6,['아이유'],사랑이 잘 (With 오혁),사랑이 잘,"169,968",30349593
8,+11,"['효린', '창모 (CHANGMO)']",BLUE MOON (Prod. GroovyRoom),BLUE MOON,"145,243",30367365
9,+64,['혁오 (HYUKOH)'],TOMBOY,23,"147,397",30383949
10,New,['TWICE (트와이스)'],SIGNAL,SIGNAL,"122,471",30413326
11,-9,['아이유'],밤편지,밤편지,"352,395",30314784
12,+12,['Ed Sheeran'],Shape of You,÷ (Deluxe),"275,772",30188113
13,-9,"['마크툽 (MAKTUB)', '구윤회']",Marry Me,마크툽 프로젝트 Vol.03,"172,878",4786735
14,-9,['에일리'],첫눈처럼 너에게 가겠다,도깨비 OST Part.9,"298,831",30190630
15,-9,['TWICE (트와이스)'],KNOCK KNOCK,TWICEcoaster : LANE 2,"161,128",30261007
16,-6,['지코 (ZICO)'],She`s a Baby,She`s a Baby,"73,158",30355842
17,+26,['아이유'],이런 엔딩,Palette,"145,900",30378157
18,+27,['아이유'],이 지금,Palette,"126,361",30378155
19,-10,['볼빨간사춘기'],좋다고 말해,Full Album RED PLANET `Hidden Track`,"191,503",30163110
20,-13,['하이라이트 (Highlight)'],얼굴 찌푸리지 말아요,CAN YOU FEEL IT?,"122,812",30310862
21,-5,['신현희와김루트'],오빠야,신현희와김루트,"128,164",5605860
22,+25,['창모 (CHANGMO)'],아름다워,돈 벌 시간 2,"149,822",8276709
23,New,['한동근'],미치고 싶다,한동근 1ST ALBUM `Your Diary`,"73,444",30399360
24,-16,['정키'],부담이 돼 (Feat. 휘인 Of 마마무),EMPTY,"123,707",30290011
25,+6,['창모 (CHANGMO)'],마에스트로 (Maestro),돈 벌 시간 2,"104,003",8276708
26,+34,['아이유'],잼잼,Palette,"75,143",30378159
27,-14,['AKMU (악동뮤지션)'],오랜 날 오랜 밤,사춘기 하 (思春記 下),"180,966",30181278
28,+13,['박재범'],"All I Wanna Do (K) (Feat. Hoody, Loco)",EVERYTHING YOU WANTED,"153,915",30049271
29,-11,['방탄소년단'],봄날,YOU NEVER WALK ALONE,"459,261",30244931
30,-9,['볼빨간사춘기'],우주를 줄게,Full Album RED PLANET,"251,441",9620469
31,-11,['볼빨간사춘기'],나만 안되는 연애,Full Album RED PLANET,"178,491",9620473
32,-21,['태연 (TAEYEON)'],Fine,My Voice - The 1st Album,"142,291",30278209
33,-19,['Red Velvet (레드벨벳)'],Rookie,Rookie - The 4th Mini Album,"129,289",30227054
34,-4,['TWICE (트와이스)'],TT,TWICEcoaster : LANE 1,"191,540",30054344
35,-18,['Crush'],Beautiful,도깨비 OST Part 4,"201,764",30157753
36,+6,['BLACKPINK'],불장난,SQUARE TWO,"155,358",30069773
37,+1,['한동근'],그대라는 사치,The 3rd Digital Single `그대라는 사치`,"170,315",9614761
38,-9,['BIGBANG'],에라 모르겠다,MADE,"165,610",30147445
39,-7,['볼빨간사춘기'],심술,Half Album RED ICKLE,"126,723",8155478
40,-13,['정은지'],너란 봄 (Feat. 하림),공간,"48,233",30351579
41,+5,['Justin Bieber'],Love Yourself,Purpose (Deluxe),"210,500",7931286
42,+19,['The Chainsmokers'],Closer (Feat. Halsey),Collage EP,"194,847",8287788
43,-21,['블락비 (Block B)'],YESTERDAY,YESTERDAY,"107,052",30232778
44,New,['PRODUCE 101'],나야 나 (PICK ME),PRODUCE 101 - 나야 나 (PICK ME),"101,207",30294022
45,New,['싸이 (PSY)'],마지막 장면 (Feat. 이성경),PSY 8th 4X2=8,"30,766",30403591
46,-18,['매드클라운'],우리집을 못 찾겠군요 (Feat. 볼빨간사춘기),우리집을 못 찾겠군요,"86,048",30230986
47,New,['싸이 (PSY)'],팩트폭행 (Feat. G-DRAGON),PSY 8th 4X2=8,"19,113",30403595
48,-9,['마마무(Mamamoo)'],Decalcomanie (데칼코마니),MEMORY,"137,839",30079086
49,+15,['엠씨더맥스'],어디에도,pathos,"197,386",8033528
50,-24,['비투비'],MOVIE,Feel`eM,"121,293",30286429
51,+19,['정승환'],너였다면,또 오해영 OST Part.5,"182,137",8203900
52,-8,['한동근'],이 소설의 끝을 다시 써보려 해,The 1st Digital Single `이 소설의 끝을 다시 써보려 해`,"216,535",5398990
53,+33,['아이유'],이름에게,Palette,"151,524",30378164
54,-3,['헤이즈 (Heize)'],돌아오지마 (Feat. 용준형 Of 비스트),돌아오지마,"174,034",8143111
55,+3,['백현 (BAEKHYUN)'],바래다줄게 (Take You Home),바래다줄게 (Take You Home) - SM STATION,"101,563",30367190
56,-21,"['찬열 (CHANYEOL)', '펀치 (Punch)']",Stay With Me,도깨비 OST Part.1,"202,553",30132687
57,-32,"['소유 (SOYOU)', '백현 (BAEKHYUN)']",비가와 (Rain),비가와,"124,035",30247520
58,+4,['DEAN'],D (half moon) (Feat. 개코),130 mood : TRBL,"215,612",8109412
59,-7,['임창정'],내가 저지른 사랑,I`M,"220,823",9631530
60,-11,['볼빨간사춘기'],You(=I),Full Album RED PLANET,"101,611",9620471
61,+15,['박효신'],숨,I am A Dreamer,"200,091",30011624
62,+4,['TWICE (트와이스)'],CHEER UP,PAGE TWO,"215,357",8158031
63,+26,['EXID'],낮보다는 밤,Eclipse,"38,269",30349960
64,-49,['태연 (TAEYEON)'],Make Me Love You,My Voice - The 1st Album Deluxe Edition,"61,008",30343207
65,New,['San E'],모해 (mohae) (Feat. 볼빨간사춘기),모해 (mohae),"24,110",30431400
66,New,"['Charlie Puth', 'Wiz Khalifa']",See You Again (폴 워커 추모 엔딩곡),분노의 질주: 더 세븐 OST,"191,258",5629279
67,-34,['여자친구 (GFRIEND)'],FINGERTIP,여자친구 The 4th Mini Album `THE AWAKENING`,"59,284",30285450
68,New,['싸이 (PSY)'],"BOMB (Feat. B.I, BOBBY)",PSY 8th 4X2=8,"15,858",30403593
69,-12,['어반자카파'],널 사랑하지 않아,스틸,"187,988",8199190
70,+15,['길구봉구'],바람이 불었으면 좋겠어,바람이 불었으면 좋겠어,"117,129",4383833
71,+24,['아이유'],Black Out,Palette,"46,711",30378160
72,New,['싸이 (PSY)'],LOVE (Feat. 태양),PSY 8th 4X2=8,"14,488",30403592
73,-25,['에디킴'],이쁘다니까,도깨비 OST Part.5,"91,869",30169608
74,-34,['Zion.T'],노래,OO,"76,194",30227061
75,-22,['헤이즈 (Heize)'],저 별,저 별,"127,930",30132701
76,New,"['The Chainsmokers', 'Coldplay']",Something Just Like This,Memories...Do Not Open,"143,962",30271730
77,-41,['걸스데이'],I`ll Be Yours,GIRL`S DAY EVERYDAY #5,"32,371",30324427
78,-13,['Red Velvet (레드벨벳)'],러시안 룰렛 (Russian Roulette),Russian Roulette - The 3rd Mini Album,"160,065",9634954
79,-8,['방탄소년단'],피 땀 눈물,WINGS,"275,937",30029173
80,New,['어반자카파'],혼자,혼자,"41,102",30419668
81,-26,['DEAN'],넘어와 (Feat. 백예린),limbo,"101,777",30257703
82,-15,['정승환'],이 바보야,목소리,"120,536",30120986
83,-33,['소유 (SOYOU)'],I Miss You,도깨비 OST Part.7,"98,938",30177818
84,-9,['Sam Smith'],I`m Not The Only One,In The Lonely Hour,"218,003",4660794
85,-51,"['HIGH4 (하이포)', '아이유']",봄 사랑 벚꽃 말고,봄 사랑 벚꽃 말고,"175,988",4579468
86,New,['젝스키스'],아프지 마요,THE 20TH ANNIVERSARY,"39,043",30394259
87,New,['용준형'],그대로일까 (Feat. 헤이즈),WONDER IF,"27,258",30394657
88,-11,['아이오아이 (I.O.I)'],너무너무너무,miss me?,"113,960",30040810
89,-35,"['다이나믹 듀오', '첸 (CHEN)']",기다렸다 가,Mixxxture Project Vol.1,"107,117",30215199
90,-21,['정준일'],첫 눈,도깨비 OST Part.8,"87,755",30178900
91,-68,['버스커 버스커'],벚꽃 엔딩,버스커 버스커 1집,"343,124",3753304
92,-12,['반하나'],그대가 나를 본다면,그대가 나를 본다면,"44,600",4636238
93,-56,['Osshun Gum'],Come For You (Feat. HOMEBOY & FNRL.),고등래퍼 FINAL,"51,351",30337190
94,-35,['WINNER'],FOOL,FATE NUMBER FOR,"73,114",30341746
95,New,['볼빨간사춘기'],처음부터 너와 나,군주 - 가면의 주인 OST Part.2,"136,105",30414090
96,New,['러블리즈'],"지금, 우리","Lovelyz 2nd Album Repackage `지금, 우리`","42,364",30395923
97,New,['BewhY (비와이)'],Dejavu,Dejavu,"17,580",30403070
98,New,['아이유'],마침표,Palette,"46,784",30378161
99,-21,['태연 (TAEYEON)'],11:11,11:11,"140,718",30072072
100,-28,['AOA'],Excuse Me,AOA 1st Album ANGEL`S KNOCK,"42,306",30179099
