﻿rank,rank_change,singer,title,album,like,song_code
1,New,['지코 (ZICO)'],Boys And Girls (Feat. Babylon),Boys and Girls,"148,638",7911687
2,-1,['임창정'],또 다시 사랑,또 다시 사랑,"194,725",7861392
3,+9,['아이유'],스물셋,CHAT-SHIRE,"145,030",7896508
4,-2,['태연 (TAEYEON)'],I (Feat. 버벌진트),I - The 1st Mini Album,"181,677",7877917
5,+1,['Zion.T'],No Make Up,No Make Up,"128,288",7881505
6,New,['포맨'],안아보자,4MEN 1st Live Album,"46,791",7924015
7,+74,['f(x)'],4 Walls,4 Walls - The 4th Album,"78,749",7900822
8,+16,['아이유'],푸르던,CHAT-SHIRE,"120,407",7896509
9,New,['Adele'],Hello,Hello,"149,760",7899235
10,+8,"['소유 (SOYOU)', '브라더수']",모르나봐,그녀는 예뻤다 OST Part.4,"50,378",7884171
11,-6,['iKON'],취향저격,WELCOME BACK,"148,428",7854179
12,-9,['개리'],바람이나 좀 쐐 (Feat. 우혜미),2002,"102,596",7858908
13,New,['오혁'],소녀,응답하라 1988 OST Part.3,"177,372",7942948
14,+37,['아이유'],Zeze,CHAT-SHIRE,"65,799",7896507
15,New,"['San E', '매드클라운']",못먹는 감 (Sour Grapes),못먹는 감,"66,684",7933703
16,New,['TWICE (트와이스)'],OOH-AHH하게,THE STORY BEGINS,"147,272",7891119
17,-13,"['소유 (SOYOU)', '권정열']",어깨,어깨,"79,349",7858989
18,+7,['지아'],가끔,그녀는 예뻤다 OST Part.2,"38,520",7865089
19,New,['다이나믹 듀오'],꿀잼,GRAND CARNIVAL,"21,041",7931723
20,-12,['MINO (송민호)'],겁 (Feat. 태양),쇼미더머니 4 Episode 5,"145,794",5826447
21,+7,['지코 (ZICO)'],"말해 Yes Or No (Feat. PENOMECO, The Quiett)",말해 Yes Or No,"58,518",7888412
22,-6,['여자친구 (GFRIEND)'],오늘부터 우리는 (Me Gustas Tu),여자친구 2nd Mini Album `Flower Bud`,"129,756",5791706
23,New,['이적'],걱정말아요 그대,응답하라 1988 OST Part.2,"160,607",7921208
24,-17,['박경'],보통연애 (Feat. 박보람),보통연애,"102,350",7860122
25,New,['iKON'],지못미,WELCOME BACK,"59,942",7931712
26,+8,['아이유'],새 신발,CHAT-SHIRE,"55,448",7896506
27,+17,['아이유'],무릎,CHAT-SHIRE,"130,310",7896511
28,-8,['빈지노 (Beenzino)'],Break,Break,"70,132",7881233
29,-19,['iKON'],리듬 타 (RHYTHM TA),WELCOME BACK,"67,683",7870705
30,-15,"['MINO (송민호)', '지코 (ZICO)']",Okey Dokey,쇼미더머니 4 Episode 6,"83,967",5835766
31,New,['지코 (ZICO)'],날 (Feat. JTONG),Boys and Girls,"48,311",7911686
32,New,['김필'],청춘 (Feat. 김창완),응답하라 1988 OST Part.1,"81,287",7909196
33,-22,"['이유 갓지(GOD G) 않은 이유 (박명수, 아이유)']",레옹,무한도전 영동고속도로 가요제,"141,006",5826461
34,-20,['Red Velvet (레드벨벳)'],Dumb Dumb,The Red - The 1st Album,"96,462",7847861
35,+21,['아이유'],Red Queen (Feat. Zion.T),CHAT-SHIRE,"43,833",7896510
36,New,['브라운아이드걸스'],신세계,BASIC,"15,222",7915771
37,-24,['태연 (TAEYEON)'],U R,I - The 1st Mini Album,"102,033",7877918
38,New,['EXID'],HOT PINK,HOT PINK,"44,645",7935396
39,-30,"['유재환', 'Lim Kim']",커피 (Prod. by G-Park 박명수),커피 (Prod. by G-Park 박명수),"48,090",7863752
40,-21,"['인크레더블', 'Tablo', '지누션']",오빠차,쇼미더머니 4 Episode 4,"60,219",5818522
41,-15,['혁오 (HYUKOH)'],위잉위잉,20,"174,601",5385974
42,-15,['Zion.T'],양화대교,양화대교,"172,990",5389475
43,-1,['규현 (KYUHYUN)'],밀리언조각 (A Million Pieces),"다시, 가을이 오면 - The 2nd Mini Album","63,969",7886210
44,-27,['에일리'],너나 잘해,VIVID,"27,536",7868989
45,-24,['소녀시대 (GIRLS` GENERATION)'],Lion Heart,Lion Heart - The 5th Album,"78,584",5820368
46,+16,['Sam Smith'],I`m Not The Only One,In The Lonely Hour,"218,002",4660794
47,-0,['허각'],밤을 새 (Feat. 베이식),밤을 새,"15,981",7881449
48,New,['박효신'],기억속의 먼 그대에게,Neo Classicism,"74,824",851429
49,-20,"['Ja Mezz', 'Andup (앤덥)', 'MINO (송민호)']",거북선 (Feat. 팔로알토),쇼미더머니 4 Episode 2,"79,167",5804040
50,-17,['BIGBANG'],뱅뱅뱅 (BANG BANG BANG),A,"192,528",5719286
51,-10,['Zion.T'],꺼내 먹어요,Eat,"151,527",5702706
52,+17,['러블리즈'],Ah-Choo,Lovelyz8,"79,108",7870472
53,-13,['백아연'],이럴거면 그러지말지 (Feat. Young K),이럴거면 그러지말지,"188,156",5704397
54,+18,['아이유'],안경,CHAT-SHIRE,"45,445",7896512
55,-12,['AOA'],심쿵해 (Heart Attack),Heart Attack,"87,469",5748406
56,-21,['마마무(Mamamoo)'],음오아예 (Um Oh Ah Yeh),Pink Funky,"107,676",5743804
57,-4,['엠씨더맥스'],그 남잔 말야,냄새를 보는 소녀 OST Part.5,"74,492",5668985
58,+1,['Maroon 5'],Sugar,V (Deluxe Edition),"178,611",4857981
59,-27,['BIGBANG'],우리 사랑하지 말아요,E,"109,203",5807274
60,-37,"['황태지 (황광희, 태양, 지드래곤)']",맙소사,무한도전 영동고속도로 가요제,"87,278",5824839
61,+19,['XIA (준수)'],꼭 어제,꼭 어제,"48,124",7888413
62,-23,"['린', '하동균', 'J.Lee']",내가 그댈,심폐소생송 Special Album Part.1,"24,568",7866804
63,New,['팔로알토 (Paloalto)'],"거북선 Remix (Feat. G2, B-Free, Okasian & ZICO)",거북선 Remix,"30,153",7902888
64,-42,['플라이 투 더 스카이'],그렇게 됐어,Love & Hate,"36,975",7852842
65,-11,['Crush'],Oasis (Feat. ZICO),Oasis,"142,382",5771304
66,-16,['Adam Levine'],Lost Stars,Begin Again - Music From And Inspired By The Original Motion Picture,"245,845",4743560
67,-15,['비투비'],집으로 가는 길,I Mean,"76,973",7881338
68,+20,['김민승'],쿵쿵쿵,그녀는 예뻤다 OST Part.1,"29,345",7863754
69,-11,['BIGBANG'],IF YOU,D,"162,700",5760115
70,New,['iKON'],이리오너라 (B.I&BOBBY),WELCOME BACK,"27,423",7931713
71,-34,['SG 워너비'],가슴 뛰도록,THE VOICE,"45,307",5822923
72,New,['박효신'],야생화,야생화,"299,799",4543502
73,-37,['iKON'],AIRPLANE,WELCOME BACK,"58,585",7870707
74,New,['VIXX (빅스)'],사슬 (Chained Up),Chained Up,"35,468",7924215
75,New,['루이 (긱스)'],그냥가요 (Feat. 휘인 Of 마마무),그냥가요,"24,444",7907043
76,-30,['혁오 (HYUKOH)'],와리가리,22,"124,992",5713422
77,New,['나비'],그리워 말아요,그리워 말아요,"12,500",7935705
78,New,['코드 쿤스트 (CODE KUNST)'],PARACHUTE (Feat. 오혁 & Dok2),PARACHUTE,"59,153",7892770
79,New,"['Crush', '로꼬']",아마도 그건,투유 프로젝트 - 슈가맨 Part.3,"80,553",7912749
80,-32,['10CM'],10월의 날씨,3.1,"42,507",7880306
81,New,['규현 (KYUHYUN)'],멀어지던 날 (The day we felt the distance),멀어지던 날 (The Day We Felt The Distance),"21,537",7911685
82,-52,['예지'],"Solo (Remix) (Prod. by 박재범, Cha Cha Malone) (Feat. 박재범, 로꼬)",언프리티 랩스타 2 Track 4,"22,140",7874382
83,+13,['EXO'],LOVE ME RIGHT,LOVE ME RIGHT - The 2nd Album Repackage,"180,818",5721440
84,New,['MC몽'],아무도 모르게,아무도 모르게,"8,972",7909207
85,-19,"['로꼬', '유주 (여자친구)']",우연히 봄,냄새를 보는 소녀 OST Part.2,"126,658",5650996
86,-48,['사이먼 도미닉'],사이먼 도미닉,￦ & ONLY,"106,269",5815785
87,New,['정기고'],"일주일 (247) (Feat. Zion.T, Crush, DEAN)",247,"16,622",7899186
88,New,['EXO'],LIGHTSABER,LIGHTSABER,"60,114",7926003
89,+10,['트루디 (Truedy)'],Bandz Up (Prod. by Dok2) (Feat. Dok2),언프리티 랩스타 2 Track 6 & 7,"9,779",7888331
90,-59,"['으뜨거따시 (하하, 자이언티)']",스폰서 ($ponsor),무한도전 영동고속도로 가요제,"54,929",5826462
91,New,['JOO'],울고 분다,울고 분다,"9,602",7902890
92,New,['V.One'],그런가 봐요...,2004 History Will Begine...,"44,058",2101367
93,New,['효린'],My Love (Feat. 베이식),언프리티 랩스타 2 SEMI FINAL Part.1,"7,267",7921390
94,-29,['BIGBANG'],BAE BAE,M,"135,590",5684826
95,New,['EXO'],CALL ME BABY,The 2nd Album `EXODUS`,"154,254",5644620
96,-36,['씨스타'],SHAKE IT,SHAKE IT,"78,163",5748499
97,New,['키썸 (Kisum)'],LOVE TALK (Feat. 화사 of 마마무),LOVE TALK (Feat. 화사 of 마마무),"21,960",7905017
98,New,['다이나믹 듀오'],있어줘 (Feat. Lydia Paek),GRAND CARNIVAL,"20,472",7931725
99,New,['시원 (SIWON)'],너뿐이야,그녀는 예뻤다 OST Part.5,"13,496",7895853
100,New,['허각'],그날을 내 등 뒤로,겨울동화,"12,484",7943030
