﻿rank,rank_change,singer,title,album,like,song_code
1,New,"['정인', '개리']",사람냄새,정인&개리 디지털 싱글 `사람냄새`,"101,130",4660909
2,+25,['플라이 투 더 스카이'],너를 너를 너를,CONTINUUM,"86,372",4639518
3,New,['태양'],"눈, 코, 입",RISE,"164,285",4671151
4,+9,['아이유'],나의 옛날이야기,꽃갈피,"151,148",4645220
5,+2,['정기고'],너를 원해 (Feat. Beenzino),Want U,"54,058",4603433
6,New,['San E'],나 왜이래 (Feat. 강민희 Of 미스에스),너희들은 포위됐다 OST Part.1,"51,542",4665220
7,+19,['아이유'],너의 의미 (Feat. 김창완),꽃갈피,"185,223",4646573
8,-0,['EXO-K'],중독 (Overdose),The 2nd Mini Album `중독 (Overdose)`,"123,848",4633162
9,-8,"['HIGH4 (하이포)', '아이유']",봄 사랑 벚꽃 말고,봄 사랑 벚꽃 말고,"175,987",4579468
10,New,['다비치'],헤어졌다 만났다,Again,"23,591",4674167
11,-7,['박효신'],야생화,야생화,"299,797",4543502
12,-7,['Apink (에이핑크)'],Mr. Chu (On Stage),Pink Blossom,"93,676",4562881
13,New,['신용재'],사랑하는 그대여,사랑하는 그대여,"75,502",4666402
14,-11,['god'],미운오리새끼,미운오리새끼,"79,551",4635701
15,+26,['전효성'],Good-night Kiss,TOP SECRET,"30,702",4635740
16,-14,['AKMU (악동뮤지션)'],200%,PLAY,"128,715",4583482
17,-11,"['소유 (SOYOU)', '정기고']",썸 (Feat. 릴보이 Of 긱스),썸,"166,388",4433490
18,New,"['San E', '레이나 (Raina)']",한여름밤의 꿀,"San E, 레이나 Project Single `한여름밤의 꿀`","143,255",4681146
19,New,['정키'],내가 할 수 없는 말 (Feat. 나비),EMOTION,"53,949",4665107
20,+8,['아이유'],사랑이 지나가면,꽃갈피,"68,369",4646572
21,New,['태연 (TAEYEON)'],사랑 그 한마디,너희들은 포위됐다 OST Part.2,"24,881",4667457
22,-7,['에디킴'],너 사용법,너 사용법,"129,178",4586092
23,+2,['휘성 (Realslow)'],Night And Day,The Best Man,"37,589",4639335
24,-6,['아이유'],금요일에 만나요 (Feat. 장이정 Of HISTORY),Modern Times - Epilogue,"215,257",4369827
25,-16,['AKMU (악동뮤지션)'],Give Love,PLAY,"92,504",4583481
26,New,['비스트'],이젠 아니야,이젠 아니야,"45,273",4677133
27,-17,"['윤민수(바이브)', '신용재']",인연,불후의 명곡 - 전설을 노래하다 (이선희 2편),"73,287",4582959
28,New,['백지영'],여전히 뜨겁게,여전히 뜨겁게,"11,511",4656602
29,New,['Crush'],Hug Me (Feat. Gaeko),Crush On You,"67,801",4674344
30,+5,['서인국'],봄 타나봐 (BOMTANABA),봄 타나봐 (BOMTANABA),"29,497",4643439
31,New,['Maroon 5'],Maps,Maps,"126,214",4688375
32,New,['유나킴'],"이젠 너 없이도 (Feat. 윤미래, 타이거 JK, Bizzy)",Love Me Love,"22,056",4650421
33,-17,['오렌지 캬라멜'],까탈레나 (Catallena),The Third Single Catallena,"41,074",4503810
34,-20,['이선희'],그 중에 그대를 만나,15집 `SERENDIPITY` 30주년 기념앨범,"120,379",4544242
35,New,['태양'],Stay With Me (Feat. G-Dragon Of Bigbang),RISE,"30,983",4671153
36,New,['인피니트'],Last Romeo,Season 2,"45,124",4649342
37,-26,['매드클라운'],견딜만해 (Feat. 효린 Of 씨스타),표독,"49,017",4579474
38,-17,['로꼬'],감아 (Feat. Crush),감아,"131,287",4527879
39,+51,['플라이 투 더 스카이'],니목소리,CONTINUUM,"16,966",4649655
40,-9,['포맨'],지우고 싶다,4MEN The 5th Album (1998),"16,887",4641333
41,-18,['2NE1'],Come Back Home,CRUSH,"71,969",4478187
42,New,['태양'],새벽한시 (1AM),RISE,"31,099",4671152
43,New,['거미'],사랑했으니..됐어,사랑했으니..됐어,"17,144",4674336
44,New,['비스트'],Good Luck,Good Luck,"63,376",4686392
45,-0,['아이유'],삐에로는 우릴 보고 웃지,꽃갈피,"37,523",4646571
46,-24,['임창정'],흔한 노래,흔한 노래... 흔한 멜로디...,"68,281",4512170
47,New,['플라이 투 더 스카이'],전화하지 말아요,CONTINUUM,"18,663",4649637
48,-36,"['15& (박지민, 백예린)']",티가 나나봐,티가 나나봐,"39,587",4599628
49,-25,['배치기'],뜨래요 (Feat. 앙리 Of 3B),뜨래요,"34,084",4532820
50,New,['지연'],1분 1초,Never Ever,"20,577",4650279
51,-34,['Bro'],그런 남자,그런 남자,"55,281",4535038
52,+10,['지나'],예쁜 속옷,예쁜 속옷,"10,011",4635456
53,-24,['2BIC(투빅)'],요즘 바쁜가봐,Soul Mate (소울메이트),"58,409",4594680
54,+5,['2NE1'],멘붕 (CL Solo),CRUSH,"36,321",4478191
55,-18,['AOA'],짧은 치마 (Miniskirt),짧은 치마,"54,446",4400561
56,-26,['2NE1'],너 아님 안돼,CRUSH,"47,117",4478188
57,-38,['백지영'],불꽃,불꽃,"14,278",4633491
58,New,['다이나믹 듀오'],Summer Time (자리비움),CustoMIC Prologue,"16,277",4688674
59,+16,"['David Guetta', 'Showtek']",Bad (Feat. Vassy) (Radio Edit),Bad (Feat. Vassy) (Radio Edit),"59,126",4585736
60,New,['범키'],집이 돼줄게,범키 Special Single `집이 돼줄게`,"24,109",4686952
61,New,['팬텀'],오늘따라 (Feat. 가인),Phantom Power,"26,111",4648495
62,New,"['신용재', '이해리 (다비치)']",니가 빈 자리,Acoustic Project #1. Cloud,"29,808",4691117
63,-17,['프라이머리'],자니 (Feat. Dynamic Duo),자니,"155,966",3726617
64,-24,['Crush'],가끔,가끔,"61,591",4572941
65,-33,['성시경'],너의 모든 순간,별에서 온 그대 OST Part.7,"130,740",4446485
66,-3,['아이유'],여름밤의 꿈,꽃갈피,"51,618",4646575
67,-47,['AKMU (악동뮤지션)'],얼음들,PLAY,"60,114",4583483
68,New,['VIXX (빅스)'],기적 (ETERNITY),ETERNITY,"31,834",4656370
69,-27,['엠씨더맥스'],그대가 분다,UNVEILING,"111,593",4381724
70,-27,['2NE1'],살아 봤으면 해,CRUSH,"52,408",4478189
71,-27,['걸스데이'],Something,걸스데이 미니앨범 3집,"67,019",4383773
72,New,"['15& (박지민, 백예린)']",Sugar,Sugar,"11,045",4658842
73,New,['이승철'],사랑하나 봐,너희들은 포위됐다 OST Part.3,"8,037",4674351
74,New,"['김보경 (NEON)', '펀치 (Punch)']",지금 술 한잔 했어,지금 술 한잔 했어,"22,903",4654324
75,-19,['정키'],홀로 (Feat. 김나영),Break Up,"134,921",3893169
76,-16,['EXO'],으르렁 (Growl),The 1st Album `XOXO` Repackage,"180,286",4193337
77,+21,['Michael Jackson'],Love Never Felt So Good,Xscape (Standard Ver.),"48,753",4640746
78,+9,['에일리'],하루하루,트라이앵글 OST Part.1,"15,570",4641392
79,New,['오렌지 캬라멜'],아빙아빙 (Abing Abing),아빙아빙 (Abing Abing),"6,454",4650488
80,-13,['Jeff Bernat'],Call You Mine (Feat. Geologic Of The Blue Scholars),The Gentleman Approach,"151,486",3808189
81,-43,['선미'],보름달 (Feat. Lena),Full Moon,"60,951",4454382
82,New,['태양'],아름다워 (Body),RISE,"11,742",4671154
83,New,['AOA'],단발머리 (Short Hair),단발머리,"50,380",4693165
84,New,['태양'],이게 아닌데,RISE,"23,688",4671156
85,-52,['4minute'],오늘 뭐해,4MINUTE WORLD,"17,241",4516940
86,New,"['정준영', '윤하 (YOUNHA)']",달리 함께,달리 함께,"13,593",4665158
87,New,"['Lim Kim', '에디킴']",룸메이트,룸메이트 OST Part.1,"6,184",4669783
88,-20,['아이유'],꽃,꽃갈피,"22,532",4646570
89,New,"['이창민', '멜로디데이 (MelodyDay)']",마지막 처음,마지막 처음,"6,241",4650438
90,New,['40'],Black (Feat. 스윙스),CANVAS,"18,485",4684703
91,New,['김진호 (SG워너비)'],가족사진,불후의 명곡 - 전설을 노래하다 (가족 특집),"14,803",4658386
92,New,['다비치'],팔베개,"6,7","9,182",4692825
93,New,['김연우'],Move (Feat. 박경 Of 블락비),Move,"7,930",4663033
94,New,"['마마무(Mamamoo)', '긱스 (Geeks)']",히히하헤호,히히하헤호,"18,772",4667349
95,New,['태양'],버리고,RISE,"14,643",4671157
96,-39,"['소유 (SOYOU)', '매드클라운']",착해 빠졌어 (Stupid In Love),착해 빠졌어 (Stupid In Love),"126,144",4237755
97,-58,['버스커 버스커'],벚꽃 엔딩,버스커 버스커 1집,"343,123",3753304
98,New,['스윗소로우 (SWEET SORROW)'],설레고 있죠,FOR LOVERS ONLY,"10,534",4669789
99,New,['Crush'],눈이 마주친 순간 (I Fancy You),Crush On You,"28,418",4674337
100,-51,['에일리'],노래가 늘었어,노래가 늘었어,"78,897",4383349
