﻿rank,rank_change,singer,title,album,like,song_code
1,+3,['멜로망스'],선물,Moonlight,"288,465",30514366
2,+12,['에픽하이 (EPIK HIGH)'],연애소설 (Feat. 아이유),WE`VE DONE SOMETHING WONDERFUL,"144,024",30688500
3,New,['TWICE (트와이스)'],LIKEY,twicetagram,"137,635",30700708
4,New,['어반자카파'],"그때의 나, 그때의 우리","그때의 나, 그때의 우리","103,678",30709103
5,-3,['윤종신'],좋니,LISTEN 010 좋니,"326,753",30486509
6,+7,['비투비'],그리워하다,Brother Act.,"237,633",30672529
7,New,"['민서', '윤종신']",좋아,2017 월간 윤종신 11월호,"135,224",30729198
8,-7,['볼빨간사춘기'],썸 탈꺼야,Red Diary Page.1,"177,700",30657307
9,+18,['에픽하이 (EPIK HIGH)'],빈차 (Feat. 오혁),WE`VE DONE SOMETHING WONDERFUL,"91,138",30688502
10,-5,['우원재'],시차 (We Are) (Feat. 로꼬 & GRAY),시차 (We Are),"265,654",30613202
11,+58,['임창정'],그 사람을 아나요,그 사람을 아나요,"69,743",30688990
12,-9,['볼빨간사춘기'],나의 사춘기에게,Red Diary Page.1,"214,355",30657311
13,-3,['박원'],all of my life,0M,"212,891",30550388
14,+28,['에픽하이 (EPIK HIGH)'],"노땡큐 (Feat. MINO, 사이먼 도미닉, 더콰이엇)",WE`VE DONE SOMETHING WONDERFUL,"91,269",30688501
15,New,['Wanna One (워너원)'],Beautiful,1-1=0 (NOTHING WITHOUT YOU),"238,187",30725482
16,-9,['볼빨간사춘기'],Blue,Red Diary Page.1,"119,108",30657308
17,-9,['선미'],가시나,SUNMI SPECIAL EDITION `가시나`,"154,568",30587846
18,-12,['아이유'],가을 아침,꽃갈피 둘,"228,952",30636089
19,-10,['방탄소년단'],DNA,LOVE YOURSELF 承 `Her`,"359,651",30637982
20,-9,['헤이즈 (Heize)'],비도 오고 그래서 (Feat. 신용재),/// (너 먹구름 비),"241,349",30492279
21,New,['포맨'],눈 떠보니 이별이더라,REMEMBER ME,"94,808",30690674
22,+74,['펀치 (Punch)'],밤이 되니까,밤이 되니까,"175,362",30659630
23,-4,['Wanna One (워너원)'],에너제틱 (Energetic),1X1=1(TO BE ONE),"297,841",30568338
24,New,['Red Velvet (레드벨벳)'],피카부 (Peek-A-Boo),Perfect Velvet - The 2nd Album,"150,287",30736437
25,+13,['길구봉구'],이 별,Star,"141,354",30637776
26,-9,['Ed Sheeran'],Shape of You,÷ (Deluxe),"275,772",30188113
27,-12,['아이유'],밤편지,밤편지,"352,396",30314784
28,-12,['황치열'],매일 듣는 노래 (A Daily Song),Be Ordinary,"176,630",30467550
29,-17,['아이유'],잠 못 드는 밤 비는 내리고,꽃갈피 둘,"114,674",30646585
30,+6,['에일리'],첫눈처럼 너에게 가겠다,도깨비 OST Part.9,"298,831",30190630
31,-6,['버즈'],사랑하지 않은 것처럼,`Be One` - Buzz The 1st Mini Album,"119,469",30550293
32,-14,['Red Velvet (레드벨벳)'],빨간 맛 (Red Flavor),The Red Summer - Summer Mini Album,"218,916",30512671
33,-9,['방탄소년단'],봄날,YOU NEVER WALK ALONE,"459,261",30244931
34,-13,['BLACKPINK'],마지막처럼,마지막처럼,"183,856",30481578
35,New,['Wanna One (워너원)'],갖고 싶어,1-1=0 (NOTHING WITHOUT YOU),"131,032",30725483
36,New,['EXID'],덜덜덜,Full Moon,"55,703",30713051
37,-15,"['볼빨간사춘기', '스무살']",남이 될 수 있을까,남이 될 수 있을까,"161,999",30468654
38,-12,['헤이즈 (Heize)'],널 너무 모르고,/// (너 먹구름 비),"137,970",30492276
39,New,"['소유 (SOYOU)', '성시경']",뻔한 이별 (PROD. 13),RE:BORN,"49,169",30725643
40,-12,['방탄소년단'],고민보다 Go,LOVE YOURSELF 承 `Her`,"204,933",30637988
41,+15,['길구봉구'],바람이 불었으면 좋겠어,바람이 불었으면 좋겠어,"117,129",4383833
42,New,['성시경'],나의 밤 나의 너,나의 밤 나의 너,"34,147",30698332
43,-13,['볼빨간사춘기'],처음부터 너와 나,군주 - 가면의 주인 OST Part.2,"136,105",30414090
44,+55,['김나영'],헤어질 수 밖에,헤어질 수 밖에,"44,450",30675647
45,+4,['엠씨더맥스'],어디에도,pathos,"197,386",8033528
46,+7,['10CM'],폰서트,4.0,"135,243",30611680
47,New,['문문 (MoonMoon)'],비행운,LIFE IS BEAUTY FULL,"201,282",30086173
48,-9,['아이유'],팔레트 (Feat. G-DRAGON),Palette,"214,540",30378156
49,+24,['Wanna One (워너원)'],활활 (Burn It Up),1X1=1(TO BE ONE),"163,827",30568337
50,-10,['뉴이스트 W'],WHERE YOU AT,"W, HERE","94,715",30661885
51,-10,['윤종신'],너를 찾아서,건반 위의 하이에나,"32,205",30660699
52,New,['SURAN (수란)'],러브스토리 (Feat. 크러쉬),러브스토리 (Love Story),"58,883",30715020
53,-20,['지코 (ZICO)'],Artist,TELEVISION,"121,884",30519033
54,New,['박원'],노력,1/24,"159,524",30099927
55,New,['먼데이 키즈 (Monday Kiz)'],가을 안부,가을 안부,"144,538",30669593
56,-4,"['마크툽 (MAKTUB)', '구윤회']",Marry Me,마크툽 프로젝트 Vol.03,"172,878",4786735
57,-11,['SURAN (수란)'],오늘 취하면 (Feat. 창모) (Prod. SUGA),WINE,"196,742",30390068
58,-38,['볼빨간사춘기'],고쳐주세요,Red Diary Page.1,"47,992",30657309
59,-27,['방탄소년단'],Best Of Me,LOVE YOURSELF 承 `Her`,"183,255",30637983
60,New,['Wanna One (워너원)'],Twilight,1-1=0 (NOTHING WITHOUT YOU),"105,164",30725484
61,-16,['뉴이스트'],여보세요,THE SECOND MINI ALBUM `여보세요`,"131,156",4032981
62,-12,['방탄소년단'],피 땀 눈물,WINGS,"275,937",30029173
63,-2,['WINNER'],REALLY REALLY,FATE NUMBER FOR,"220,673",30341745
64,-21,['G-DRAGON'],"무제(無題) (Untitled, 2014)",권지용,"186,719",30461396
65,-31,['현아'],베베 (BABE),Following,"52,589",30605241
66,-19,['EXO'],Ko Ko Bop,THE WAR - The 4th Album,"323,114",30529996
67,-23,['뉴이스트 W'],있다면,NU`EST W `있다면`,"121,560",30543235
68,-20,['방탄소년단'],MIC Drop,LOVE YOURSELF 承 `Her`,"196,435",30637987
69,New,['블락비 (Block B)'],Shall We Dance,MONTAGE,"34,853",30714007
70,-41,"['넉살', '한해', 'RYNO (라이노)', '조우찬']",N분의1 (Feat. 다이나믹듀오),쇼미더머니 6 Episode 1,"89,078",30566061
71,New,['세븐틴'],박수,"SEVENTEEN 2ND ALBUM `TEEN, AGE`","75,245",30712793
72,-49,['볼빨간사춘기'],상상,Red Diary Page.1,"43,313",30657310
73,+8,['하이라이트 (Highlight)'],어쩔 수 없지 뭐,CELEBRATE,"56,411",30672400
74,New,['Wanna One (워너원)'],Nothing Without You (Intro.),1-1=0 (NOTHING WITHOUT YOU),"95,731",30725481
75,-10,['The Chainsmokers'],Closer (Feat. Halsey),Collage EP,"194,847",8287788
76,-21,['방탄소년단'],보조개,LOVE YOURSELF 承 `Her`,"146,199",30637984
77,-40,"['행주', '양홍원', 'Hash Swan', '킬라그램 (KILLAGRAMZ)']","요즘것들 (Feat. ZICO, DEAN)",쇼미더머니 6 Episode 1,"78,715",30566064
78,-24,['볼빨간사춘기'],나만 안되는 연애,Full Album RED PLANET,"178,491",9620473
79,-48,['아이유'],비밀의 화원,꽃갈피 둘,"90,952",30646584
80,-6,['EXO'],Power,The Power of Music - The 4th Album Repackage,"183,927",30616684
81,New,['다비치'],오늘도 그리워 그리워,당신이 잠든 사이에 OST Part.7,"19,938",30680190
82,New,['멜로망스'],짙어져,Yellow OST Part.2,"82,495",30667988
83,+9,['뉴이스트 W'],하루만,"W, HERE","52,369",30661884
84,-18,['방탄소년단'],Pied Piper,LOVE YOURSELF 承 `Her`,"156,489",30637985
85,-25,['다비치'],나에게 넌,나에게 넌,"27,090",30663524
86,New,['비투비'],MOVIE,Feel`eM,"121,293",30286429
87,-30,['볼빨간사춘기'],좋다고 말해,Full Album RED PLANET `Hidden Track`,"191,503",30163110
88,-53,['행주'],"Red Sun (Feat. ZICO, Swings)",쇼미더머니 6 Episode 4,"67,552",30601121
89,New,['에픽하이 (EPIK HIGH)'],상실의 순기능 (Feat. 수현),WE`VE DONE SOMETHING WONDERFUL,"25,534",30688504
90,-11,['방탄소년단'],Intro : Serendipity,LOVE YOURSELF 承 `Her`,"138,128",30637981
91,New,['Wanna One (워너원)'],To Be One (Outro.),1-1=0 (NOTHING WITHOUT YOU),"72,741",30725490
92,New,['김나영'],미로,당신이 잠든 사이에 OST Part.8,"19,731",30691729
93,New,['뉴이스트 W'],지금까지 행복했어요 (BAEKHO SOLO),"W, HERE","51,923",30661889
94,New,"['10CM', '첸 (CHEN)']",Bye Babe,Bye Babe - SM STATION,"58,638",30710522
95,-15,['Justin Bieber'],Love Yourself,Purpose (Deluxe),"210,501",7931286
96,New,['황치열'],되돌리고 싶다 (Rewind),되돌리고 싶다,"23,704",30720574
97,-22,['정승환'],너였다면,또 오해영 OST Part.5,"182,137",8203900
98,-34,['볼빨간사춘기'],우주를 줄게,Full Album RED PLANET,"251,441",9620469
99,New,['스탠딩 에그'],바보야 (With 이해리 of 다비치),바보야,"22,099",30693104
100,New,['Wanna One (워너원)'],Wanna Be (My Baby),1-1=0 (NOTHING WITHOUT YOU),"71,240",30725487
