﻿rank,rank_change,singer,title,album,like,song_code
1,New,['헤이즈 (Heize)'],비도 오고 그래서 (Feat. 신용재),/// (너 먹구름 비),"241,349",30492279
2,+59,['헤이즈 (Heize)'],널 너무 모르고,/// (너 먹구름 비),"137,970",30492276
3,+27,['BLACKPINK'],마지막처럼,마지막처럼,"183,856",30481578
4,+19,['마마무(Mamamoo)'],나로 말할 것 같으면 (Yes I am),Purple,"113,172",30488202
5,-2,"['볼빨간사춘기', '스무살']",남이 될 수 있을까,남이 될 수 있을까,"161,999",30468654
6,New,['Red Velvet (레드벨벳)'],빨간 맛 (Red Flavor),The Red Summer - Summer Mini Album,"218,916",30512671
7,+68,['황치열'],매일 듣는 노래 (A Daily Song),Be Ordinary,"176,630",30467550
8,-7,['G-DRAGON'],"무제(無題) (Untitled, 2014)",권지용,"186,719",30461396
9,-0,['볼빨간사춘기'],처음부터 너와 나,군주 - 가면의 주인 OST Part.2,"136,105",30414090
10,New,['Apink (에이핑크)'],FIVE,Pink UP,"76,187",30492606
11,-6,['Ed Sheeran'],Shape of You,÷ (Deluxe),"275,772",30188113
12,New,['지코 (ZICO)'],Artist,TELEVISION,"121,884",30519033
13,-9,['싸이 (PSY)'],New Face,PSY 8th 4X2=8,"87,706",30403590
14,-8,['SURAN (수란)'],오늘 취하면 (Feat. 창모) (Prod. SUGA),WINE,"196,742",30390068
15,-13,['TWICE (트와이스)'],SIGNAL,SIGNAL,"122,471",30413326
16,-5,['아이유'],팔레트 (Feat. G-DRAGON),Palette,"214,540",30378156
17,+1,['아이유'],밤편지,밤편지,"352,396",30314784
18,-5,['WINNER'],REALLY REALLY,FATE NUMBER FOR,"220,672",30341745
19,-12,['싸이 (PSY)'],I LUV IT,PSY 8th 4X2=8,"75,358",30403589
20,-6,['한동근'],미치고 싶다,한동근 1ST ALBUM `Your Diary`,"73,444",30399360
21,+46,['청하'],Why Don`t You Know (Feat. 넉살),Hands on Me,"131,146",30457690
22,-12,['국민의 아들'],NEVER,PRODUCE 101 - 35 Boys 5 Concepts,"148,422",30453635
23,-8,"['효린', '창모 (CHANGMO)']",BLUE MOON (Prod. GroovyRoom),BLUE MOON,"145,243",30367365
24,-5,['에일리'],첫눈처럼 너에게 가겠다,도깨비 OST Part.9,"298,831",30190630
25,-17,['씨스타'],LONELY,LONELY,"60,276",30447547
26,-6,"['마크툽 (MAKTUB)', '구윤회']",Marry Me,마크툽 프로젝트 Vol.03,"172,878",4786735
27,New,['EXO'],Ko Ko Bop,THE WAR - The 4th Album,"323,114",30529996
28,-11,['아이유'],사랑이 잘 (With 오혁),사랑이 잘,"169,968",30349593
29,-17,['언니쓰'],맞지?,언니들의 슬램덩크 시즌 2,"97,674",30408193
30,New,['윤종신'],좋니,LISTEN 010 좋니,"326,752",30486509
31,New,['양홍원'],아침에 (Feat. Bryn),아침에,"59,189",30495638
32,-8,['볼빨간사춘기'],좋다고 말해,Full Album RED PLANET `Hidden Track`,"191,503",30163110
33,-7,['창모 (CHANGMO)'],아름다워,돈 벌 시간 2,"149,822",8276709
34,-5,['FTISLAND (FT아일랜드)'],사랑앓이 (With 김나영),FTISLAND 10th Anniversary Special Digital Single,"43,075",30440430
35,-14,['혁오 (HYUKOH)'],TOMBOY,23,"147,397",30383949
36,-11,['TWICE (트와이스)'],KNOCK KNOCK,TWICEcoaster : LANE 2,"161,128",30261007
37,-1,['볼빨간사춘기'],나만 안되는 연애,Full Album RED PLANET,"178,491",9620473
38,-0,['박재범'],"All I Wanna Do (K) (Feat. Hoody, Loco)",EVERYTHING YOU WANTED,"153,915",30049271
39,-4,['볼빨간사춘기'],우주를 줄게,Full Album RED PLANET,"251,441",9620469
40,+4,['BLACKPINK'],불장난,SQUARE TWO,"155,358",30069773
41,+30,['헤이즈 (Heize)'],돌아오지마 (Feat. 용준형 Of 비스트),돌아오지마,"174,034",8143111
42,-3,['방탄소년단'],봄날,YOU NEVER WALK ALONE,"459,261",30244931
43,-0,['The Chainsmokers'],Closer (Feat. Halsey),Collage EP,"194,847",8287788
44,New,['지코 (ZICO)'],FANXY CHILD (Feat. FANXY CHILD),TELEVISION,"72,353",30519035
45,New,['Crush'],Outside (Feat. Beenzino),Outside,"38,644",30500917
46,+24,['DEAN'],D (half moon) (Feat. 개코),130 mood : TRBL,"215,612",8109412
47,New,['헤이즈 (Heize)'],먹구름 (Feat. nafla),/// (너 먹구름 비),"38,978",30492277
48,-7,['정키'],부담이 돼 (Feat. 휘인 Of 마마무),EMPTY,"123,707",30290011
49,-18,['신현희와김루트'],오빠야,신현희와김루트,"128,164",5605860
50,New,['마마무(Mamamoo)'],"아재개그 (Narr. 김대희, 김준호)",Purple,"34,784",30488205
51,+3,['Justin Bieber'],Love Yourself,Purpose (Deluxe),"210,501",7931286
52,+7,['엠씨더맥스'],어디에도,pathos,"197,386",8033528
53,-4,['정승환'],너였다면,또 오해영 OST Part.5,"182,137",8203900
54,+33,['뉴이스트'],여보세요,THE SECOND MINI ALBUM `여보세요`,"131,156",4032981
55,-7,['한동근'],그대라는 사치,The 3rd Digital Single `그대라는 사치`,"170,315",9614761
56,+9,"['The Chainsmokers', 'Coldplay']",Something Just Like This,Memories...Do Not Open,"143,962",30271730
57,+5,['마마무(Mamamoo)'],Decalcomanie (데칼코마니),MEMORY,"137,839",30079086
58,-42,['G-DRAGON'],개소리 (BULLSHIT),권지용,"39,146",30461394
59,-6,['볼빨간사춘기'],심술,Half Album RED ICKLE,"126,723",8155478
60,-38,['하이라이트 (Highlight)'],CALLING YOU,CALLING YOU,"67,650",30442480
61,-14,['TWICE (트와이스)'],TT,TWICEcoaster : LANE 1,"191,540",30054344
62,-17,['AKMU (악동뮤지션)'],오랜 날 오랜 밤,사춘기 하 (思春記 下),"180,966",30181278
63,-12,['Crush'],Beautiful,도깨비 OST Part 4,"201,764",30157753
64,+9,['아이오아이 (I.O.I)'],소나기,소나기,"159,385",30208070
65,-9,['싸이 (PSY)'],어땠을까 (Feat. 박정현),싸이6甲 Part.1,"115,834",3853980
66,-29,['하이라이트 (Highlight)'],얼굴 찌푸리지 말아요,CAN YOU FEEL IT?,"122,812",30310862
67,-40,['슬레이트'],Oh Little Girl,PRODUCE 101 - 35 Boys 5 Concepts,"86,047",30453634
68,-34,['로꼬'],지나쳐 (Feat. DEAN),BLEACHED,"54,214",30428511
69,-14,['PRODUCE 101'],나야 나 (PICK ME),PRODUCE 101 - 나야 나 (PICK ME),"101,207",30294022
70,+7,"['Charlie Puth', 'Wiz Khalifa']",See You Again (폴 워커 추모 엔딩곡),분노의 질주: 더 세븐 OST,"191,258",5629279
71,+1,['길구봉구'],바람이 불었으면 좋겠어,바람이 불었으면 좋겠어,"117,129",4383833
72,-32,['창모 (CHANGMO)'],마에스트로 (Maestro),돈 벌 시간 2,"104,003",8276708
73,-10,['한동근'],이 소설의 끝을 다시 써보려 해,The 1st Digital Single `이 소설의 끝을 다시 써보려 해`,"216,535",5398990
74,New,['지코 (ZICO)'],ANTI (Feat. G.Soul),TELEVISION,"41,625",30519034
75,-6,['볼빨간사춘기'],You(=I),Full Album RED PLANET,"101,611",9620471
76,-10,['Red Velvet (레드벨벳)'],Rookie,Rookie - The 4th Mini Album,"129,289",30227054
77,-3,['TWICE (트와이스)'],CHEER UP,PAGE TWO,"215,357",8158031
78,-36,['지코 (ZICO)'],She`s a Baby,She`s a Baby,"73,158",30355842
79,-29,['아이유'],이 지금,Palette,"126,361",30378155
80,-34,['아이유'],이런 엔딩,Palette,"145,900",30378157
81,-17,['BIGBANG'],에라 모르겠다,MADE,"165,610",30147445
82,-4,['어반자카파'],널 사랑하지 않아,스틸,"187,988",8199190
83,-4,['박효신'],숨,I am A Dreamer,"200,091",30011624
84,New,['케이시 (Kassy)'],굿모닝 (Good Morning),"쌈, 마이웨이 OST Part.2","45,665",30440287
85,New,['EXO'],전야 (前夜) (The Eve),THE WAR - The 4th Album,"202,787",30529995
86,New,['AKMU (악동뮤지션)'],DINOSAUR,SUMMER EPISODE,"125,976",30536155
87,+4,['방탄소년단'],피 땀 눈물,WINGS,"275,937",30029173
88,-31,['세븐틴'],울고 싶지 않아,SEVENTEEN 4th Mini Album `Al1`,"101,601",30428238
89,New,['딥플로우'],"작두 (Feat. 넉살, Huckleberry P)",양화,"39,349",5659728
90,-58,['Knock'],열어줘,PRODUCE 101 - 35 Boys 5 Concepts,"73,055",30453633
91,New,"['효린', '키썸 (Kisum)']",FRUITY (Prod. GroovyRoom),FRUITY,"21,439",30495276
92,-64,['G-DRAGON'],SUPER STAR,권지용,"38,669",30461395
93,-17,['임창정'],내가 저지른 사랑,I`M,"220,823",9631530
94,+1,['PRODUCE 101'],Hands on me,PRODUCE 101 - FINAL,"61,288",30478321
95,New,['이효리'],Seoul (Feat. Killagramz),BLACK,"19,298",30497189
96,New,"['서은광', '임현식 (비투비)', '육성재 (비투비)']",알듯 말듯해,"쌈, 마이웨이 OST Part.4","36,680",30462531
97,New,['EXO'],What U do?,THE WAR - The 4th Album,"157,640",30529997
98,-30,['태연 (TAEYEON)'],Fine,My Voice - The 1st Album,"142,292",30278209
99,New,['EXO'],Forever,THE WAR - The 4th Album,"160,014",30529998
100,New,['EXO'],기억을 걷는 밤 (Walk On Memories),THE WAR - The 4th Album,"155,825",30530002
