﻿rank,rank_change,singer,title,album,like,song_code
1,New,['MC몽'],사랑 범벅 (Feat. 챈슬러 of the channels),SONG FOR YOU,"55,278",5610343
2,+97,"['지민 (AOA)', '슬옹']",시작이 좋아 2015 (Prod. By 버벌진트),언프리티 랩스타 Track 2,"40,227",5608760
3,-2,['나얼'],같은 시간 속의 너,브라운 아이드 소울 싱글 프로젝트 1st. 같은 시간 속의 너 By 나얼,"150,364",5576417
4,+7,"['제시 (Jessi)', '치타 (CHEETAH)', '강남']",My Type (Prod. By 버벌진트),언프리티 랩스타 Track 3,"51,745",5592623
5,New,"['키썸 (Kisum)', 'San E', '태완 (Taewan)']",슈퍼스타 (Prod. by D.O),언프리티 랩스타 Track 5,"35,721",5616999
6,-4,"['Zion.T', 'Crush']",그냥 (Just),Young,"141,962",5572312
7,New,['가인'],Apple (Feat. 박재범),Hawwah,"40,560",5622359
8,New,['허각'],사월의 눈,사월의 눈,"91,370",5629186
9,New,['버스커 버스커'],벚꽃 엔딩,버스커 버스커 1집,"343,123",3753304
10,-5,['노을'],목소리,보이지 않는 것들,"59,602",5536206
11,+5,['4minute'],미쳐,Crazy,"37,921",5584641
12,-6,['EXID'],위아래,위아래,"89,327",4840271
13,-5,['장재인'],환청 (Feat. 나쑈 (NaShow)),킬미힐미 OST Part.1,"59,068",5545022
14,New,"['지민 (AOA)', '아이언']",Puss (Prod.by 라이머),언프리티 랩스타 SEMI FINAL,"71,629",5634219
15,-12,['다비치'],또 운다 또,DAVICHI HUG,"47,889",5555751
16,-12,['매드클라운'],화 (Feat. 진실 Of Mad Soul Child) (Fire),Piece Of Mine,"73,491",5531227
17,-8,"['15& (박지민, 백예린)']",사랑은 미친짓 (Feat. 칸토 of 트로이),사랑은 미친짓,"45,797",5584400
18,New,['빈지노 (Beenzino)'],어쩌라고 (So What),어쩌라고 (So What),"35,195",5622398
19,New,['다비치'],두사랑 (Feat. 매드클라운),두사랑,"89,018",5628083
20,+28,['Mark Ronson'],Uptown Funk (Feat. Bruno Mars),Uptown Funk (Feat. Bruno Mars),"143,113",5459268
21,-11,"['소유 (SOYOU)', '기리보이']",팔베개 (Feat. 기현) (Pillow),NO.MERCY (노머시) Part.2,"46,859",5546828
22,-0,['Sam Smith'],I`m Not The Only One,In The Lonely Hour,"218,001",4660794
23,New,['치타 (CHEETAH)'],"Coma 07` (Prod.by DJ Juice, D.Theo)",언프리티 랩스타 SEMI FINAL,"41,989",5634218
24,+11,['Maroon 5'],Sugar,V (Deluxe Edition),"178,611",4857981
25,-13,['Apink (에이핑크)'],LUV,Pink LUV,"103,735",5473905
26,-19,"['정승환', '박윤하']",슬픔 속에 그댈 지워야만 해,K팝 스타 시즌4 - 캐스팅 오디션 Part.1,"63,518",5551234
27,-13,['규현 (KYUHYUN)'],광화문에서 (At Gwanghwamun),The 1st Mini Album `광화문에서 (At Gwanghwamun)`,"190,956",5458267
28,New,['KATIE'],니가 있어야 할 곳,K팝 스타 시즌4 TOP10 Part.1,"18,888",5610623
29,-10,['AOA'],사뿐사뿐,사뿐사뿐,"53,071",5456521
30,-17,['정승환'],사랑에 빠지고 싶다,K팝 스타 시즌4 `사랑에 빠지고 싶다`,"101,154",5495296
31,-14,['Ariana Grande'],Problem (Feat. Iggy Azalea),Problem,"102,982",4630555
32,New,['가인'],Paradise Lost,Hawwah,"26,999",5620321
33,-15,['GD X TAEYANG'],GOOD BOY,GOOD BOY,"81,691",5470838
34,New,"['HIGH4 (하이포)', '아이유']",봄 사랑 벚꽃 말고,봄 사랑 벚꽃 말고,"175,987",4579468
35,New,['긱스 (Geeks)'],Is You (Feat. 박정현),Is You,"17,615",5617748
36,-9,['Adam Levine'],Lost Stars,Begin Again - Music From And Inspired By The Original Motion Picture,"245,845",4743560
37,-11,['박효신'],야생화,야생화,"299,797",4543502
38,-23,['다비치'],행복해서 미안해,DAVICHI HUG,"27,846",5555752
39,New,['MC몽'],권태중독 (Feat. 선우정아),SONG FOR YOU,"10,278",5610344
40,New,['Red Velvet (레드벨벳)'],Ice Cream Cake,The 1st Mini Album `Ice Cream Cake`,"104,832",5629148
41,New,['신화'],표적,WE,"27,234",5600224
42,-17,['로꼬'],니가 모르게 (You Don`t Know),LOCOMOTIVE,"99,600",5476552
43,-4,['아이유'],금요일에 만나요 (Feat. 장이정 Of HISTORY),Modern Times - Epilogue,"215,257",4369827
44,-23,"['타이거JK, 윤미래, 비지 (Bizzy)']",Angel,Angel,"45,861",5495681
45,-22,['토이'],세 사람 (With 성시경),Da Capo,"96,443",5465008
46,-18,['포스트맨(Postmen)'],신촌을 못가,신촌을 못가,"100,218",4016085
47,-27,['백지영'],Because Of You,"하이드 지킬, 나 OST Part 2","17,994",5567464
48,+42,['여자친구 (GFRIEND)'],유리구슬 (Glass Bead),여자친구 1st Mini Album `Season Of Glass`,"69,500",5546489
49,New,['VIXX (빅스)'],이별공식,Boys` Record,"35,161",5593327
50,-20,['에픽하이 (EPIK HIGH)'],"BORN HATER (Feat. 빈지노, 버벌진트, B.I, MINO, BOBBY)",신발장,"114,009",5419682
51,-27,"['다이나믹 듀오', '박정현']",싱숭생숭 (SsSs),싱숭생숭 (SsSs),"45,851",5493729
52,-11,['엠씨더맥스'],바라보기,미녀의 탄생 OST Part 4,"65,765",5482064
53,-20,['MC몽'],내 생애 가장 행복한 시간 (Feat. 허각),MISS ME OR DISS ME,"76,045",5442687
54,New,['제시 (Jessi)'],Unpretty Dreams (Prod.by GRAY),언프리티 랩스타 SEMI FINAL,"18,419",5634221
55,New,['XIA (준수)'],꽃 (Feat. 타블로 Of 에픽하이),Flower,"24,265",5612295
56,+41,['김범수'],오직 너만,"하이드 지킬, 나 OST Part.5","22,279",5599020
57,-26,['비스트'],12시 30분,TIME,"110,771",5413256
58,-3,"['소유 (SOYOU)', '정기고']",썸 (Feat. 릴보이 Of 긱스),썸,"166,388",4433490
59,-6,['아이유'],너의 의미 (Feat. 김창완),꽃갈피,"185,223",4646573
60,-6,['Maroon 5'],Maps,Maps,"126,214",4688375
61,New,"['치타 (CHEETAH)', '에일리']",아무도 모르게 (Prod. by MC몽),언프리티 랩스타 Track 6,"44,969",5642918
62,-22,['WINNER'],공허해,2014 S/S,"143,486",4806686
63,-29,['육지담'],밤샜지 (Prod. By ZICO),언프리티 랩스타 Track 1,"13,344",5582180
64,-20,['나인뮤지스'],드라마 (DRAMA),DRAMA,"23,930",5552430
65,New,['러블리즈'],안녕 (Hi~),Hi~,"48,496",5612284
66,-9,['어쿠스틱 콜라보'],"묘해, 너와",연애의 발견 OST Part 4,"120,063",4864206
67,-35,"['효린', '주영']",지워 (Feat. 아이언),지워,"39,002",5462666
68,New,['알리 (ALi)'],별 짓 다해봤는데,별 짓 다해봤는데,"34,586",3360476
69,-20,['에일리'],손대지마,Magazine,"61,003",5394265
70,-27,['MC몽'],내가 그리웠니 (Feat. 진실 Of Mad Soul Child),MISS ME OR DISS ME,"55,663",5442688
71,-24,['홍진영'],산다는 건 (Cheer Up),인생노트 (LIFE NOTE),"51,569",5450271
72,-4,"['San E', '레이나 (Raina)']",한여름밤의 꿀,"San E, 레이나 Project Single `한여름밤의 꿀`","143,255",4681146
73,+16,['니엘'],못된 여자 (Feat. Dok2),NIEL 1ST SOLO `oNIELy`,"15,425",5582684
74,-28,['에픽하이 (EPIK HIGH)'],헤픈엔딩 (Feat. 조원선 Of 롤러코스터),신발장,"94,908",5421427
75,New,"['양다일', '정키']",우린 알아,우린 알아,"77,500",5610945
76,-16,['BOBBY'],연결고리#힙합,쇼미더머니3 Part.4,"68,754",4854588
77,-5,['어쿠스틱 콜라보'],너무 보고싶어,연애의 발견 OST Part 6,"98,483",5386171
78,New,['Zion.T'],양화대교,양화대교,"172,990",5389475
79,New,['민아 (걸스데이)'],나도 여자예요,I am a Woman too,"23,559",5627962
80,-38,['박효신'],HAPPY TOGETHER,HAPPY TOGETHER,"82,201",5474213
81,-23,['WINNER'],끼부리지마,2014 S/S,"87,206",4806688
82,-44,['정용화 (CNBLUE)'],어느 멋진 날,어느 멋진 날,"25,681",5554059
83,-24,['윤현상'],언제쯤이면 (Duet.아이유),피아노포르테 (PIANOFORTE),"94,272",5439395
84,-28,['10CM'],쓰담쓰담,3.0,"53,211",5459290
85,-10,['엠씨더맥스'],잠시만 안녕 (Original),M.C The Max!,"86,738",315872
86,New,['케이윌'],꽃이 핀다,[RE:],"72,530",5639931
87,-24,['태양'],"눈, 코, 입",RISE,"164,285",4671151
88,-43,['HI SUHYUN'],나는 달라 (Feat. BOBBY),나는 달라,"57,389",5456526
89,-37,['배치기'],악몽 (Feat. 박수진),악몽,"18,957",5526865
90,-40,['지코 (ZICO)'],Well Done (Feat. Ja Mezz),Well Done,"26,374",5588240
91,-54,['김건모'],잘못된 만남,김건모 3집 - 잘못된 만남,"48,985",62462
92,New,['EXO'],CALL ME BABY,The 2nd Album `EXODUS`,"154,253",5644620
93,-17,['지코 (ZICO)'],Tough Cookie (Feat. Don Mills),Tough Cookie,"56,300",5449581
94,-25,"['포스트맨(Postmen)', '6 to 8']",술이 너보다 낫더라,술이 너보다 낫더라,"25,936",5431090
95,-66,['종현 (JONGHYUN)'],데자-부 (Deja-Boo) (Feat. Zion.T),The 1st Mini Album `BASE`,"56,492",5533607
96,-26,['에일리'],그대도 같은가요,빛나거나 미치거나 OST Part.1,"15,697",5552200
97,New,['에릭남 (Eric Nam)'],괜찮아 괜찮아,괜찮아 괜찮아,"24,012",5612384
98,New,['미쓰에이'],다른 남자 말고 너,Colors,"78,674",5644636
99,-38,['개코'],"화장 지웠어 (Feat. Zion.T, HA:TFELT) (No Make Up)",REDINGRAY,"62,880",5415175
100,New,['백지영'],새벽 가로수길 (With 송유빈),새벽 가로수길,"55,404",5637019
