﻿rank,rank_change,singer,title,album,like,song_code
1,+39,['여자친구 (GFRIEND)'],시간을 달려서 (Rough),여자친구 3rd Mini Album `SNOWFLAKE`,"152,982",8028701
2,+56,['엠씨더맥스'],어디에도,pathos,"197,386",8033528
3,+26,['지코 (ZICO)'],너는 나 나는 너,Break Up 2 Make Up,"140,226",8028724
4,New,['태연 (TAEYEON)'],Rain,Rain - SM STATION,"152,650",8042553
5,+14,['Crush'],잊어버리지마 (Feat. 태연),잊어버리지마,"156,910",8026677
6,-4,"['수지 (SUZY)', '백현 (BAEKHYUN)']",Dream (Prod. by 박근태),Dream,"175,617",8005879
7,-2,['이적'],걱정말아요 그대,응답하라 1988 OST Part.2,"160,607",7921208
8,-1,['TWICE (트와이스)'],OOH-AHH하게,THE STORY BEGINS,"147,272",7891119
9,-3,['케이윌'],니가 하면 로맨스 (Feat. 다비치),니가 하면 로맨스,"48,503",8004377
10,-7,['오혁'],소녀,응답하라 1988 OST Part.3,"177,372",7942948
11,New,['마마무(Mamamoo)'],I Miss You,I Miss You,"71,926",8036303
12,New,['WINNER'],센치해,EXIT : E,"75,214",8038492
13,+5,['여자친구 (GFRIEND)'],오늘부터 우리는 (Me Gustas Tu),여자친구 2nd Mini Album `Flower Bud`,"129,756",5791706
14,-13,['개리'],또 하루 (Feat. 개코),또 하루,"76,776",7999021
15,-1,['임창정'],또 다시 사랑,또 다시 사랑,"194,725",7861392
16,-8,['지코 (ZICO)'],유레카 (Feat. Zion.T),GALLERY,"91,778",7965449
17,-13,['김나영'],어땠을까,어땠을까,"72,328",7998349
18,-2,['지코 (ZICO)'],Boys And Girls (Feat. Babylon),Boys and Girls,"148,638",7911687
19,-8,['김필'],청춘 (Feat. 김창완),응답하라 1988 OST Part.1,"81,287",7909196
20,+59,['지코 (ZICO)'],사랑이었다 (Feat. 루나 of f(x)),Break Up 2 Make Up,"100,453",8028725
21,-11,['노을'],함께,응답하라 1988 OST Part.7,"64,209",7985298
22,New,['WINNER'],BABY BABY,EXIT : E,"45,911",8038491
23,-14,['싸이 (PSY)'],DADDY (Feat. CL of 2NE1),칠집싸이다,"61,633",7956304
24,+6,['러블리즈'],Ah-Choo,Lovelyz8,"79,108",7870472
25,-13,['박보람'],혜화동 (혹은 쌍문동),응답하라 1988 OST Part.4,"71,153",7953577
26,-4,['백예린'],우주를 건너,FRANK,"128,821",7953958
27,-7,['EXID'],HOT PINK,HOT PINK,"44,645",7935396
28,-5,['Adele'],Hello,Hello,"149,760",7899235
29,-1,['태연 (TAEYEON)'],I (Feat. 버벌진트),I - The 1st Mini Album,"181,677",7877917
30,-3,['iKON'],취향저격,WELCOME BACK,"148,428",7854179
31,New,['장범준'],회상,시그널 OST Part.1,"48,895",8038458
32,-0,['거미'],친구라도 될 걸 그랬어,Like Them,"75,843",418598
33,-18,['싸이 (PSY)'],나팔바지,칠집싸이다,"59,175",7956303
34,-9,['아이유'],스물셋,CHAT-SHIRE,"145,030",7896508
35,-22,['윤미래'],사랑이 맞을거야,사랑이 맞을거야,"47,558",7975242
36,-3,['Zion.T'],No Make Up,No Make Up,"128,288",7881505
37,-0,"['Crush', '로꼬']",아마도 그건,투유 프로젝트 - 슈가맨 Part.3,"80,553",7912749
38,-14,"['San E', '매드클라운']",못먹는 감 (Sour Grapes),못먹는 감,"66,684",7933703
39,New,['4minute'],싫어 (Hate),Act. 7,"18,963",8038718
40,New,['김범수'],그댄 행복에 살텐데,투유 프로젝트 - 슈가맨 Part.16,"37,241",8042169
41,-24,['EXO'],Sing For You,"SING FOR YOU - 겨울 스페셜 앨범, 2015","122,412",7971052
42,-8,['기현 (Kihyun)'],세월이 가면,응답하라 1988 OST Part.9,"31,389",7999470
43,+4,['AOA'],심쿵해 (Heart Attack),Heart Attack,"87,469",5748406
44,-23,['디셈버'],네게 줄 수 있는건 오직 사랑뿐,응답하라 1988 OST Part.5,"31,546",7964823
45,New,['마마무(Mamamoo)'],1cm의 자존심,1cm의 자존심,"43,822",8049264
46,-3,['Sam Smith'],I`m Not The Only One,In The Lonely Hour,"218,002",4660794
47,-6,['MINO (송민호)'],겁 (Feat. 태양),쇼미더머니 4 Episode 5,"145,794",5826447
48,New,['백지영'],약도 없대요 (Feat. 버벌진트),약도 없대요,"8,228",8033908
49,-0,['이승기'],나 군대 간다,나 군대 간다,"21,028",8024756
50,-19,['iKON'],덤앤더머 (DUMB & DUMBER),WELCOME BACK,"42,699",7991610
51,New,['PRODUCE 101'],PICK ME,PRODUCE 101 - PICK ME,"55,300",7982920
52,-13,['개리'],바람이나 좀 쐐 (Feat. 우혜미),2002,"102,596",7858908
53,New,['DEAN'],"what2do (Feat. Crush, Jeff Bernat)","what2do (Feat. Crush, Jeff Bernat)","90,326",8034004
54,+2,['박효신'],야생화,야생화,"299,799",4543502
55,New,['려욱 (RYEOWOOK)'],어린왕자 (The Little Prince),어린왕자 (The Little Prince) - The 1st Mini Album,"49,262",8034012
56,-4,['Red Velvet (레드벨벳)'],Dumb Dumb,The Red - The 1st Album,"96,462",7847861
57,-13,['박효신'],기억속의 먼 그대에게,Neo Classicism,"74,824",851429
58,-1,['Zion.T'],꺼내 먹어요,Eat,"151,527",5702706
59,-33,['터보'],다시 (Feat. 유재석),AGAIN (다시),"24,291",7985328
60,+6,['BIGBANG'],뱅뱅뱅 (BANG BANG BANG),A,"192,528",5719286
61,+6,['백아연'],이럴거면 그러지말지 (Feat. Young K),이럴거면 그러지말지,"188,156",5704397
62,+18,['엠씨더맥스'],그 남잔 말야,냄새를 보는 소녀 OST Part.5,"74,492",5668985
63,-12,['방탄소년단'],RUN,화양연화 pt.2,"165,902",7953785
64,-29,['EXO'],불공평해 (Unfair),"SING FOR YOU - 겨울 스페셜 앨범, 2015","106,490",7971051
65,New,"['첸 (CHEN)', '펀치 (Punch)']",Everytime,태양의 후예 OST Part.2,"126,181",8067023
66,New,['엠씨더맥스'],괜찮다가도,pathos,"16,147",8033530
67,-5,"['MINO (송민호)', '지코 (ZICO)']",Okey Dokey,쇼미더머니 4 Episode 6,"83,967",5835766
68,New,['마마무(Mamamoo)'],넌 is 뭔들,Melting,"106,012",8068881
69,-10,['박경'],보통연애 (Feat. 박보람),보통연애,"102,350",7860122
70,-28,['포맨'],안아보자,4MEN 1st Live Album,"46,791",7924015
71,New,['엠씨더맥스'],아스라이,pathos,"24,223",8033529
72,-18,['iKON'],리듬 타 (RHYTHM TA),WELCOME BACK,"67,683",7870705
73,New,['엠씨더맥스'],어김없이,pathos,"40,291",8033532
74,-6,['Zion.T'],양화대교,양화대교,"172,990",5389475
75,-22,"['소유 (SOYOU)', '권정열']",어깨,어깨,"79,349",7858989
76,-4,['혁오 (HYUKOH)'],위잉위잉,20,"174,601",5385974
77,-27,['iKON'],지못미,WELCOME BACK,"59,942",7931712
78,-23,['EXO'],LOVE ME RIGHT,LOVE ME RIGHT - The 2nd Album Repackage,"180,818",5721440
79,New,['유승우'],뭐 어때 (Feat. 크루셜스타) (Whatever),Pit a Pat,"12,527",8040495
80,-7,['WINNER'],사랑가시 (민호&태현),EXIT : E,"39,466",8009782
81,-36,['싸이 (PSY)'],Dream (Feat. XIA of JYJ),칠집싸이다,"40,091",7956305
82,-36,['노을'],이별밖에,이별밖에,"31,149",7946059
83,-23,['여은'],이젠 잊기로 해요,응답하라 1988 OST Part.10,"25,022",8009716
84,New,['정인'],UUU,rare,"16,786",8030716
85,-14,['EXO'],CALL ME BABY,The 2nd Album `EXODUS`,"154,254",5644620
86,New,"['허각', '브로맨스 (VROMANCE)']",벌써 겨울,벌써 겨울,"9,345",8044421
87,New,['AOA CREAM'],질투 나요 BABY,질투 나요 BABY,"13,826",8049050
88,New,['유승우'],선 (Feat. 우효) (45.7cm),Pit a Pat,"43,012",8020880
89,-53,['다비치'],화이트(WHITE) (Feat. 박재범),D-MAKE,"26,962",7979764
90,New,['여자친구 (GFRIEND)'],유리구슬 (Glass Bead),여자친구 1st Mini Album `Season Of Glass`,"69,500",5546489
91,-53,['소진 (Sojin)'],매일 그대와,응답하라 1988 OST Part.8,"19,887",7993256
92,New,['지아'],눈물,Color Series Part.1 `WHITE`,"5,369",8046358
93,New,"['유영진', '디오 (D.O.)']",Tell Me (What Is Love),Tell Me (What Is Love) - SM STATION,"49,952",8059290
94,New,['윤미래'],ALWAYS,태양의 후예 OST Part.1,"107,443",8053157
95,New,['손승연'],MS.BURGUNDY (미스 버건디),MS.BURGUNDY (미스 버건디),"9,430",8044371
96,-35,['가인'],열두 시가 되면,열두 시가 되면,"28,286",7987620
97,-14,['지코 (ZICO)'],날 (Feat. JTONG),Boys and Girls,"48,311",7911686
98,New,['Justin Bieber'],Love Yourself,Purpose (Deluxe),"210,500",7931286
99,New,['김태우'],이별이 오지 못하게,투유 프로젝트 - 슈가맨 Part.16,"4,485",8042168
100,New,"['매드클라운', '브라더수']",만화처럼 (Like Romance Comics),만화처럼,"20,181",8057799
