﻿rank,rank_change,singer,title,album,like,song_code
1,+17,"['San E', '레이나 (Raina)']",한여름밤의 꿀,"San E, 레이나 Project Single `한여름밤의 꿀`","143,255",4681146
2,+1,['태양'],"눈, 코, 입",RISE,"164,285",4671151
3,New,['케이윌'],오늘부터 1일 (Day 1),ONE FINE DAY,"61,298",4706174
4,New,['윤하 (YOUNHA)'],우산,우산,"86,073",4711065
5,New,['god'],하늘색 약속,Chapter 8,"56,725",4714217
6,+77,['AOA'],단발머리 (Short Hair),단발머리,"50,380",4693165
7,-6,"['정인', '개리']",사람냄새,정인&개리 디지털 싱글 `사람냄새`,"101,130",4660909
8,+23,['Maroon 5'],Maps,Maps,"126,214",4688375
9,New,"['허각', '정은지']",이제 그만 싸우자,`A Cube` For Season # Sky Blue,"44,093",4723861
10,New,"['울랄라세션', '아이유']",애타는 마음,애타는 마음,"82,939",4711007
11,-5,['San E'],나 왜이래 (Feat. 강민희 Of 미스에스),너희들은 포위됐다 OST Part.1,"51,542",4665220
12,-5,['아이유'],너의 의미 (Feat. 김창완),꽃갈피,"185,223",4646573
13,+31,['비스트'],Good Luck,Good Luck,"63,376",4686392
14,-12,['플라이 투 더 스카이'],너를 너를 너를,CONTINUUM,"86,372",4639518
15,New,['걸스데이'],Darling,GIRL`S DAY EVERYDAY #4,"61,838",4734486
16,New,['f(x)'],Red Light,The 3rd Album `Red Light`,"35,098",4721314
17,New,"['에일리', '2LSON']",I`m In Love,re;code Episode V,"51,884",4734489
18,-8,['다비치'],헤어졌다 만났다,Again,"23,591",4674167
19,New,['박명수'],"명수네 떡볶이 (Feat. 김예림, UL)","명수네 떡볶이 (Feat. 김예림, UL)","24,594",4749449
20,-16,['아이유'],나의 옛날이야기,꽃갈피,"151,148",4645220
21,-10,['박효신'],야생화,야생화,"299,797",4543502
22,+40,"['신용재', '이해리 (다비치)']",니가 빈 자리,Acoustic Project #1. Cloud,"29,808",4691117
23,-15,['EXO-K'],중독 (Overdose),The 2nd Mini Album `중독 (Overdose)`,"123,848",4633162
24,-19,['정기고'],너를 원해 (Feat. Beenzino),Want U,"54,058",4603433
25,-8,"['소유 (SOYOU)', '정기고']",썸 (Feat. 릴보이 Of 긱스),썸,"166,388",4433490
26,-14,['Apink (에이핑크)'],Mr. Chu (On Stage),Pink Blossom,"93,676",4562881
27,-18,"['HIGH4 (하이포)', '아이유']",봄 사랑 벚꽃 말고,봄 사랑 벚꽃 말고,"175,987",4579468
28,New,['Bro'],고백했는데,고백했는데,"19,261",4722450
29,+29,['다이나믹 듀오'],Summer Time (자리비움),CustoMIC Prologue,"16,277",4688674
30,-15,['전효성'],Good-night Kiss,TOP SECRET,"30,702",4635740
31,New,['god'],우리가 사는 이야기 (Feat. 메건리),Chapter 8,"22,359",4729593
32,New,['씨스타'],Touch My Body,TOUCH N MOVE,"63,064",4756304
33,New,['마마무(Mamamoo)'],Mr.애매모호,Hello,"50,434",4691278
34,-10,['아이유'],금요일에 만나요 (Feat. 장이정 Of HISTORY),Modern Times - Epilogue,"215,257",4369827
35,-19,['AKMU (악동뮤지션)'],200%,PLAY,"128,715",4583482
36,+24,['범키'],집이 돼줄게,범키 Special Single `집이 돼줄게`,"24,109",4686952
37,-24,['신용재'],사랑하는 그대여,사랑하는 그대여,"75,502",4666402
38,-16,['에디킴'],너 사용법,너 사용법,"129,178",4586092
39,-13,['비스트'],이젠 아니야,이젠 아니야,"45,273",4677133
40,New,['스윙스'],"전화번호 (Feat. 버벌진트, 40)",감정기복 II Part. 2 : 강박증 (Obsessive Compulsive Disorder),"40,871",4751624
41,-27,['god'],미운오리새끼,미운오리새끼,"79,551",4635701
42,New,['블락비 (Block B)'],JACKPOT,HER,"66,843",4591400
43,-14,['Crush'],Hug Me (Feat. Gaeko),Crush On You,"67,801",4674344
44,New,['효민'],Nice Body (With 로꼬),Make Up,"15,812",4711120
45,New,"['다이나믹 듀오', 'DJ Premier']",AEAO,A Giant Step,"25,747",4749304
46,-8,['로꼬'],감아 (Feat. Crush),감아,"131,287",4527879
47,-28,['정키'],내가 할 수 없는 말 (Feat. 나비),EMOTION,"53,949",4665107
48,-21,"['윤민수(바이브)', '신용재']",인연,불후의 명곡 - 전설을 노래하다 (이선희 2편),"73,287",4582959
49,+6,['AOA'],짧은 치마 (Miniskirt),짧은 치마,"54,446",4400561
50,New,['빈지노 (Beenzino)'],How Do I Look ?,Up All Night,"32,849",4749620
51,-8,['거미'],사랑했으니..됐어,사랑했으니..됐어,"17,144",4674336
52,-18,['이선희'],그 중에 그대를 만나,15집 `SERENDIPITY` 30주년 기념앨범,"120,379",4544242
53,+6,"['David Guetta', 'Showtek']",Bad (Feat. Vassy) (Radio Edit),Bad (Feat. Vassy) (Radio Edit),"59,126",4585736
54,-29,['AKMU (악동뮤지션)'],Give Love,PLAY,"92,504",4583481
55,-22,['오렌지 캬라멜'],까탈레나 (Catallena),The Third Single Catallena,"41,074",4503810
56,New,['다비치'],움직이지마,움직이지마,"7,980",4724122
57,-36,['태연 (TAEYEON)'],사랑 그 한마디,너희들은 포위됐다 OST Part.2,"24,881",4667457
58,New,['버벌진트'],"반도의흔한랩퍼 (Feat. San E, 스윙스)",반도의흔한랩퍼,"10,962",4706588
59,-39,['아이유'],사랑이 지나가면,꽃갈피,"68,369",4646572
60,-23,['매드클라운'],견딜만해 (Feat. 효린 Of 씨스타),표독,"49,017",4579474
61,-38,['휘성 (Realslow)'],Night And Day,The Best Man,"37,589",4639335
62,New,['god'],Saturday Night,Chapter 8,"16,799",4729579
63,-10,['2BIC(투빅)'],요즘 바쁜가봐,Soul Mate (소울메이트),"58,409",4594680
64,New,"['손승연', 'The One (더원)']",바라만 보네요,바라만 보네요,"13,779",4690053
65,New,['f(x)'],MILK,The 3rd Album `Red Light`,"23,465",4727298
66,-25,['2NE1'],Come Back Home,CRUSH,"71,969",4478187
67,New,['god'],노래 불러줘요 (Feat. 아이유),Chapter 8,"24,538",4729598
68,+24,['다비치'],팔베개,"6,7","9,182",4692825
69,-6,['프라이머리'],자니 (Feat. Dynamic Duo),자니,"155,966",3726617
70,-24,['임창정'],흔한 노래,흔한 노래... 흔한 멜로디...,"68,281",4512170
71,-36,['태양'],Stay With Me (Feat. G-Dragon Of Bigbang),RISE,"30,983",4671153
72,-18,['2NE1'],멘붕 (CL Solo),CRUSH,"36,321",4478191
73,New,['B1A4'],SOLO DAY,SOLO DAY,"33,675",4743081
74,-32,['태양'],새벽한시 (1AM),RISE,"31,099",4671152
75,+5,['Jeff Bernat'],Call You Mine (Feat. Geologic Of The Blue Scholars),The Gentleman Approach,"151,486",3808189
76,-11,['성시경'],너의 모든 순간,별에서 온 그대 OST Part.7,"130,740",4446485
77,-28,['배치기'],뜨래요 (Feat. 앙리 Of 3B),뜨래요,"34,084",4532820
78,New,['김나영'],가끔 내가,가끔 내가,"45,987",4709050
79,New,['GOT7 (갓세븐)'],A,GOT♡,"32,488",4697864
80,New,['god'],보통날 (Original Ver.),Chapter 8,"16,797",4729578
81,-30,['Bro'],그런 남자,그런 남자,"55,281",4535038
82,-50,['유나킴'],"이젠 너 없이도 (Feat. 윤미래, 타이거 JK, Bizzy)",Love Me Love,"22,056",4650421
83,-27,['2NE1'],너 아님 안돼,CRUSH,"47,117",4478188
84,-13,['걸스데이'],Something,걸스데이 미니앨범 3집,"67,019",4383773
85,New,['2BIC(투빅)'],뒤로걷기,2nd Mini Repackage Album `뒤로걷기`,"13,199",4703371
86,New,['블락비 (Block B)'],HER,HER,"112,179",4764928
87,-23,['Crush'],가끔,가끔,"61,591",4572941
88,New,['f(x)'],All Night,The 3rd Album `Red Light`,"27,008",4727317
89,New,['인피니트'],Back,Be Back,"58,614",4756411
90,-62,['백지영'],여전히 뜨겁게,여전히 뜨겁게,"11,511",4656602
91,-55,['인피니트'],Last Romeo,Season 2,"45,124",4649342
92,New,['씨스타'],나쁜손 (Feat. 버벌진트) (Naughty Hands),TOUCH N MOVE,"15,090",4756305
93,-54,['플라이 투 더 스카이'],니목소리,CONTINUUM,"16,966",4649655
94,New,['라디 (Ra. D)'],Fly Away,Fly Away,"5,391",4713839
95,-25,['2NE1'],살아 봤으면 해,CRUSH,"52,408",4478189
96,-27,['엠씨더맥스'],그대가 분다,UNVEILING,"111,593",4381724
97,-22,['정키'],홀로 (Feat. 김나영),Break Up,"134,921",3893169
98,New,['유승우'],밤이 아까워서 (Clean Ver.),유승우,"11,291",4736613
99,-69,['서인국'],봄 타나봐 (BOMTANABA),봄 타나봐 (BOMTANABA),"29,497",4643439
100,-24,['EXO'],으르렁 (Growl),The 1st Album `XOXO` Repackage,"180,286",4193337
