﻿rank,rank_change,singer,title,album,like,song_code
1,-0,['윤종신'],좋니,LISTEN 010 좋니,"326,752",30486509
2,New,['우원재'],시차 (We Are) (Feat. 로꼬 & GRAY),시차 (We Are),"265,654",30613202
3,+24,['선미'],가시나,SUNMI SPECIAL EDITION `가시나`,"154,568",30587846
4,-2,['헤이즈 (Heize)'],비도 오고 그래서 (Feat. 신용재),/// (너 먹구름 비),"241,349",30492279
5,New,['아이유'],가을 아침,꽃갈피 둘,"228,952",30636089
6,-1,['황치열'],매일 듣는 노래 (A Daily Song),Be Ordinary,"176,630",30467550
7,+87,['행주'],"Red Sun (Feat. ZICO, Swings)",쇼미더머니 6 Episode 4,"67,552",30601121
8,-1,['Wanna One (워너원)'],에너제틱 (Energetic),1X1=1(TO BE ONE),"297,841",30568338
9,+3,['아이유'],밤편지,밤편지,"352,396",30314784
10,-6,['Red Velvet (레드벨벳)'],빨간 맛 (Red Flavor),The Red Summer - Summer Mini Album,"218,916",30512671
11,-8,"['넉살', '한해', 'RYNO (라이노)', '조우찬']",N분의1 (Feat. 다이나믹듀오),쇼미더머니 6 Episode 1,"89,078",30566061
12,+20,['박원'],all of my life,0M,"212,891",30550388
13,-5,['BLACKPINK'],마지막처럼,마지막처럼,"183,856",30481578
14,-8,"['행주', '양홍원', 'Hash Swan', '킬라그램 (KILLAGRAMZ)']","요즘것들 (Feat. ZICO, DEAN)",쇼미더머니 6 Episode 1,"78,715",30566064
15,-6,['헤이즈 (Heize)'],널 너무 모르고,/// (너 먹구름 비),"137,970",30492276
16,-5,"['볼빨간사춘기', '스무살']",남이 될 수 있을까,남이 될 수 있을까,"161,999",30468654
17,-1,['Ed Sheeran'],Shape of You,÷ (Deluxe),"275,772",30188113
18,-8,['지코 (ZICO)'],Artist,TELEVISION,"121,884",30519033
19,+1,['버즈'],사랑하지 않은 것처럼,`Be One` - Buzz The 1st Mini Album,"119,469",30550293
20,-7,['EXO'],Ko Ko Bop,THE WAR - The 4th Album,"323,114",30529996
21,-3,['볼빨간사춘기'],처음부터 너와 나,군주 - 가면의 주인 OST Part.2,"136,105",30414090
22,+2,['아이유'],팔레트 (Feat. G-DRAGON),Palette,"214,540",30378156
23,New,['현아'],베베 (BABE),Following,"52,589",30605241
24,New,['넉살'],필라멘트 (Feat. BSK A.K.A 김범수),쇼미더머니 6 Episode 4,"38,220",30601123
25,-11,['여자친구 (GFRIEND)'],귀를 기울이면 (LOVE WHISPER),여자친구 The 5th Mini Album `PARALLEL`,"82,330",30558525
26,New,['방탄소년단'],DNA,LOVE YOURSELF 承 `Her`,"359,651",30637982
27,-8,['G-DRAGON'],"무제(無題) (Untitled, 2014)",권지용,"186,719",30461396
28,-2,['SURAN (수란)'],오늘 취하면 (Feat. 창모) (Prod. SUGA),WINE,"196,742",30390068
29,-8,['Wanna One (워너원)'],활활 (Burn It Up),1X1=1(TO BE ONE),"163,827",30568337
30,-2,['청하'],Why Don`t You Know (Feat. 넉살),Hands on Me,"131,146",30457690
31,-16,['마마무(Mamamoo)'],나로 말할 것 같으면 (Yes I am),Purple,"113,172",30488202
32,New,['아이유'],잠 못 드는 밤 비는 내리고,꽃갈피 둘,"114,674",30646585
33,-0,['에일리'],첫눈처럼 너에게 가겠다,도깨비 OST Part.9,"298,831",30190630
34,New,['EXO'],Power,The Power of Music - The 4th Album Repackage,"183,927",30616684
35,+29,['방탄소년단'],봄날,YOU NEVER WALK ALONE,"459,261",30244931
36,+48,"['행주', '양홍원']",SEARCH (Feat. 카더가든),쇼미더머니 6 Episode 3,"33,252",30588628
37,-8,['AKMU (악동뮤지션)'],DINOSAUR,SUMMER EPISODE,"125,976",30536155
38,-21,['WINNER'],LOVE ME LOVE ME,OUR TWENTY FOR,"109,854",30565334
39,-3,"['마크툽 (MAKTUB)', '구윤회']",Marry Me,마크툽 프로젝트 Vol.03,"172,878",4786735
40,-10,['WINNER'],REALLY REALLY,FATE NUMBER FOR,"220,673",30341745
41,-16,['지코 (ZICO)'],FANXY CHILD (Feat. FANXY CHILD),TELEVISION,"72,353",30519035
42,-19,['싸이 (PSY)'],New Face,PSY 8th 4X2=8,"87,706",30403590
43,-3,['아이유'],사랑이 잘 (With 오혁),사랑이 잘,"169,968",30349593
44,-10,['한동근'],미치고 싶다,한동근 1ST ALBUM `Your Diary`,"73,444",30399360
45,+5,['킬라그램 (KILLAGRAMZ)'],"어디 (Feat. DEAN, ZICO)",쇼미더머니 6 Episode 2,"39,913",30576771
46,-2,['DEAN'],D (half moon) (Feat. 개코),130 mood : TRBL,"215,612",8109412
47,+49,['우원재'],"또 (Feat. Tiger JK, Bizzy, 마샬(MRSHLL))",쇼미더머니 6 Episode 3,"41,250",30588627
48,+1,['The Chainsmokers'],Closer (Feat. Halsey),Collage EP,"194,847",8287788
49,-27,['Apink (에이핑크)'],FIVE,Pink UP,"76,187",30492606
50,+9,['엠씨더맥스'],어디에도,pathos,"197,386",8033528
51,-20,['TWICE (트와이스)'],SIGNAL,SIGNAL,"122,471",30413326
52,-9,['볼빨간사춘기'],좋다고 말해,Full Album RED PLANET `Hidden Track`,"191,503",30163110
53,-2,['볼빨간사춘기'],나만 안되는 연애,Full Album RED PLANET,"178,491",9620473
54,New,['10CM'],폰서트,4.0,"135,243",30611680
55,-16,['Wanna One (워너원)'],Wanna Be (My Baby),1X1=1(TO BE ONE),"129,872",30568339
56,-10,['BLACKPINK'],불장난,SQUARE TWO,"155,358",30069773
57,-20,"['효린', '창모 (CHANGMO)']",BLUE MOON (Prod. GroovyRoom),BLUE MOON,"145,243",30367365
58,-3,['Justin Bieber'],Love Yourself,Purpose (Deluxe),"210,501",7931286
59,-17,['헤이즈 (Heize)'],돌아오지마 (Feat. 용준형 Of 비스트),돌아오지마,"174,034",8143111
60,-8,['볼빨간사춘기'],우주를 줄게,Full Album RED PLANET,"251,441",9620469
61,-8,['뉴이스트 W'],있다면,NU`EST W `있다면`,"121,560",30543235
62,+7,['길구봉구'],바람이 불었으면 좋겠어,바람이 불었으면 좋겠어,"117,129",4383833
63,+16,"['넉살', '조우찬']","부르는게 값이야 (Feat. 개코, 던밀스)",쇼미더머니 6 Episode 3,"24,522",30588629
64,+1,['한동근'],그대라는 사치,The 3rd Digital Single `그대라는 사치`,"170,315",9614761
65,-8,['뉴이스트'],여보세요,THE SECOND MINI ALBUM `여보세요`,"131,156",4032981
66,-25,['양홍원'],아침에 (Feat. Bryn),아침에,"59,189",30495638
67,-1,['정승환'],너였다면,또 오해영 OST Part.5,"182,137",8203900
68,-33,['소녀시대 (GIRLS` GENERATION)'],Holiday,Holiday Night - The 6th Album,"72,154",30565630
69,-8,"['The Chainsmokers', 'Coldplay']",Something Just Like This,Memories...Do Not Open,"143,962",30271730
70,+16,['태양'],DARLING,WHITE NIGHT,"40,498",30581595
71,New,['우원재'],MOVE (Feat. Bizzy),쇼미더머니 6 Episode 5,"27,136",30612159
72,-24,['EXO'],전야 (前夜) (The Eve),THE WAR - The 4th Album,"202,787",30529995
73,-19,['창모 (CHANGMO)'],아름다워,돈 벌 시간 2,"149,822",8276709
74,-18,['박재범'],"All I Wanna Do (K) (Feat. Hoody, Loco)",EVERYTHING YOU WANTED,"153,916",30049271
75,New,['볼빨간사춘기'],썸 탈꺼야,Red Diary Page.1,"177,700",30657307
76,-29,['국민의 아들'],NEVER,PRODUCE 101 - 35 Boys 5 Concepts,"148,422",30453635
77,New,['아이유'],비밀의 화원,꽃갈피 둘,"90,952",30646584
78,-5,['아이오아이 (I.O.I)'],소나기,소나기,"159,385",30208070
79,New,['방탄소년단'],Best Of Me,LOVE YOURSELF 承 `Her`,"183,255",30637983
80,-42,['싸이 (PSY)'],I LUV IT,PSY 8th 4X2=8,"75,358",30403589
81,-14,['EXO'],What U do?,THE WAR - The 4th Album,"157,640",30529997
82,New,['10CM'],HELP,HELP,"46,998",30602534
83,New,['방탄소년단'],피 땀 눈물,WINGS,"275,937",30029173
84,-8,['EXO'],기억을 걷는 밤 (Walk On Memories),THE WAR - The 4th Album,"155,825",30530002
85,-10,['EXO'],Forever,THE WAR - The 4th Album,"160,014",30529998
86,New,"['정세운', '식케이 (Sik-K)']",JUST U (PROD. GroovyRoom),EVER,"65,043",30609787
87,New,['멜로망스'],선물,Moonlight,"288,465",30514366
88,-26,['TWICE (트와이스)'],KNOCK KNOCK,TWICEcoaster : LANE 2,"161,128",30261007
89,New,['우원재'],"진자 (ZINZA) (Feat. YDG, 수란)",쇼미더머니 6 Episode 4,"22,254",30601119
90,New,['EXO'],Sweet Lies,The Power of Music - The 4th Album Repackage,"104,513",30616685
91,New,['프라이머리'],Right? (Feat. 소유),Pop,"15,568",30607341
92,New,['Junoflo (주노플로)'],"비틀어 (Twisted) (Feat. 김효은, CHANGMO)",쇼미더머니 6 Episode 4,"16,358",30601122
93,-8,['EXO'],너의 손짓 (Touch It),THE WAR - The 4th Album,"147,422",30530000
94,New,['방탄소년단'],보조개,LOVE YOURSELF 承 `Her`,"146,199",30637984
95,New,['방탄소년단'],고민보다 Go,LOVE YOURSELF 承 `Her`,"204,933",30637988
96,-28,['정키'],부담이 돼 (Feat. 휘인 Of 마마무),EMPTY,"123,707",30290011
97,New,['아이유'],매일 그대와,꽃갈피 둘,"48,593",30646588
98,-10,['EXO'],다이아몬드 (Diamond),THE WAR - The 4th Album,"145,917",30529999
99,-41,['Wanna One (워너원)'],이 자리에 (Acoustic Ver.),1X1=1(TO BE ONE),"112,965",30568340
100,-37,['혁오 (HYUKOH)'],TOMBOY,23,"147,397",30383949
