﻿rank,rank_change,singer,title,album,like,song_code
1,+31,['씨스타'],Touch My Body,TOUCH N MOVE,"63,064",4756304
2,-1,"['San E', '레이나 (Raina)']",한여름밤의 꿀,"San E, 레이나 Project Single `한여름밤의 꿀`","143,255",4681146
3,New,['박보람'],예뻐졌다 (Feat. 지코 Of Block B),예뻐졌다,"74,319",4789747
4,+82,['블락비 (Block B)'],HER,HER,"112,179",4764928
5,+10,['걸스데이'],Darling,GIRL`S DAY EVERYDAY #4,"61,838",4734486
6,New,['WINNER'],공허해,2014 S/S,"143,486",4806686
7,New,['San E'],Body Language (Feat. 범키),Body Language,"46,099",4785453
8,New,['현아'],빨개요,A Talk,"29,821",4771771
9,-7,['태양'],"눈, 코, 입",RISE,"164,285",4671151
10,New,['다비치'],괜찮아 사랑이야,괜찮아 사랑이야 OST Part 2,"65,872",4779294
11,-5,['AOA'],단발머리 (Short Hair),단발머리,"50,380",4693165
12,New,['Crush'],잠 못드는 밤 (Feat. 펀치 (Punch)),괜찮아 사랑이야 OST Part 3,"73,555",4793898
13,+29,['블락비 (Block B)'],JACKPOT,HER,"66,843",4591400
14,-5,"['허각', '정은지']",이제 그만 싸우자,`A Cube` For Season # Sky Blue,"44,093",4723861
15,+4,['박명수'],"명수네 떡볶이 (Feat. 김예림, UL)","명수네 떡볶이 (Feat. 김예림, UL)","24,594",4749449
16,New,['B.I'],BE I,쇼미더머니3 Part.1,"43,180",4800614
17,-7,"['울랄라세션', '아이유']",애타는 마음,애타는 마음,"82,939",4711007
18,-6,['아이유'],너의 의미 (Feat. 김창완),꽃갈피,"185,223",4646573
19,New,['장범준'],어려운 여자,장범준 1집,"32,267",4821170
20,-13,"['정인', '개리']",사람냄새,정인&개리 디지털 싱글 `사람냄새`,"101,130",4660909
21,-13,['Maroon 5'],Maps,Maps,"126,214",4688375
22,New,['WINNER'],컬러링,2014 S/S,"68,007",4806687
23,-20,['케이윌'],오늘부터 1일 (Day 1),ONE FINE DAY,"61,298",4706174
24,New,['첸 (CHEN)'],최고의 행운,괜찮아 사랑이야 OST Part 1,"115,355",4762446
25,-8,"['에일리', '2LSON']",I`m In Love,re;code Episode V,"51,884",4734489
26,-15,['San E'],나 왜이래 (Feat. 강민희 Of 미스에스),너희들은 포위됐다 OST Part.1,"51,542",4665220
27,+13,['스윙스'],"전화번호 (Feat. 버벌진트, 40)",감정기복 II Part. 2 : 강박증 (Obsessive Compulsive Disorder),"40,871",4751624
28,-24,['윤하 (YOUNHA)'],우산,우산,"86,073",4711065
29,+60,['인피니트'],Back,Be Back,"58,614",4756411
30,+8,['에디킴'],너 사용법,너 사용법,"129,178",4586092
31,-26,['god'],하늘색 약속,Chapter 8,"56,725",4714217
32,-18,['플라이 투 더 스카이'],너를 너를 너를,CONTINUUM,"86,372",4639518
33,New,['장범준'],사랑이란 말이 어울리는 사람(사말어사),장범준 1집,"47,947",4821171
34,New,"['스윙스', '에일리']",A Real Man,"스윙스, 에일리 Digital Single `A Real Man`","45,887",4832150
35,-10,"['소유 (SOYOU)', '정기고']",썸 (Feat. 릴보이 Of 긱스),썸,"166,388",4433490
36,-15,['박효신'],야생화,야생화,"299,797",4543502
37,New,['올티 (Olltii)'],OLL` Ready,쇼미더머니3 올티vs육지담,"16,575",4793764
38,New,['BOBBY'],가,쇼미더머니3 Part.2,"39,243",4814576
39,+53,['씨스타'],나쁜손 (Feat. 버벌진트) (Naughty Hands),TOUCH N MOVE,"15,090",4756305
40,+5,"['다이나믹 듀오', 'DJ Premier']",AEAO,A Giant Step,"25,747",4749304
41,New,['Red Velvet (레드벨벳)'],행복 (Happiness),The 1st Single `행복 (Happiness)`,"76,506",4774996
42,-16,['Apink (에이핑크)'],Mr. Chu (On Stage),Pink Blossom,"93,676",4562881
43,-16,"['HIGH4 (하이포)', '아이유']",봄 사랑 벚꽃 말고,봄 사랑 벚꽃 말고,"175,987",4579468
44,New,['WINNER'],끼부리지마,2014 S/S,"87,207",4806688
45,-11,['아이유'],금요일에 만나요 (Feat. 장이정 Of HISTORY),Modern Times - Epilogue,"215,257",4369827
46,-33,['비스트'],Good Luck,Good Luck,"63,376",4686392
47,-27,['아이유'],나의 옛날이야기,꽃갈피,"151,148",4645220
48,-15,['마마무(Mamamoo)'],Mr.애매모호,Hello,"50,434",4691278
49,-33,['f(x)'],Red Light,The 3rd Album `Red Light`,"35,098",4721314
50,-27,['EXO-K'],중독 (Overdose),The 2nd Mini Album `중독 (Overdose)`,"123,848",4633162
51,+1,['이선희'],그 중에 그대를 만나,15집 `SERENDIPITY` 30주년 기념앨범,"120,379",4544242
52,-2,['빈지노 (Beenzino)'],How Do I Look ?,Up All Night,"32,849",4749620
53,-29,['정기고'],너를 원해 (Feat. Beenzino),Want U,"54,058",4603433
54,New,['에일리'],잠시 안녕처럼,운명처럼 널 사랑해 OST Part.6,"32,051",4810612
55,-27,['Bro'],고백했는데,고백했는데,"19,261",4722450
56,-38,['다비치'],헤어졌다 만났다,Again,"23,591",4674167
57,New,['마마무(Mamamoo)'],Love Lane,연애말고 결혼 OST Part 2,"42,191",4754435
58,New,['시크릿'],I`m In Love,SECRET SUMMER,"13,080",4803842
59,-13,['로꼬'],감아 (Feat. Crush),감아,"131,287",4527879
60,New,['BOBBY'],L4L (Lookin` For Luv) (Feat. Dok2 & The Quiett),쇼미더머니3 BOBBY vs 올티,"42,139",4828024
61,New,['아이언'],I AM,쇼미더머니3 Part.1,"17,614",4800615
62,-13,['AOA'],짧은 치마 (Miniskirt),짧은 치마,"54,446",4400561
63,-15,"['윤민수(바이브)', '신용재']",인연,불후의 명곡 - 전설을 노래하다 (이선희 2편),"73,287",4582959
64,-11,"['David Guetta', 'Showtek']",Bad (Feat. Vassy) (Radio Edit),Bad (Feat. Vassy) (Radio Edit),"59,126",4585736
65,New,['장범준'],낙엽 엔딩,장범준 1집,"14,559",4821175
66,-44,"['신용재', '이해리 (다비치)']",니가 빈 자리,Acoustic Project #1. Cloud,"29,808",4691117
67,+8,['Jeff Bernat'],Call You Mine (Feat. Geologic Of The Blue Scholars),The Gentleman Approach,"151,486",3808189
68,New,['윤미래'],너를 사랑해,괜찮아 사랑이야 OST Part.6,"75,759",4843704
69,+4,['B1A4'],SOLO DAY,SOLO DAY,"33,675",4743081
70,New,['씨스타'],I Swear,Special Album `SWEET & SOUR`,"44,525",4840373
71,-36,['AKMU (악동뮤지션)'],200%,PLAY,"128,715",4583482
72,New,['블락비 (Block B)'],보기 드문 여자,HER,"59,562",4764927
73,-36,['신용재'],사랑하는 그대여,사랑하는 그대여,"75,502",4666402
74,-44,['전효성'],Good-night Kiss,TOP SECRET,"30,702",4635740
75,New,['WINNER'],걔 세,2014 S/S,"51,682",4806689
76,-7,['프라이머리'],자니 (Feat. Dynamic Duo),자니,"155,966",3726617
77,New,['써니힐'],그 해 여름,그 해 여름,"7,467",4785802
78,New,['핫펠트 (예은)'],Ain`t Nobody,Me?,"16,620",4782193
79,New,['스윙스'],"Pool Party (Feat. 윤종신, 임슬옹, G.NA)",Pool Party,"11,037",4788387
80,-51,['다이나믹 듀오'],Summer Time (자리비움),CustoMIC Prologue,"16,277",4688674
81,New,['WINNER'],Different,2014 S/S,"65,727",4806735
82,New,['장범준'],주홍빛 거리,장범준 1집,"11,072",4821172
83,-23,['매드클라운'],견딜만해 (Feat. 효린 Of 씨스타),표독,"49,017",4579474
84,New,['JYJ'],BACK SEAT,JUST US,"27,011",4774767
85,-42,['Crush'],Hug Me (Feat. Gaeko),Crush On You,"67,801",4674344
86,-55,['god'],우리가 사는 이야기 (Feat. 메건리),Chapter 8,"22,359",4729593
87,New,['장범준'],내 마음이 그대가 되어(내마그),장범준 1집,"19,187",4821176
88,-33,['오렌지 캬라멜'],까탈레나 (Catallena),The Third Single Catallena,"41,074",4503810
89,New,['손승연'],다시 너를,Sonnet Blooms,"9,657",4779217
90,New,"['손호영', '데니안']",하루만,연애말고 결혼 OST Part.3,"7,078",4785684
91,New,"['린', '레오(LEO)']",꽃잎놀이,Y.BIRD From Jellyfish With LYn X LEO,"30,248",4788410
92,-16,['성시경'],너의 모든 순간,별에서 온 그대 OST Part.7,"130,740",4446485
93,New,['WINNER'],고백하는 거야,2014 S/S,"35,957",4806691
94,New,['정동하'],운명 같은 너,운명처럼 널 사랑해 OST Part.4,"11,331",4782649
95,-48,['정키'],내가 할 수 없는 말 (Feat. 나비),EMOTION,"53,949",4665107
96,New,['카라'],맘마미아,카라 (Kara) 6th Mini Album `Day&Night`,"20,140",4818649
97,New,['김나영'],바라고 바라고,연애말고 결혼 OST Part 4,"18,540",4800528
98,New,['Kae Sun'],Ship And The Globe,괜찮아 사랑이야 Pop OST,"21,722",4796459
99,New,['버즈'],8년만의 여름,8년만의 여름,"7,961",4800500
100,New,['WINNER'],척,2014 S/S,"33,299",4806690
