﻿rank,rank_change,singer,title,album,like,song_code
1,+43,['BIGBANG'],BLUE,빅뱅 미니앨범 5집 `ALIVE`,"80,655",3715672
2,+21,['에일리'],Heaven,Heaven,"69,395",3701333
3,+40,['미쓰에이'],Touch,Touch,"16,929",3713013
4,New,['BIGBANG'],FANTASTIC BABY,빅뱅 미니앨범 5집 `ALIVE`,"88,413",3715676
5,New,['BIGBANG'],BAD BOY,빅뱅 미니앨범 5집 `ALIVE`,"59,940",3715674
6,-5,['린'],시간을 거슬러,해를 품은 달 OST Part.2,"20,875",3678813
7,+22,['케이윌'],니가 필요해 (I Need You),니가 필요해 (I Need You),"41,948",3706380
8,New,['BIGBANG'],사랑먼지,빅뱅 미니앨범 5집 `ALIVE`,"32,656",3715673
9,+2,['다비치'],생각날거야,LOVE CALL (With 다비치),"19,095",3699257
10,+79,['존박'],Falling,Knock,"58,428",3714473
11,-7,['FTISLAND (FT아일랜드)'],지독하게,Grown-Up,"33,481",3689468
12,-9,['SE7EN'],내가 노래를 못해도,Se7en New Mini Album,"18,158",3691429
13,New,['2AM'],너도 나처럼,F.Scott Fitzgerald`s Way Of Love,"24,649",3731994
14,-12,['티아라'],Lovey-Dovey,Funky Town,"29,276",3663978
15,New,['BIGBANG'],재미없어,빅뱅 미니앨범 5집 `ALIVE`,"22,247",3715675
16,+4,['블락비 (Block B)'],난리나,Welcome to the BLOCK,"41,676",3692955
17,-11,['10CM'],애상,윤일상 작곡가 21주년 기념 앨범 I`m 21,"66,766",3666573
18,-9,['써니힐'],베짱이 찬가,The Grasshoppers,"25,524",3675692
19,-14,['비스트'],이럴 줄 알았어,이럴 줄 알았어,"33,201",3685853
20,-12,['효린'],널 사랑하겠어,사랑을 보다 2 OST,"31,114",3681993
21,New,['BIGBANG'],날개 (대성 SOLO),빅뱅 미니앨범 5집 `ALIVE`,"20,622",3715677
22,-15,['케이윌'],내가 싫다,내가 싫다,"14,023",3689060
23,-10,['트러블메이커'],Trouble Maker,Trouble Maker,"38,877",3630755
24,-12,['아이유'],너랑 나,Last Fantasy,"116,384",3625504
25,New,['김수현'],그대 한 사람,해를 품은 달 OST Part.6,"32,106",3733443
26,+6,['Maroon 5'],Moves Like Jagger (Feat. Christina Aguilera) (Studio Recording From The Voice Performance),Moves Like Jagger,"71,309",3457091
27,New,"['진운', '진영 (GOT7)', '김지수', '강소라']",B급인생,드림하이2 OST Part.6,"6,779",3724260
28,+3,"['나윤권', '백지영']",겁이 나서,겁이 나서,"20,542",3698565
29,-19,['다이나믹 듀오'],거기서거기 (Without You),Dynamicduo 6th Digilog 2/2,"55,711",3665143
30,-14,['달샤벳'],Hit U,Hit U,"8,486",3686634
31,-3,['Adele'],Rolling In The Deep,21,"75,591",3143265
32,New,['가비엔제이'],그러고도 남자야 (Feat. 쇼리 Of 마이티마우스),그러고도 남자야,"2,346",3719653
33,New,['이기찬'],아니기를,해를 품은 달 OST Part.5,"4,405",3716713
34,-15,['노을'],그리워 그리워,그리움,"64,297",3585793
35,New,['린'],비를 내려줘요,비를 내려줘요,"3,239",3725788
36,-22,['틴탑'],미치겠어,It`s,"22,116",3666277
37,-22,"['다비치', '티아라']",우리 사랑했잖아,우리 사랑했잖아,"22,382",3654576
38,New,['김범수'],애인 있어요,윤일상 작곡가 21주년 기념 앨범 I`m 21 Part.3,"4,105",3713916
39,+58,['이승철'],잊었니,신들의 만찬 OST Part.1,"23,353",3710333
40,+5,['이영현'],천년의 사랑 (박완규),[나는 가수다] 경연15-2. `내게 특별한 사람의 추천곡`,"11,086",3705797
41,-16,['미료'],DIRTY,MIRYO aka JOHONEY,"9,643",3690927
42,New,['EXID'],WHOZ THAT GIRL,HOLLA,"28,554",3709444
43,+40,['Rachael Yamagata'],Be Be Your Love,100 Love Songs Vol.1,"26,419",1564091
44,New,['디셈버'],이 노랠 빌려서 (Feat. 이로울 & 아이린),PS. I Love U,"5,465",3728116
45,New,['린'],곰인형 (Feat. 해금),LoveFiction,"54,637",3736176
46,New,['CNBLUE (씨엔블루)'],아직 사랑한다,EAR FUN,"11,003",3736524
47,New,['BIGBANG'],INTRO (ALIVE),빅뱅 미니앨범 5집 `ALIVE`,"15,528",3715671
48,+30,['스피카'],러시안룰렛 (Russian Roulette),러시안룰렛 (Russian Roulette),"11,745",3700135
49,-19,['마리오'],문자 (Feat. 백지영),문자,"7,448",3694935
50,New,['브레이브걸스'],요즘 너,Brave Girls` : Second Mini Album `Re-Issue`,"3,920",3714314
51,-29,['노을'],살기 위해서,빠담빠담 OST Part.1,"35,551",3633511
52,New,"['효린', '지연', '에일리']",Super Star,드림하이2 OST Part.4,"6,039",3713873
53,New,['제아'],너 때문에,샐러리맨 초한지 OST Part.4,"1,851",3719774
54,New,['2AM'],내꺼였는데,F.Scott Fitzgerald`s Way Of Love,"8,094",3731993
55,-8,['LMFAO'],Party Rock Anthem (Feat. Lauren Bennett & Goon Rock),Party Rock Anthem,"23,090",3135148
56,-38,['휘성 (Realslow)'],눈물길,해를 품은 달 OST Part.3,"7,402",3684693
57,-31,"['허각', 'LE (EXID)']",그 노래를 틀때마다,그 노래를 틀때마다,"16,791",3639713
58,-41,['엠블랙'],전쟁이야,MBLAQ 4th Mini Album `100%Ver.`,"10,047",3669673
59,-0,"['LMFAO', 'Steve Aoki']",Livin' My Love (개그콘서트 `시청률의 제왕` 삽입곡),Livin` My Love,"14,470",3671433
60,New,"['타우', '하하']","사랑 (With 개리, 김그림)",사랑,"1,039",3721730
61,-4,['Bueno Clinic'],Sex Apeal (Max Farenthide Radio Edit) (Feat. Mike W.),Sex Apeal,"25,240",3559879
62,-35,['티아라'],Cry Cry,Black Eyes,"19,451",3607859
63,-25,['울랄라세션'],서쪽 하늘,슈퍼스타K 3 Top11 Part 5,"57,522",3593455
64,New,['민경훈'],돌아보다,돌아보다,"3,566",3724835
65,New,['Pixie Lott'],"Mama Do (Uh Oh, Uh Oh)","Mama Do (Uh Oh, Uh Oh)","12,791",2220302
66,New,"['양요섭', '정은지']",LOVE DAY,`A Cube` For Season # Green,"79,415",3734735
67,-43,['용준형'],너 없이 사는 것도,너 없이 사는 것도,"14,912",3695630
68,+24,['핫펠트 (예은)'],Hello To Myself,드림하이2 OST Part.3,"6,868",3707554
69,-4,['박재범'],Know Your Name (Feat. Dok2),New Breed,"12,384",3699274
70,-37,['리쌍'],광대 (Feat. B.M.K),Library Of Soul,"44,198",971441
71,-50,['정준하'],키 큰 노총각 이야기,무한도전 나름 가수다,"20,213",3669413
72,-37,['원더걸스'],Be My Baby,Wonder World,"31,246",3600223
73,-12,['먼데이 키즈 (Monday Kiz)'],그림자,해를 품은 달 OST Part.4,"3,601",3700755
74,New,['SHINee (샤이니)'],Sherlock.셜록 (Clue+Note),`Sherlock` SHINee The 4th Mini Album,"47,102",3735693
75,New,['먼데이 키즈 (Monday Kiz)'],그랬나봐,Nostalgia,"8,749",3729813
76,-27,"['포맨', '미(MIIII)']",그 남자 그 여자,그 남자 그 여자,"24,452",3590149
77,-10,['장재인'],다른 누구도 아닌 너에게,다른 누구도 아닌 너에게,"12,447",3700393
78,-36,['나인뮤지스'],뉴스 (News),NEWS,"12,188",3672259
79,-33,['허각'],죽고 싶단 말 밖에,죽고 싶단 말 밖에,"21,360",3602154
80,-40,['제이세라'],사랑시 고백구 행복동,Love City,"18,914",3673495
81,New,['숙희'],남이 될까봐 (Feat. 제이스 Of 미스에스),남이 될까봐,"2,321",3713893
82,New,['나인뮤지스'],티켓 (Ticket),Sweet Rendezvous,"8,191",3729682
83,-8,['Jason Mraz'],I Won`t Give Up,I Won`t Give Up,"18,685",3664293
84,New,['살찐고양이'],꿈만 같아요,꿈만 같아요,"3,609",3730639
85,+9,['김그림'],너에게 (Original Ver.),너에게,"2,456",3710638
86,-50,['지아'],속상해서 (술 한잔 해요 Part.2),속상해서,"13,001",3656320
87,New,['2BIC(투빅)'],또 한 여잘 울렸어,또 한 여잘 울렸어,"16,126",3731033
88,New,['B1A4'],BABY I`M SORRY,THE B1A4Ⅰ`IGNITION`,"14,403",3734722
89,New,['레드애플'],SADNESS,SADNESS,"4,669",3730641
90,New,"['먼데이 키즈 (Monday Kiz)', '일 락']",Holiday,Holiday,"2,182",3718392
91,-50,['일렉트로보이즈'],Ma Boy 2 (Feat. 효린),Rebirth,"18,809",3611633
92,-42,['해오라'],달빛이 지고,해를 품은 달 OST Part.1,"6,895",3672273
93,New,['이기찬'],아픈 희망,드림하이2 OST Part.5,"1,311",3721345
94,New,"['노블레스', '어쿠스틱 콜라보']",Love Diary,True Romance Part.1,"4,788",3723032
95,New,"['지연', 'JB (GOT7)']",Together,드림하이2 OST Part.7,"4,987",3733153
96,New,['2AM'],1초만 더,F.Scott Fitzgerald`s Way Of Love,"3,336",3731996
97,New,['2AM'],추억 다 지워,F.Scott Fitzgerald`s Way Of Love,"1,936",3731995
98,New,['2AM'],잘 이별하기,F.Scott Fitzgerald`s Way Of Love,"5,215",3731997
99,-0,['엠투엠 (M To M)'],그 놈 때문에,그 놈 때문에,"1,431",3708413
100,-63,['원티드'],너에게로 간다,VINTAGE,"12,070",3683353
