﻿rank,rank_change,singer,title,album,like,song_code
1,New,['나얼'],같은 시간 속의 너,브라운 아이드 소울 싱글 프로젝트 1st. 같은 시간 속의 너 By 나얼,"150,364",5576417
2,New,"['Zion.T', 'Crush']",그냥 (Just),Young,"141,962",5572312
3,+12,['다비치'],또 운다 또,DAVICHI HUG,"47,889",5555751
4,-2,['매드클라운'],화 (Feat. 진실 Of Mad Soul Child) (Fire),Piece Of Mine,"73,491",5531227
5,-2,['노을'],목소리,보이지 않는 것들,"59,602",5536206
6,-5,['EXID'],위아래,위아래,"89,327",4840271
7,+7,"['정승환', '박윤하']",슬픔 속에 그댈 지워야만 해,K팝 스타 시즌4 - 캐스팅 오디션 Part.1,"63,518",5551234
8,+58,['장재인'],환청 (Feat. 나쑈 (NaShow)),킬미힐미 OST Part.1,"59,068",5545022
9,New,"['15& (박지민, 백예린)']",사랑은 미친짓 (Feat. 칸토 of 트로이),사랑은 미친짓,"45,797",5584400
10,+9,"['소유 (SOYOU)', '기리보이']",팔베개 (Feat. 기현) (Pillow),NO.MERCY (노머시) Part.2,"46,859",5546828
11,New,"['제시 (Jessi)', '치타 (CHEETAH)', '강남']",My Type (Prod. By 버벌진트),언프리티 랩스타 Track 3,"51,745",5592623
12,-8,['Apink (에이핑크)'],LUV,Pink LUV,"103,735",5473905
13,-8,['정승환'],사랑에 빠지고 싶다,K팝 스타 시즌4 `사랑에 빠지고 싶다`,"101,154",5495296
14,-8,['규현 (KYUHYUN)'],광화문에서 (At Gwanghwamun),The 1st Mini Album `광화문에서 (At Gwanghwamun)`,"190,956",5458267
15,+45,['다비치'],행복해서 미안해,DAVICHI HUG,"27,846",5555752
16,New,['4minute'],미쳐,Crazy,"37,921",5584641
17,-10,['Ariana Grande'],Problem (Feat. Iggy Azalea),Problem,"102,982",4630555
18,-10,['GD X TAEYANG'],GOOD BOY,GOOD BOY,"81,691",5470838
19,-9,['AOA'],사뿐사뿐,사뿐사뿐,"53,071",5456521
20,New,['백지영'],Because Of You,"하이드 지킬, 나 OST Part 2","17,994",5567464
21,-12,"['타이거JK, 윤미래, 비지 (Bizzy)']",Angel,Angel,"45,861",5495681
22,+13,['Sam Smith'],I`m Not The Only One,In The Lonely Hour,"218,001",4660794
23,-12,['토이'],세 사람 (With 성시경),Da Capo,"96,443",5465008
24,-11,"['다이나믹 듀오', '박정현']",싱숭생숭 (SsSs),싱숭생숭 (SsSs),"45,851",5493729
25,-9,['로꼬'],니가 모르게 (You Don`t Know),LOCOMOTIVE,"99,600",5476552
26,-1,['박효신'],야생화,야생화,"299,797",4543502
27,+2,['Adam Levine'],Lost Stars,Begin Again - Music From And Inspired By The Original Motion Picture,"245,845",4743560
28,-6,['포스트맨(Postmen)'],신촌을 못가,신촌을 못가,"100,218",4016085
29,-17,['종현 (JONGHYUN)'],데자-부 (Deja-Boo) (Feat. Zion.T),The 1st Mini Album `BASE`,"56,492",5533607
30,-10,['에픽하이 (EPIK HIGH)'],"BORN HATER (Feat. 빈지노, 버벌진트, B.I, MINO, BOBBY)",신발장,"114,009",5419682
31,-10,['비스트'],12시 30분,TIME,"110,771",5413256
32,-6,"['효린', '주영']",지워 (Feat. 아이언),지워,"39,002",5462666
33,-3,['MC몽'],내 생애 가장 행복한 시간 (Feat. 허각),MISS ME OR DISS ME,"76,045",5442687
34,New,['육지담'],밤샜지 (Prod. By ZICO),언프리티 랩스타 Track 1,"13,344",5582180
35,New,['Maroon 5'],Sugar,V (Deluxe Edition),"178,611",4857981
36,New,['인피니트H'],예뻐,Second Mini Album `Fly Again`,"30,046",5562520
37,-20,['김건모'],잘못된 만남,김건모 3집 - 잘못된 만남,"48,985",62462
38,New,['정용화 (CNBLUE)'],어느 멋진 날,어느 멋진 날,"25,681",5554059
39,+10,['아이유'],금요일에 만나요 (Feat. 장이정 Of HISTORY),Modern Times - Epilogue,"215,257",4369827
40,-7,['WINNER'],공허해,2014 S/S,"143,486",4806686
41,+9,['엠씨더맥스'],바라보기,미녀의 탄생 OST Part 4,"65,765",5482064
42,-24,['박효신'],HAPPY TOGETHER,HAPPY TOGETHER,"82,201",5474213
43,-16,['MC몽'],내가 그리웠니 (Feat. 진실 Of Mad Soul Child),MISS ME OR DISS ME,"55,663",5442688
44,New,['나인뮤지스'],드라마 (DRAMA),DRAMA,"23,930",5552430
45,-22,['HI SUHYUN'],나는 달라 (Feat. BOBBY),나는 달라,"57,389",5456526
46,-15,['에픽하이 (EPIK HIGH)'],헤픈엔딩 (Feat. 조원선 Of 롤러코스터),신발장,"94,908",5421427
47,-10,['홍진영'],산다는 건 (Cheer Up),인생노트 (LIFE NOTE),"51,569",5450271
48,New,['Mark Ronson'],Uptown Funk (Feat. Bruno Mars),Uptown Funk (Feat. Bruno Mars),"143,113",5459268
49,-13,['에일리'],손대지마,Magazine,"61,003",5394265
50,New,['지코 (ZICO)'],Well Done (Feat. Ja Mezz),Well Done,"26,374",5588240
51,-27,"['성시경', '권진아']",잊지 말기로 해 (Bonus Track),Winter Wonderland,"51,863",5482636
52,-24,['배치기'],악몽 (Feat. 박수진),악몽,"18,957",5526865
53,+2,['아이유'],너의 의미 (Feat. 김창완),꽃갈피,"185,223",4646573
54,+11,['Maroon 5'],Maps,Maps,"126,214",4688375
55,+9,"['소유 (SOYOU)', '정기고']",썸 (Feat. 릴보이 Of 긱스),썸,"166,388",4433490
56,-18,['10CM'],쓰담쓰담,3.0,"53,211",5459290
57,+4,['어쿠스틱 콜라보'],"묘해, 너와",연애의 발견 OST Part 4,"120,063",4864206
58,-7,['WINNER'],끼부리지마,2014 S/S,"87,206",4806688
59,-15,['윤현상'],언제쯤이면 (Duet.아이유),피아노포르테 (PIANOFORTE),"94,272",5439395
60,-6,['BOBBY'],연결고리#힙합,쇼미더머니3 Part.4,"68,754",4854588
61,-13,['개코'],"화장 지웠어 (Feat. Zion.T, HA:TFELT) (No Make Up)",REDINGRAY,"62,880",5415175
62,+38,"['개코', '얀키 (YANKIE)']","Cheers (Feat. Beenzino, Babylon)",Cheers,"18,332",5557985
63,-6,['태양'],"눈, 코, 입",RISE,"164,285",4671151
64,-32,['김현정'],그녀와의 이별,Legend,"25,664",38547
65,New,['에디킴'],My Love,Sing Sing Sing,"24,515",5549372
66,-24,['김조한'],사랑에 빠지고 싶다,사랑에 빠지고 싶다,"66,207",3604753
67,+1,['블락비 (Block B)'],HER,HER,"112,179",4764928
68,+7,"['San E', '레이나 (Raina)']",한여름밤의 꿀,"San E, 레이나 Project Single `한여름밤의 꿀`","143,255",4681146
69,+4,"['포스트맨(Postmen)', '6 to 8']",술이 너보다 낫더라,술이 너보다 낫더라,"25,936",5431090
70,New,['에일리'],그대도 같은가요,빛나거나 미치거나 OST Part.1,"15,697",5552200
71,-30,['로이킴'],피노키오,피노키오 OST Part.2,"40,273",5480966
72,+5,['어쿠스틱 콜라보'],너무 보고싶어,연애의 발견 OST Part 6,"98,483",5386171
73,+1,['박보람'],예뻐졌다 (Feat. 지코 Of Block B),예뻐졌다,"74,319",4789747
74,-2,['윤미래'],너를 사랑해,괜찮아 사랑이야 OST Part.6,"75,759",4843704
75,New,['엠씨더맥스'],잠시만 안녕 (Original),M.C The Max!,"86,738",315872
76,+12,['지코 (ZICO)'],Tough Cookie (Feat. Don Mills),Tough Cookie,"56,300",5449581
77,-31,"['술제이 (Sool J)', '현영 (레인보우)']",오빠야,오빠야,"18,591",5523079
78,-15,['토이'],U & I (With Crush & 빈지노),Da Capo,"57,197",5465067
79,-9,['마마무(Mamamoo)'],Piano Man,Piano Man,"54,786",5472103
80,New,['유성은'],말리꽃,칠전팔기 구해라 OST Part 3,"15,995",5562500
81,New,['4minute'],추운 비,Crazy,"11,875",5562748
82,-42,['지누션'],전화번호,노.라.보.세. 4집,"14,686",622649
83,-21,['MC몽'],죽을만큼 아파서 Part.2 (Feat. 스웨덴세탁소),MISS ME OR DISS ME,"33,608",5442696
84,-41,['김현정'],멍,Kim Hyun Jung 3,"20,513",38426
85,New,['포스트맨(Postmen)'],그리워 그리워하다,빛나거나 미치거나 OST Part. 3,"9,297",5576267
86,-27,['케이윌'],하나뿐인 사람,피노키오 OST Part.5,"19,611",5511318
87,New,['이진아'],냠냠냠,K팝 스타 시즌4 `냠냠냠`,"16,652",5595472
88,-1,['Golden'],You,Coming Home,"28,136",5551724
89,New,['니엘'],못된 여자 (Feat. Dok2),NIEL 1ST SOLO `oNIELy`,"15,425",5582684
90,New,['여자친구 (GFRIEND)'],유리구슬 (Glass Bead),여자친구 1st Mini Album `Season Of Glass`,"69,500",5546489
91,New,['길구봉구'],좋아 (JOA),좋아 (JOA),"30,829",5566596
92,New,['써니힐'],교복을 벗고,1st Album Part. B (Sunny Blues),"11,064",5570018
93,-54,['터보'],White Love (스키장에서),하얀 겨울 2005,"13,977",1032761
94,New,['Amber Liu (엠버)'],SHAKE THAT BRASS (Feat. 태연 (소녀시대)),The 1st Mini Album `Beautiful`,"12,169",5587009
95,-43,['이진아'],시간아 천천히,K팝 스타 시즌4 `시간아 천천히`,"43,236",5473834
96,-25,['MC몽'],도망가자 (Feat. 린),MISS ME OR DISS ME,"41,967",5442691
97,New,['김범수'],오직 너만,"하이드 지킬, 나 OST Part.5","22,279",5599020
98,-45,['엄정화'],Poison,Invitation,"15,717",83721
99,New,"['지민 (AOA)', '슬옹']",시작이 좋아 2015 (Prod. By 버벌진트),언프리티 랩스타 Track 2,"40,227",5608760
100,New,['맥케이 (McKay)'],Angel 2 Me (Duet. Jeff Bernat),Angel 2 Me,"43,671",5578668
