﻿rank,rank_change,singer,title,album,like,song_code
1,New,['김범수'],제발,[서바이벌 나는 가수다] 경연2. `서로의 노래 바꿔 부르기`,"22,230",3337773
2,+50,['CNBLUE (씨엔블루)'],직감,FIRST STEP,"18,055",3169779
3,New,['양파'],아파 아이야,Elegy Nouveau - 스페셜,"9,553",3337496
4,+50,['걸스데이'],반짝반짝,Girl`s Day Party #3,"22,063",3319849
5,+4,['케이윌'],가슴이 뛴다,가슴이 뛴다,"39,482",3172166
6,-3,['송지은'],미친거니 (Feat. 방용국),미친거니,"24,816",3164048
7,+17,['휘성 (Realslow)'],가슴 시린 이야기 (Feat. 용준형 Of Beast),가슴 시린 이야기,"63,563",3174148
8,New,['오렌지 캬라멜'],방콕시티 (Bangkok City),방콕시티,"10,494",3341087
9,New,['김태우'],메아리,T-school,"4,999",3339079
10,New,['BIGBANG'],LOVE SONG,빅뱅 스페셜에디션,"38,018",3349297
11,New,['4minute'],Heart To Heart,Heart To Heart,"10,709",3339283
12,-11,['BIGBANG'],TONIGHT,빅뱅 미니앨범 4집,"36,244",3156950
13,New,['4minute'],거울아 거울아,4Minutes Left,"8,466",3349210
14,-10,['이현'],내꺼중에 최고,내꺼중에 최고,"13,884",3138749
15,+43,['윤도현'],나 항상 그대를 (With YB),[서바이벌 나는 가수다] 경연1. `80년대 명곡 부르기,"4,375",3325048
16,New,['김건모'],You Are My Lady,[서바이벌 나는 가수다] 경연2. `서로의 노래 바꿔 부르기`,"1,673",3337772
17,-15,['아이유'],나만 몰랐던 이야기,Real+,"89,766",3143550
18,New,['레인보우'],To Me (내게로..),So 女,"7,907",3352959
19,-13,['BIGBANG'],CAFE,빅뱅 미니앨범 4집,"46,726",3156953
20,New,['윤도현'],Dash (with YB),[서바이벌 나는 가수다] 경연2. `서로의 노래 바꿔 부르기`,"1,559",3337774
21,New,['서인국'],Broken,Broken,"3,420",3343337
22,New,['UV'],이태원 프리덤 (With JYP),이태원 프리덤,"10,123",3337651
23,-16,['마이티 마우스'],톡톡 (Tok Tok) (Feat. SOYA),Mighty Fresh,"16,623",3110565
24,New,['백지영'],약속,[서바이벌 나는 가수다] 경연2. `서로의 노래 바꿔 부르기`,"1,576",3337771
25,-20,['BIGBANG'],WHAT IS RIGHT,빅뱅 미니앨범 4집,"22,315",3156952
26,-18,['지나'],Black & White,Black & White,"13,964",3111583
27,New,['정엽'],아무일도 없었다,49일 OST Part.3,"1,118",3327061
28,+57,['김태우'],Brothers＆Me (With JYP & Rain),T-school,798,3174560
29,-18,['간미연'],파파라치 (Feat. 에릭),Watch,"7,191",3145784
30,New,['정엽'],잊을게,[서바이벌 나는 가수다] 경연2. `서로의 노래 바꿔 부르기`,913,3337776
31,-8,['이소라'],바람이 분다,눈썹달,"88,802",638570
32,-16,['아이유'],좋은 날,Real,"105,845",3051244
33,New,['김그림'],너 밖엔 없더라,Fly High,"11,092",3348066
34,New,['박정현'],첫인상,[서바이벌 나는 가수다] 경연2. `서로의 노래 바꿔 부르기`,"1,941",3337775
35,New,['클로버'],La Vida Loca (라 비다 로카),Classic Over,"3,188",3338948
36,New,['BIGBANG'],STUPID LIAR,빅뱅 스페셜에디션,"27,585",3354527
37,+4,"['먼데이 키즈 (Monday Kiz)', '가비엔제이']",사랑은 똑같다,소울트레인 (Soul Train) Part.1,"3,856",3293345
38,+54,['인피니트'],Nothing`s Over,Inspirit,"31,228",3174348
39,New,['유키스'],0330,Bran New KISS,"9,381",3340976
40,-25,['나비'],잘 된 일이야,Hello,"33,052",3110148
41,+59,['박정현'],비오는 날의 수채화,[서바이벌 나는 가수다] 경연1. `80년대 명곡 부르기,"1,832",3325187
42,-25,['먼데이 키즈 (Monday Kiz)'],이 밤이 지나면,Nostalgia Part.2,"4,556",3164251
43,New,['f(x)'],피노키오 (Danger),`피노키오` f(x) The 1st Album,"18,364",3366160
44,New,['브레이브걸스'],아나요,Brave Girls : The Difference,"9,114",3352068
45,New,['김범수'],그대 모습은 장미,[서바이벌 나는 가수다] 경연1. `80년대 명곡 부르기,"1,478",3325188
46,-33,['시크릿'],샤이보이,샤이보이,"13,356",3089448
47,New,['이소라'],나의 하루,[서바이벌 나는 가수다] 경연2. `서로의 노래 바꿔 부르기`,"1,142",3337770
48,New,['정엽'],짝사랑,[서바이벌 나는 가수다] 경연1. `80년대 명곡 부르기,571,3325191
49,New,['부활'],누구나 사랑을 한다 (With 정단 박완규 이성욱),부활 Collaboration Project `+ 2`,"2,620",3352957
50,New,['이소라'],너에게로 또 다시,[서바이벌 나는 가수다] 경연1. `80년대 명곡 부르기,"2,079",3325190
51,New,['백지영'],무시로,[서바이벌 나는 가수다] 경연1. `80년대 명곡 부르기,"2,024",3325102
52,-30,['현빈'],가질 수 없는 너,"현빈, 가질 수 없는 너","6,078",3166756
53,New,['브라이언'],사랑하다 끝났어,Unveiled,"2,936",3352949
54,-35,['김보경 (NEON)'],하루하루,The First Day,"20,299",3118780
55,New,['지아'],들리나요,내 마음이 들리니 OST Part.1,"3,312",3364512
56,-46,['김수현'],Dreaming,드림하이 OST,"17,829",3140874
57,New,['이현'],다며 (Feat. 마이티 마우스),다며,"2,085",3352964
58,New,['나르샤 (Brown Eyed Girls)'],아는 여자,가시나무 새 OST Part.3,325,3351248
59,New,['장혜진'],사랑했나봐,사랑했나봐,878,3357851
60,-17,['박정현'],꿈에,박정현 Op.4,"61,929",432309
61,New,['화요비'],이러다가 (Feat. Panda) (Rap Ver.),사랑을 믿어요 OST Part.2,183,3335871
62,New,['Supreme Team'],배가 불렀지 (Feat. GaeKo of DYNAMIC DUO),Hommage To Quincy Jones,"21,568",3364510
63,New,['박봄'],Don`t Cry,Don`t Cry,"22,698",3373007
64,-44,['정용화 (CNBLUE)'],처음 사랑하는 연인들을 위해 (반말송),처음 사랑하는 연인들을 위해 (부제: 반말송),"28,575",3106066
65,-26,['엠투엠 (M To M)'],이런 쓰레기 같은...,이런 쓰레기같은...,"2,693",3173249
66,-52,['BIGBANG'],SOMEBODY TO LOVE,빅뱅 미니앨범 4집,"13,581",3156951
67,New,['달샤벳'],핑크 로켓 (Pink Rocket),핑크 로켓,"1,450",3353418
68,-19,['다비치'],한사람,"웃어요, 엄마 OST Part.8","3,365",3174006
69,-57,['BIGBANG'],HANDS UP,빅뱅 미니앨범 4집,"10,911",3156949
70,New,['윤하 (YOUNHA)'],It`s Beautiful,It`s Beautiful,"2,249",3329348
71,-9,['F-ve Dolls'],너 말이야,Charming Five Girls,"6,001",3145650
72,New,['장재인'],그 곳,Early Days,"1,878",3345633
73,New,['정인'],장마,Melody Remedy,"64,799",3348065
74,New,"['미지', '김진호 (SG워너비)']",Unbelievable,Unbelievable,958,3333475
75,-46,['GD&TOP'],Oh Yeah (Feat. 박봄),GD&TOP 정규앨범 1집,"25,609",3065250
76,-51,['달샤벳'],Supa Dupa Diva,Supa Dupa Diva,"7,774",3087888
77,+2,['김보경 (NEON)'],봄처럼,봄처럼,"3,058",3287401
78,-60,['아이유'],Someday,드림하이 OST Part.1,"21,502",3088249
79,New,['Britney Spears'],I Wanna Go,Femme Fatale,886,3339179
80,New,['NS 윤지'],Talk Talk Talk,Talk Talk Talk,"2,150",3360493
81,-50,['GD&TOP'],High High,GD&TOP 정규앨범 1집,"25,932",3065249
82,-18,"['Yolanda Be Cool', 'Dcup']",We No Speak Americano (Radio Edit) (SKT T월드 CF 삽입곡),We No Speak Americano,"10,194",2944372
83,-10,['부활'],비밀 (Special Vocal. 박완규),부활 Collaboration Project `+ (plus)` / +1,"20,935",3108907
84,-17,['2AM'],최고의 사랑 (후쿠야마 마사하루 리메이크),최고의 사랑 (후쿠야마 마사하루 리메이크),"3,219",3314976
85,-64,['아이유'],잔혹동화,Real+,"21,378",3145655
86,New,['하동균'],After The Love,반짝반짝 빛나는 OST Part.2,"3,269",3336119
87,New,['김재석 (원티드)'],2년만에,김재석 Of WANTED-2년만에,295,3345254
88,-22,['동방신기 (TVXQ!)'],이것만은 알고 가 (Before U Go),왜 (Keep Your Head Down) REPACKAGE `이것만은 알고 가`,"7,169",3176989
89,-17,['제이세라'],언제나 사랑해,Endless Love,"13,779",3156359
90,-27,['SG 워너비'],고작,SG Wannabe 7 Part.2,"1,564",3176283
91,New,['나몰라패밀리JW'],사랑이 말을 듣지 않아 (Rain Ver.) (Feat. 디헤븐 유신),Revolution,274,3354450
92,New,['DJ DOC'],Joy & Pain (Feat. 김준),강력반 OST Part.3,63,3338552
93,+3,['제국의아이들 (ZE:A)'],Here I Am,Lovability,"1,808",3175334
94,-64,"['김범수', '태연 (TAEYEON)']",달라,달라,"10,189",3128548
95,-25,['Lady GaGa'],Born This Way,Born This Way,"7,701",3139172
96,New,['한경일'],너는 간단하고 나는 복잡한 얘기,너는 간단하고 나는 복잡한 얘기,885,3343252
97,New,['먼데이 키즈 (Monday Kiz)'],슈루룹,Memories Cantare,"4,123",3367917
98,-52,['씨스타'],니까짓게,니까짓게,"10,330",3037051
99,New,['니모'],통보,통보,604,3347648
100,New,['임정희'],시간을 되돌린다면,로열패밀리 OST Part.3,316,3334676
