﻿rank,rank_change,singer,title,album,like,song_code
1,+95,['폴킴'],너를 만나,너를 만나,"249,510",31388145
2,New,['TWICE (트와이스)'],YES or YES,YES or YES,"142,347",31403163
3,-1,['아이유'],삐삐,삐삐,"241,408",31346009
4,-1,['바이브'],가을 타나 봐,가을 타나 봐,"132,573",31314144
5,New,['제니 (JENNIE)'],SOLO,SOLO,"181,044",31417871
6,+7,['양다일'],고백,고백,"128,453",31356458
7,-6,['임창정'],하루도 그대를 사랑하지 않은 적이 없었다,하루도 그대를 사랑하지 않은 적이 없었다,"149,555",31316695
8,New,['EXO'],Tempo,DON`T MESS UP MY TEMPO - The 5th Album,"186,564",31399721
9,-5,"['pH-1', 'Kid Milli', '루피(Loopy)']",Good Day (Feat. 팔로알토) (Prod. 코드 쿤스트),쇼미더머니 777 Episode 1,"154,791",31340985
10,-2,['폴킴'],"모든 날, 모든 순간 (Every day, Every Moment)",`키스 먼저 할까요?` OST Part.3,"318,708",30962526
11,New,['케이윌'],내 생에 아름다운,뷰티 인사이드 OST Part.4,"133,010",31373277
12,-0,['Zion.T'],멋지게 인사하는 법 (Feat. 슬기 of Red Velvet),ZZZ,"89,750",31356451
13,-8,['로꼬'],시간이 들겠지 (Feat. Colde),시간이 들겠지,"116,371",31344113
14,-3,['숀 (SHAUN)'],Way Back Home,Take,"285,361",31151836
15,New,['비투비'],아름답고도 아프구나,HOUR MOMENT,"149,025",31417922
16,-2,['벤'],열애중,RECIPE,"171,760",31062863
17,-11,['로이킴'],우리 그만하자,우리 그만하자,"122,365",31314142
18,-9,['펀치 (Punch)'],헤어지는 중,헤어지는 중,"113,101",31302310
19,+10,['임한별'],이별하러 가는 길,이별하러 가는 길,"118,135",31304766
20,-10,['선미'],사이렌 (Siren),WARNING,"119,544",31286161
21,+38,['루피(Loopy)'],Save (Feat. 팔로알토)(Prod. 코드 쿤스트),쇼미더머니 777 Episode 3,"67,897",31369994
22,New,['IZ*ONE (아이즈원)'],라비앙로즈 (La Vie en Rose),COLOR*IZ,"106,144",31388213
23,-16,['iKON'],이별길 (GOODBYE ROAD),NEW KIDS : THE FINAL,"88,874",31331745
24,-6,"['저스디스 (JUSTHIS)', 'Kid Milli', 'NO:EL', '양홍원']",IndiGO,IM,"111,291",31144690
25,-8,['방탄소년단'],IDOL,LOVE YOURSELF 結 `Answer`,"285,935",31266290
26,New,['수퍼비'],수퍼비와 (Feat. BewhY) (Prod. BewhY),쇼미더머니 777 Semi Final,"64,129",31399795
27,+52,['다비치'],꿈처럼 내린,뷰티 인사이드 OST Part.3,"47,395",31356799
28,-12,"['기리보이', 'Kid Milli', 'NO:EL', '스윙스']",flex (Prod. By 기리보이),Dingo X Indigo Music,"145,556",31219546
29,-10,['BLACKPINK'],뚜두뚜두 (DDU-DU DDU-DU),SQUARE UP,"211,587",31131273
30,-9,['닐로(Nilo)'],지나오다,About You,"218,050",30699142
31,-8,['양다일'],미안해,inside,"166,030",30809895
32,-17,"['쿠기 (Coogie)', '수퍼비', 'D.Ark']",사임사임 (Feat. CHANGMO),쇼미더머니 777 Episode 1,"66,010",31340982
33,-13,['TWICE (트와이스)'],Dance The Night Away,Summer Nights,"157,718",31175119
34,-4,['폴킴'],비,비,"241,281",8235260
35,+6,['아이유'],밤편지,밤편지,"352,400",30314784
36,-2,['먼데이 키즈 (Monday Kiz)'],가을 안부,가을 안부,"144,538",30669593
37,New,['EXO'],Gravity,DON`T MESS UP MY TEMPO - The 5th Album,"99,799",31399726
38,-14,['방탄소년단'],FAKE LOVE,LOVE YOURSELF 轉 `Tear`,"296,567",31085237
39,-12,['볼빨간사춘기'],여행,Red Diary Page.2,"228,707",31093710
40,New,['EXO'],닿은 순간 (Ooh La La La),DON`T MESS UP MY TEMPO - The 5th Album,"95,683",31399725
41,New,['루피(Loopy)'],NoNo (Feat. 사이먼 도미닉) (Prod. 코드 쿤스트),쇼미더머니 777 Semi Final,"36,208",31399796
42,-11,['로이킴'],그때 헤어지면 돼,그때 헤어지면 돼,"191,619",30884950
43,+4,['비투비'],너 없인 안 된다,THIS IS US,"168,985",31133898
44,New,['Wanna One (워너원)'],봄바람,1¹¹=1 (POWER OF DESTINY),"141,255",31433084
45,-19,['방탄소년단'],I`m Fine,LOVE YOURSELF 結 `Answer`,"192,327",31266289
46,+16,['비투비'],그리워하다,Brother Act.,"237,632",30672529
47,-5,['장덕철'],그날처럼,그날처럼,"228,023",30755375
48,-4,['방탄소년단'],봄날,YOU NEVER WALK ALONE,"459,265",30244931
49,-3,['멜로망스'],선물,Moonlight,"288,466",30514366
50,-28,['Red Velvet (레드벨벳)'],Power Up,Summer Magic - Summer Mini Album,"150,531",31230093
51,+27,['EXO'],Universe,"Universe - 겨울 스페셜 앨범, 2017","189,195",30806536
52,-19,['멜로망스'],동화,The Fairy Tale,"101,621",31164090
53,New,['EXO'],24/7,DON`T MESS UP MY TEMPO - The 5th Album,"95,187",31399728
54,New,['노을'],너는 어땠을까,별,"87,019",31403156
55,New,['Queen'],Bohemian Rhapsody (2011 Remaster),Greatest Hits (2011 Remaster),"102,544",3087601
56,-19,['iKON'],사랑을 했다 (LOVE SCENARIO),Return,"289,898",30859584
57,-29,['마마무(Mamamoo)'],너나 해 (Egotistic),RED MOON,"115,235",31189241
58,New,['웬디 (WENDY)'],Goodbye,뷰티 인사이드 OST Part.6,"69,940",31403263
59,New,['EXO'],Sign,DON`T MESS UP MY TEMPO - The 5th Album,"91,099",31399724
60,New,['MINO (송민호)'],아낙네,XX,"169,850",31448480
61,New,['비투비'],Friend,HOUR MOMENT,"72,761",31376228
62,-24,['BLACKPINK'],Forever Young,SQUARE UP,"140,416",31131274
63,-14,['멜로망스'],You,투유 프로젝트 - 슈가맨2 Part.2,"158,262",30849733
64,New,['EXO'],여기 있을게 (Smile On My Face),DON`T MESS UP MY TEMPO - The 5th Album,"88,838",31399731
65,-14,['방탄소년단'],DNA,LOVE YOURSELF 承 `Her`,"359,651",30637982
66,-34,['승리'],"셋 셀테니 (1, 2, 3!)",THE GREAT SEUNGRI,"85,067",31199873
67,New,['EXO'],가끔 (With You),DON`T MESS UP MY TEMPO - The 5th Album,"85,358",31399727
68,-28,['방탄소년단'],Euphoria,LOVE YOURSELF 結 `Answer`,"189,391",31266282
69,-15,['Fitz & The Tantrums'],HandClap,Fitz and The Tantrums (Deluxe),"179,842",8111603
70,-20,['닐로(Nilo)'],넋두리,넋두리,"104,743",9642570
71,-35,['Apink (에이핑크)'],1도 없어,ONE & SIX,"101,161",31161280
72,-27,"['로꼬', '화사(Hwa Sa)']",주지마,건반 위의 하이에나 Part.4,"176,149",31035061
73,-25,['방탄소년단'],전하지 못한 진심 (Feat. Steve Aoki),LOVE YOURSELF 轉 `Tear`,"227,713",31085238
74,New,['EXO'],후폭풍 (Bad Dream),DON`T MESS UP MY TEMPO - The 5th Album,"84,117",31399729
75,New,['하이라이트 (Highlight)'],잘 지내줘,잘 지내줘,"46,132",31388146
76,New,['EXO'],오아시스 (Oasis),DON`T MESS UP MY TEMPO - The 5th Album,"88,159",31399722
77,+5,['Wanna One (워너원)'],에너제틱 (Energetic),1X1=1(TO BE ONE),"297,841",30568338
78,-12,['정승환'],잘 지내요,라이프 OST Part.6,"66,841",31299371
79,New,['EXO'],Damage,DON`T MESS UP MY TEMPO - The 5th Album,"84,786",31399730
80,New,['하은'],신용재,신용재,"124,876",31406357
81,New,['마미손'],소년점프 (Feat. 배기성),소년점프,"79,923",31414480
82,-26,['방탄소년단'],Answer : Love Myself,LOVE YOURSELF 結 `Answer`,"179,276",31266291
83,+12,['Wanna One (워너원)'],Beautiful,1-1=0 (NOTHING WITHOUT YOU),"238,187",30725482
84,-49,['지코 (ZICO)'],SoulMate (Feat. 아이유),SoulMate,"132,357",31215747
85,-28,['이수 (엠씨 더 맥스)'],My Way,돈꽃 OST Part.1,"138,560",30721801
86,New,['Kid Milli'],Change (Feat. GRAY) (Prod. 코드 쿤스트),쇼미더머니 777 Episode 4,"39,310",31385181
87,-23,['pH-1'],Hate You (Feat. 우원재) (Prod. 코드 쿤스트),쇼미더머니 777 Episode 2,"47,276",31353993
88,-35,['멜로망스'],좋은 날,미스터 션샤인 OST Part.5,"55,768",31227367
89,+9,['Wanna One (워너원)'],켜줘 (Light),1÷χ=1 (UNDIVIDED),"136,872",31113240
90,-20,['방탄소년단'],Epiphany,LOVE YOURSELF 結 `Answer`,"149,667",31266288
91,-52,['(여자)아이들'],한(一),한(一),"94,939",31246870
92,+1,['첸 (CHEN)'],벚꽃연가,백일의 낭군님 OST Part 3,"76,888",31358698
93,-32,['Ed Sheeran'],Shape of You,÷ (Deluxe),"275,774",30188113
94,New,['수퍼비'],억 (Feat. CHANGMO) (Prod. CHANGMO),쇼미더머니 777 Episode 4,"30,383",31385179
95,New,['Steve Aoki'],Waste It On Me (feat. BTS (방탄소년단)),Waste It On Me (feat. BTS (방탄소년단)),"87,007",31379560
96,New,['Wanna One (워너원)'],BOOMERANG (부메랑),0+1=1 (I PROMISE YOU),"148,018",30960341
97,New,"['(여자)아이들', 'Madison Beer', 'Jaira Burns', 'K/DA', 'League of Legends']",POP/STARS,POP/STARS,"62,298",31399963
98,-55,['10CM'],매트리스,4.1,"81,796",31263577
99,-27,['방탄소년단'],Anpanman,LOVE YOURSELF 轉 `Tear`,"169,020",31085244
100,-23,['용준형'],소나기 (Feat. 10cm),소나기 (Feat. 10cm),"141,636",30970444
