﻿rank,rank_change,singer,title,album,like,song_code
1,New,['소녀시대 (GIRLS` GENERATION)'],I Got A Boy,I Got A Boy,"55,942",4001331
2,New,['정형돈'],강북멋쟁이,박명수의 어떤가요,"52,294",4004021
3,New,['백지영'],싫다,싫다,"25,844",4000640
4,-3,['이승기'],되돌리다,숲,"173,089",3968836
5,-3,['양요섭'],카페인 (Feat. 용준형 Of BEAST),The First Collage,"90,070",3971021
6,+32,['써니힐'],Goodbye To Romance,Antique Romance,"63,697",3986978
7,+42,['소녀시대 (GIRLS` GENERATION)'],Dancing Queen,I Got A Boy,"26,548",3994911
8,-5,"['긱스 (Geeks)', '소유 (SOYOU)']","Officially Missing You, Too",re;code Episode I,"112,057",3946867
9,New,['배치기'],눈물샤워 (Feat. 에일리),4집 Part.2,"91,430",4011596
10,New,['버벌진트'],시작이 좋아 (Feat. 강민희 Of 미스에스),시작이 좋아,"42,016",4004361
11,+5,['AKMU (악동뮤지션)'],매력있어,SBS K팝 스타 시즌2 `매력있어`,"47,430",3987723
12,New,"['효린', '전효성', '현아', '니콜', '나나 (애프터스쿨)']",이사람,2012 SBS 가요대전 The Color Of K-Pop `Dazzling Red`,"18,692",3999213
13,-8,['노을'],하지 못한 말,TIME FOR LOVE,"97,638",3953192
14,-5,['프라이머리'],"? (물음표) (Feat. 최자 Of 다이나믹듀오, Zion.T)",Primary And The Messengers LP,"116,990",3947371
15,New,['제아'],안아보자 (Feat. 정엽),Just JeA,"15,819",4000530
16,New,['유재석'],메뚜기월드,박명수의 어떤가요,"18,873",4004026
17,New,['CNBLUE (씨엔블루)'],I`m Sorry,Re:BLUE,"41,333",4011608
18,+27,['노을'],반창꼬,반창꼬,"33,245",3986186
19,-11,['에일리'],보여줄게,Invitation,"92,756",3929469
20,-14,['이하이'],"1,2,3,4 (원,투,쓰리,포)","1,2,3,4 (원,투,쓰리,포)","84,156",3946768
21,-11,['JUNIEL'],나쁜 사람,원앤원 (1&1),"50,422",3966128
22,New,['김보경 (NEON)'],혼자라고 생각말기 (슈퍼스타 K5 송희진 오디션 참가곡),학교 OST Part.3,"45,123",3996508
23,New,['하하'],섹시 보이 (Feat. 영지),박명수의 어떤가요,"13,016",4004024
24,-4,['시크릿'],TALK THAT,TALK THAT,"15,024",3976699
25,New,['인피니트H'],Special Girl (Feat. Bumkey),FLY HIGH,"56,057",4009751
26,-19,"['성시경', '박효신', '이석훈', '서인국', 'VIXX (빅스)']",크리스마스니까,Jelly Christmas 2012 HEART PROJECT,"145,667",3973781
27,New,['2BIC(투빅)'],다 잊었니,다 잊었니,"9,570",3999236
28,-24,['AKMU (악동뮤지션)'],다리꼬지마,SBS K팝 스타 시즌2 `다리꼬지마`,"50,493",3970899
29,-6,['지아'],일 년째,ANEMONE,"18,194",3983239
30,+65,['케이윌'],사랑은 이렇게,청담동 앨리스 OST Part.4,"13,945",3995922
31,+27,['Carly Rae Jepsen'],Call Me Maybe,Call Me Maybe,"120,453",3726439
32,-21,['로이킴'],힐링이 필요해,슈퍼스타K4 Top 12 Part.6,"46,557",3964483
33,-19,"['로이킴', '정준영']",먼지가 되어,슈퍼스타 K4 Top 12 Part.1,"79,700",3928293
34,New,"['장현승', '정은지', '김남주 (에이핑크)']",일년전에,`A Cube` For Season # White,"19,725",4002374
35,-17,['별'],귀여워 (With 권정열 Of 10cm),귀여워,"52,754",3940533
36,-14,['나얼'],바람기억,Principle Of My Soul,"212,321",3910821
37,-22,['케이윌'],이러지마 제발 (Please Don`t...),The 3rd Album Part.1,"83,432",3922071
38,-21,['로이킴'],휘파람,슈퍼스타 K4 Top 12 Part.2,"60,443",3936237
39,New,['길'],엄마를 닮았네,박명수의 어떤가요,"8,150",4004023
40,New,"['한선화', '영재']",다 예뻐,다 예뻐,"14,844",3999217
41,-11,"['서인국', '정은지']",All For You,응답하라 1997 Love Story Part 1,"154,819",3890826
42,-30,"['케이윌', '소유 (SOYOU)', '정민']",하얀 설레임 (White Love),Starship Planet 2012 (스타쉽플래닛),"20,051",3975504
43,+28,['백아연'],키다리 아저씨,청담동 앨리스 OST Part.3,"17,030",3989869
44,New,['The One (더원)'],그 사람 (원곡가수 이승철),`나는 가수다 2` 2012 가왕전 파이널,"6,388",4001553
45,New,"['진운', 'L.Joe', '이준', 'HOYA (호야)', '이기광']",Yesterday,2012 SBS 가요대전 The Color Of K-Pop `Dynamic Black`,"19,850",3999205
46,+38,['디셈버'],Don`t Go,The Last Legacy,"8,333",3994075
47,-8,['긱스 (Geeks)'],Officially Missing You,Officially Missing You,"125,153",3170749
48,New,['소녀시대 (GIRLS` GENERATION)'],Express 999,I Got A Boy,"21,732",4001335
49,New,['제아'],그대가 잠든 사이,Just JeA,"7,742",4003254
50,-15,['어반자카파'],똑같은 사랑 똑같은 이별,[02],"55,666",3940755
51,-38,['이하이'],허수아비,허수아비,"43,276",3968900
52,-15,['블락비 (Block B)'],닐리리맘보,BLOCKBUSTER,"54,187",3928713
53,New,['이석훈'],친구 아닌 남자로,친구 아닌 남자로,"13,374",4009738
54,New,['소울스타 (SOULSTAR)'],300원짜리 커피,300원짜리 커피,"11,756",4001753
55,+5,['에일리'],저녁 하늘,Invitation,"146,779",3929471
56,New,['정준하'],사랑해요,박명수의 어떤가요,"7,837",4004025
57,-28,['J.Lee'],말리꽃 (원곡가수 이승철),`나는 가수다 2` 10월 B조 경연,"33,057",3928194
58,-17,"['허각', '지아']",I Need You,I Need You,"97,530",3884575
59,-40,['로이킴'],스쳐간다,스쳐간다,"31,282",3972199
60,-34,['가인'],피어나,Talk About S.,"65,198",3911750
61,New,"['강지영', '보라', '한선화', '허가윤 (4minute)', '리지 (오렌지 캬라멜)']",인어공주,2012 SBS 가요대전 The Color Of K-Pop `Mystic White`,"17,560",3997737
62,New,['은지원'],아무나 (Feat. 길미),아무나,"9,075",3995040
63,-20,['NS 윤지'],If You Love Me (Feat. 박재범),If You Love Me (Feat. 박재범),"46,696",3948917
64,-43,"['김범수', '박정현']",하얀 겨울,하얀 겨울,"22,572",3976916
65,-18,['G-DRAGON'],크레용 (Crayon),One Of A Kind,"63,907",3906377
66,-42,['미쓰에이'],남자 없이 잘 살아,Independent Women pt.Ⅲ,"34,389",3928294
67,-15,['달샤벳'],있기 없기,있기 없기,"11,776",3958817
68,New,['리쌍'],눈물 (Feat. 유진 Of 더 씨야),이단옆차기 프로젝트 Vol.02,"106,603",4020215
69,New,['노홍철'],노가르시아,박명수의 어떤가요,"5,886",4004022
70,New,['스피드'],슬픈약속 (Feat. 다비치),SPEED OF LIGHT,"5,152",4004322
71,-21,['G-DRAGON'],Missing You (Feat. 김윤아 Of 자우림),One Of A Kind,"100,951",3906383
72,-11,['하림'],사랑이 다른 사랑으로 잊혀지네,Whistle In A Maze,"66,245",1589050
73,New,"['조권', '니엘', '지오 (G.O)', '양요섭', '남우현']",눈물나게 아름다운,2012 SBS 가요대전 The Color Of K-Pop `Dramatic Blue`,"24,035",3997693
74,New,['허각'],모노드라마 (With 유승우),LITTLE GIANT,"96,990",4019298
75,New,['빅마마'],서랍정리,서랍정리,"3,371",3995016
76,-49,['현아'],Ice Cream (Feat. Maboos),MELTING,"23,006",3935594
77,-23,['별'],니 얼굴 떠올라 (Feat. 스윙스),보고싶다 OST Part.3,"13,108",3980980
78,New,['Bruno Mars'],Young Girls,Unorthodox Jukebox,"18,204",3986045
79,New,['알리 (ALi)'],이기적이야,이기적이야,"5,195",4009777
80,New,['B.A.P'],빗소리,빗소리,"15,291",4012610
81,New,['배치기'],행복하니 (Feat. 조현아 Of 어반자카파),4집 Part.2,"19,079",4011597
82,-34,['XIA (준수)'],사랑은 눈꽃처럼,세상 어디에도 없는 착한남자 OST Part.1,"65,027",3914860
83,-47,['에픽하이 (EPIK HIGH)'],춥다 (Feat. 이하이),99,"75,366",3922586
84,-12,"['지나', '산체스 (Sanchez)']",Beautiful Day,DOKKUN Project Pt.2,"9,546",3987981
85,New,['2YOON (포미닛 투윤)'],24/7,Harvest Moon,"14,170",4014268
86,New,['이루'],아프지마 (Feat. 현아 Of 4Minute),아프지마,"2,075",4000627
87,-41,['오렌지 캬라멜'],립스틱 (LIPSTICK),립스틱 (LIPSTICK),"36,884",3903316
88,New,['XIA (준수)'],Thank U For,Thank U For,"24,916",3996293
89,-45,['손담비'],눈물이 주르륵,눈물이 주르륵,"12,463",3953475
90,-59,['넬 (NELL)'],백야,Holding Onto Gravity,"25,793",3978258
91,-32,['프라이머리'],독 (Feat. E-Sens Of 슈프림팀),Primary And The Messengers LP,"108,278",3940613
92,-59,['정준영'],응급실,슈퍼스타K4 Top 12 Part.5,"26,158",3957743
93,New,['인피니트H'],니가 없을 때 (Feat. Zion.T),FLY HIGH,"29,412",4009752
94,-43,['더 씨야'],독약 (毒藥) (Feat. 해리 Of 다비치),LOVE U,"10,150",3982256
95,New,['먼데이 키즈 (Monday Kiz)'],You＆I,You＆I,"13,691",4014352
96,-71,['가인'],노스텔지아 (Feat. 에릭),노스텔지아,"28,285",3976806
97,New,['글램'],I Like That,I Like That,"4,879",3998905
98,-70,['지아'],눈물이 툭 (Feat. 박경 Of 블락비),눈물이 툭,"14,383",3963395
99,New,['소녀시대 (GIRLS` GENERATION)'],Baby Maybe,I Got A Boy,"9,730",4001332
100,New,['소지섭'],소풍 (Feat. 윤하),6시...운동장,"8,196",4013159
