﻿rank,rank_change,singer,title,album,like,song_code
1,+88,['박효신'],야생화,야생화,"299,797",4543502
2,New,['AKMU (악동뮤지션)'],200%,PLAY,"128,715",4583482
3,New,['Apink (에이핑크)'],Mr. Chu (On Stage),Pink Blossom,"93,676",4562881
4,New,"['HIGH4 (하이포)', '아이유']",봄 사랑 벚꽃 말고,봄 사랑 벚꽃 말고,"175,987",4579468
5,-4,"['소유 (SOYOU)', '정기고']",썸 (Feat. 릴보이 Of 긱스),썸,"166,388",4433490
6,New,"['윤민수(바이브)', '신용재']",인연,불후의 명곡 - 전설을 노래하다 (이선희 2편),"73,287",4582959
7,New,['매드클라운'],견딜만해 (Feat. 효린 Of 씨스타),표독,"49,017",4579474
8,+40,['Bro'],그런 남자,그런 남자,"55,281",4535038
9,+15,['오렌지 캬라멜'],까탈레나 (Catallena),The Third Single Catallena,"41,074",4503810
10,New,['AKMU (악동뮤지션)'],Give Love,PLAY,"92,504",4583481
11,+88,['이선희'],그 중에 그대를 만나,15집 `SERENDIPITY` 30주년 기념앨범,"120,379",4544242
12,-10,['2NE1'],Come Back Home,CRUSH,"71,969",4478187
13,+14,['임창정'],흔한 노래,흔한 노래... 흔한 멜로디...,"68,281",4512170
14,+24,['로꼬'],감아 (Feat. Crush),감아,"131,287",4527879
15,New,['AKMU (악동뮤지션)'],얼음들,PLAY,"60,114",4583483
16,-6,['버스커 버스커'],벚꽃 엔딩,버스커 버스커 1집,"343,123",3753304
17,+81,['배치기'],뜨래요 (Feat. 앙리 Of 3B),뜨래요,"34,084",4532820
18,+29,['4minute'],오늘 뭐해,4MINUTE WORLD,"17,240",4516940
19,New,"['15& (박지민, 백예린)']",티가 나나봐,티가 나나봐,"39,587",4599628
20,-14,['2NE1'],너 아님 안돼,CRUSH,"47,117",4478188
21,-17,['선미'],보름달 (Feat. Lena),Full Moon,"60,951",4454382
22,-17,['성시경'],너의 모든 순간,별에서 온 그대 OST Part.7,"130,740",4446485
23,-20,['소녀시대 (GIRLS` GENERATION)'],Mr.Mr.,The 4th Mini Album `Mr.Mr.`,"47,282",4471542
24,New,['Crush'],가끔,가끔,"61,591",4572941
25,-14,['2NE1'],살아 봤으면 해,CRUSH,"52,408",4478189
26,-9,['아이유'],금요일에 만나요 (Feat. 장이정 Of HISTORY),Modern Times - Epilogue,"215,257",4369827
27,-19,['걸스데이'],Something,걸스데이 미니앨범 3집,"67,019",4383773
28,New,['AKMU (악동뮤지션)'],지하철에서,PLAY,"21,072",4583484
29,-22,['CNBLUE (씨엔블루)'],Can`t Stop,Can`t Stop,"43,094",4462368
30,-17,['AOA'],짧은 치마 (Miniskirt),짧은 치마,"54,446",4400561
31,-17,['엠씨더맥스'],그대가 분다,UNVEILING,"111,593",4381724
32,New,['AKMU (악동뮤지션)'],인공잔디,PLAY,"36,546",4583486
33,New,['크레용팝'],어이 (Uh-ee),어이 (Uh-ee),"17,023",4564373
34,-16,['린'],보고 싶어...운다,Le Grand Bleu,"24,448",4493462
35,-26,['효린'],안녕,별에서 온 그대 OST Part.4,"82,037",4412196
36,-21,['에일리'],노래가 늘었어,노래가 늘었어,"78,897",4383349
37,New,['루이 (긱스)'],사이드미러걸 (Feat. 산체스 Of 팬텀),靈感 (영감),"24,169",4554286
38,New,['매드클라운'],스토커 (Feat. 크루셜스타),표독,"28,783",4579475
39,New,['AKMU (악동뮤지션)'],작은별,PLAY,"37,277",4583488
40,-12,['권진아'],씨스루,K팝 스타 시즌3 TOP10 Part.1,"25,256",4484403
41,New,['에디킴'],너 사용법,너 사용법,"129,178",4586092
42,-30,['허각'],오늘 같은 눈물이,별에서 온 그대 OST Part.6,"28,637",4433528
43,-18,['2NE1'],멘붕 (CL Solo),CRUSH,"36,321",4478191
44,New,['AKMU (악동뮤지션)'],안녕,PLAY,"20,209",4583487
45,+20,['신용재'],"널 사랑한다, 지운다, 또 운다",쓰리 데이즈 OST Part 3,"18,907",4504110
46,-23,"['케이윌', '마마무(Mamamoo)']",썸남썸녀 (Feat. 휘성),썸남썸녀,"40,844",4443748
47,New,['AKMU (악동뮤지션)'],가르마,PLAY,"16,025",4583485
48,New,['2BIC(투빅)'],요즘 바쁜가봐,Soul Mate (소울메이트),"58,409",4594680
49,+1,['프라이머리'],자니 (Feat. Dynamic Duo),자니,"155,966",3726617
50,New,['NS 윤지'],야시시,The Way 2..,"9,504",4569153
51,New,['손승연'],살만해졌어,살만해졌어,"9,408",4559292
52,-6,"['소유 (SOYOU)', '매드클라운']",착해 빠졌어 (Stupid In Love),착해 빠졌어 (Stupid In Love),"126,144",4237755
53,-4,['정키'],홀로 (Feat. 김나영),Break Up,"134,921",3893169
54,-35,['2NE1'],Crush,CRUSH,"21,695",4478186
55,-18,['홍대광'],답이 없었어,THE SILVER LINING,"43,143",4412480
56,-4,['버스커 버스커'],처음엔 사랑이란게,버스커 버스커 2집,"121,144",4252728
57,New,['AKMU (악동뮤지션)'],Galaxy,PLAY,"22,411",4583491
58,New,['AKMU (악동뮤지션)'],길이나,PLAY,"18,312",4583489
59,-16,['정은지'],그대라구요,쓰리 데이즈 OST Part 2,"25,710",4490672
60,New,['에디킴'],2 Years Apart,2 Years Apart,"27,571",4572452
61,-27,['휘성 (Realslow)'],가슴 시린 이야기 (Feat. 용준형 Of Beast),가슴 시린 이야기,"63,563",3174148
62,-46,['Idina Menzel'],Let It Go,겨울왕국 OST (33 Trks Ver.),"82,081",4342899
63,-5,['EXO'],으르렁 (Growl),The 1st Album `XOXO` Repackage,"180,286",4193337
64,New,['홍대광'],고마워 내사랑,THE SILVER LINING,"18,277",4536624
65,New,['에디킴'],밀당의 고수,너 사용법,"21,777",4586090
66,New,['AKMU (악동뮤지션)'],소재,PLAY,"13,489",4583490
67,-41,['린'],My Destiny,별에서 온 그대 OST Part.1,"62,413",4375626
68,-15,['빈지노 (Beenzino)'],"Dali, Van, Picasso","Dali, Van, Picasso","98,512",4366156
69,-37,['개리'],조금 이따 샤워해 (Feat. Crush),MR.GAE,"46,623",4397969
70,-31,['레이디스 코드'],So Wonderful,So Wonderful,"20,559",4438401
71,-42,['Idina Menzel'],Let It Go,겨울왕국 OST,"104,280",4389943
72,-5,['김범수'],끝사랑,Solista Part.2,"110,176",3436083
73,-52,['넬 (NELL)'],지구가 태양을 네 번,Newton`s Apple,"42,639",4478169
74,New,['스탠딩 에그'],내게기대 (Feat. 박세영),The Artist Diary Project Pt.8,"30,557",4534771
75,-39,['B1A4'],Lonely (없구나),Who Am I,"51,072",4393161
76,-54,['가인'],Fxxk U (Feat. 범키),Truth Or Dare,"30,037",4418185
77,New,['낙준 (버나드 박)'],Right Here Waiting,K팝 스타 시즌3 Special Track,"12,755",4590994
78,-18,['허각'],향기만 남아,Reminisce,"46,890",4312933
79,-38,['2NE1'],Happy,CRUSH,"19,851",4478192
80,-45,['비'],La Song,Rain Effect,"33,971",4382254
81,-10,"['범키', '버벌진트']",너에게만,듀스 20주년 헌정앨범 Part.6,"40,918",4362019
82,-9,['G-DRAGON'],삐딱하게 (Crooked),쿠데타 (COUP D`ETAT),"115,259",4232200
83,New,['스윙스'],Fallin` (Feat. 박재범),Fallin`,"11,329",4536185
84,New,['박재범'],메트로놈 (Metronome) (Feat. Simon Dominic & Gray),메트로놈 (Metronome),"13,342",4597779
85,-40,['2NE1'],Scream,CRUSH,"14,696",4478193
86,-29,"['서인국', '지아']",이별남녀,이별남녀,"44,514",4342054
87,-57,['S.M. THE BALLAD'],숨소리 (Breath) (Sung By 태연 (소녀시대) & 종현 (샤이니)),S.M. The Ballad Vol.2 `Breath` 숨소리,"49,584",4441132
88,New,['JUNIEL'],다음날,다음날,"9,487",4606746
89,New,['이선희'],인연,사춘기 (四春期),"77,874",848567
90,New,['2BIC(투빅)'],Your Love,Your Love,"5,076",4539826
91,-58,['바이브'],해운대 (Feat. 강민경 Of 다비치),ritardando,"13,497",4455531
92,New,['가비엔제이'],별일 없니?,별일 없니?,"3,590",4544666
93,-73,['김수현'],너의 집 앞,별에서 온 그대 OST Part.8,"19,616",4462141
94,-38,"['휘성 (Realslow)', '거미']",Special Love,Special Love,"43,904",4340421
95,New,"['투하트 (우현, 키)']",Tell Me Why (Broadcasting Ver.),Tell Me Why,"10,375",4583561
96,New,['김보경 (NEON)'],가슴이 소리치는 말,쓰리 데이즈 OST Part 5,"4,481",4576495
97,-38,['휘성 (Realslow)'],결혼까지 생각했어,Realslow Is Back,"44,626",2903041
98,New,['한해'],"끊어줄래 (Feat. San E, 태완)",끊어줄래,"8,615",4600124
99,-18,"['투하트 (우현, 키)']",Delicious,1st Mini Album,"22,895",4491123
100,New,['권진아'],Love,K팝 스타 시즌3 TOP3,"8,116",4582967
