﻿rank,rank_change,singer,title,album,like,song_code
1,New,['거미'],기억해줘요 내 모든 날과 그때를,호텔 델루나 OST Part.7,"125,398",31967064
2,+18,['태연 (TAEYEON)'],그대라는 시,호텔 델루나 OST Part.3,"161,120",31938460
3,+9,['마크툽 (MAKTUB)'],오늘도 빛나는 너에게 (To You My Light) (Feat.이라온),Red Moon : To You My Light,"183,402",31853557
4,-3,"['장혜진', '윤민수(바이브)']",술이 문제야,술이 문제야,"141,459",31870517
5,-2,['송하예'],니 소식,니 소식,"172,548",31788850
6,New,['폴킴'],안녕,호텔 델루나 OST Part.10,"154,267",31984204
7,+2,['황인욱'],포장마차,포장마차,"117,560",31873020
8,New,['헤이즈 (Heize)'],내 맘을 볼 수 있나요,호텔 델루나 OST Part.5,"80,857",31952592
9,-7,['벤'],헤어져줘서 고마워,헤어져줘서 고마워,"118,498",31901475
10,-3,['Anne-Marie'],2002,Speak Your Mind (Deluxe),"304,360",31029291
11,-7,['임재현'],사랑에 연습이 있었다면 (Prod. 2soo),사랑에 연습이 있었다면,"191,121",31324607
12,New,['벤'],내 목소리 들리니,호텔 델루나 OST Part.9,"61,594",31983112
13,-2,['Billie Eilish'],bad guy,"WHEN WE ALL FALL ASLEEP, WHERE DO WE GO?","213,590",31701428
14,New,['ITZY (있지)'],ICY,IT`z ICY,"73,434",31955739
15,-7,['Naomi Scott'],"Speechless (Full) (From ""Aladdin""/Soundtrack Version)",Aladdin (Original Motion Picture Soundtrack),"216,798",31815967
16,+69,['10CM'],나의 어깨에 기대어요,호텔 델루나 OST Part.2,"85,029",31938046
17,-7,['멜로망스'],인사,인사,"71,852",31914848
18,-13,['김나영'],솔직하게 말해서 나,솔직하게 말해서 나,"119,326",31854442
19,+54,['HYNN (박혜원)'],시든 꽃에 물을 주듯,시든 꽃에 물을 주듯,"148,498",31703498
20,-14,['청하'],Snapping,Flourishing,"97,840",31879867
21,-6,['방탄소년단'],작은 것들을 위한 시 (Boy With Luv) feat. Halsey,MAP OF THE SOUL : PERSONA,"344,805",31737197
22,-6,['먼데이 키즈 (Monday Kiz)'],사랑이 식었다고 말해도 돼,사랑이 식었다고 말해도 돼,"90,837",31829536
23,-9,['다비치'],너에게 못했던 내 마지막 말은,너에게 못했던 내 마지막 말은,"121,820",31804010
24,+23,"['Shawn Mendes', 'Camila Cabello']",Señorita,Señorita,"132,994",31877297
25,+50,"['먼데이 키즈 (Monday Kiz)', '펀치 (Punch)']",Another Day,호텔 델루나 OST Part.1,"63,924",31924110
26,New,['펀치 (Punch)'],Done For Me,호텔 델루나 OST Part.12,"88,022",31993173
27,-14,['헤이즈 (Heize)'],We don`t talk together (Feat. 기리보이) (Prod. SUGA),We don`t talk together,"99,566",31908033
28,+4,"['창모 (CHANGMO)', 'Hash Swan', 'ASH ISLAND', '김효은']",BAND,BAND,"105,107",31854689
29,-4,['태연 (TAEYEON)'],사계 (Four Seasons),사계 (Four Seasons),"203,840",31688205
30,-1,['폴킴'],"모든 날, 모든 순간 (Every day, Every Moment)",`키스 먼저 할까요?` OST Part.3,"318,709",30962526
31,New,['청하'],그 끝에 그대,호텔 델루나 OST Part.6,"44,550",31967092
32,-6,['케이시 (Kassy)'],그때가 좋았어,그때가 좋았어,"191,841",31524320
33,-9,['장범준'],노래방에서,장범준 3집,"159,149",31684636
34,-12,['TWICE (트와이스)'],FANCY,FANCY YOU,"114,806",31754579
35,-18,['디오 (D.O.)'],괜찮아도 괜찮아 (That`s okay),괜찮아도 괜찮아 (That`s okay) - SM STATION,"149,057",31893681
36,New,['이우'],내 안부,내 안부,"51,470",31929663
37,-1,['기리보이'],"아퍼 (Feat. Kid Milli, Lil tachi, 김승민, NO:EL, C JAMM)",100년제전문대학,"83,019",31856628
38,-17,['잔나비'],주저하는 연인들을 위해,전설,"241,531",31666417
39,-20,['윤하 (YOUNHA)'],비가 내리는 날에는,STABLE MINDSET,"63,501",31899300
40,-3,['Lauv'],Paris In The Rain,I met you when I was 18. (the playlist),"182,428",31341518
41,-7,['폴킴'],너를 만나,너를 만나,"249,511",31388145
42,New,['양다일'],너만 너만 너만,호텔 델루나 OST Part.4,"30,389",31952576
43,-4,['ITZY (있지)'],달라달라,IT`z Different,"138,065",31606729
44,-14,['첸 (CHEN)'],사월이 지나면 우리 헤어져요 (Beautiful goodbye),"사월, 그리고 꽃 - The 1st Mini Album","158,965",31706215
45,-17,['박효신'],Goodbye,Goodbye,"136,193",31777113
46,-13,['엠씨더맥스'],사계 (하루살이),Circular,"102,152",31532642
47,-29,['어반자카파'],서울 밤 (feat. 빈지노),서울 밤,"58,511",31864770
48,-25,"['Mena Massoud', 'Naomi Scott']","A Whole New World (From ""Aladdin""/Soundtrack Version)",Aladdin (Original Motion Picture Soundtrack),"108,083",31815962
49,-14,['볼빨간사춘기'],"나만, 봄",사춘기집Ⅰ 꽃기운,"139,599",31709523
50,-10,['엔플라잉 (N.Flying)'],옥탑방 (Rooftop),FLY HIGH PROJECT #2 `옥탑방`,"228,620",31532656
51,+8,['Imagine Dragons'],Believer,Evolve,"154,393",30227238
52,-9,['청하'],벌써 12시,벌써 12시,"152,149",31532438
53,-2,['숀 (SHAUN)'],Way Back Home,Take,"285,362",31151836
54,-8,['엠씨더맥스'],넘쳐흘러,Circular,"143,525",31532643
55,-28,['이하이'],누구 없소 (NO ONE) (Feat. B.I of iKON),24℃,"67,494",31841027
56,-15,['우디 (Woody)'],대충 입고 나와,대충 입고 나와,"45,409",31835421
57,-12,['BLACKPINK'],Kill This Love,KILL THIS LOVE,"108,339",31717822
58,New,['10CM'],방에 모기가 있어 (Do You Think Of Me?),방에 모기가 있어 (4.4),"34,443",31972338
59,+5,['백현 (BAEKHYUN)'],UN Village,City Lights - The 1st Mini Album,"101,467",31917677
60,-4,['방탄소년단'],봄날,YOU NEVER WALK ALONE,"459,265",30244931
61,-4,['폴킴'],비,비,"241,281",8235260
62,-24,['여자친구 (GFRIEND)'],열대야 (Fever),여자친구 The 7th Mini Album `FEVER SEASON`,"48,770",31895208
63,-15,"['창모 (CHANGMO)', 'Hash Swan', 'ASH ISLAND', '김효은', '릴러말즈 (Leellamarz)', 'The Quiett']",비워 (Beer) (Prod. Way Ched),Dingo X Ambition Musik,"59,357",31890067
64,+5,['방탄소년단'],IDOL,LOVE YOURSELF 結 `Answer`,"285,935",31266290
65,+9,['TWICE (트와이스)'],Dance The Night Away,Summer Nights,"157,718",31175119
66,-13,['홍진영'],오늘 밤에,Lots of Love,"51,099",31655897
67,-1,['EXO'],Love Shot,LOVE SHOT - The 5th Album Repackage,"166,194",31492319
68,-14,['염따'],돈 Call Me (Prod.BRLLNT),Dingo X 염따,"70,514",31788828
69,-38,['Red Velvet (레드벨벳)'],짐살라빔 (Zimzalabim),‘The ReVe Festival’ Day 1,"69,334",31872859
70,-10,['임한별'],이별하러 가는 길,이별하러 가는 길,"118,135",31304766
71,+26,['하은'],비오는 날 뭐해,비오는 날 뭐해,"34,296",31920854
72,-20,['볼빨간사춘기'],별 보러 갈래?,사춘기집Ⅰ 꽃기운,"81,887",31709524
73,-2,['Jeremy Zucker'],comethru,"summer,","128,407",31621518
74,+3,"['Ed Sheeran', 'Justin Bieber']",I Don`t Care,No.6 Collaborations Project,"59,161",31788110
75,-26,['WINNER'],AH YEAH (아예),WE,"89,738",31798464
76,New,['강다니엘'],뭐해 (What are you up to),color on me,"54,369",31947079
77,-16,['기리보이'],교통정리 (Feat. 헤이즈),교통정리,"79,930",31815490
78,-8,['방탄소년단'],소우주 (Mikrokosmos),MAP OF THE SOUL : PERSONA,"190,535",31737198
79,-29,['갓츄 (GOT U)'],U GOT IT,PRODUCE X 101 - 31 Boys 5 Concepts,"65,988",31907388
80,New,['오마이걸'],BUNGEE (Fall in Love),OH MY GIRL SUMMER PACKAGE [FALL IN LOVE],"43,787",31969182
81,New,['Red Velvet (레드벨벳)'],음파음파 (Umpah Umpah),‘The ReVe Festival’ Day 2,"64,142",31998495
82,-17,['벤'],180도,180˚,"154,605",31477685
83,-39,['(여자)아이들'],Uh-Oh,Uh-Oh,"54,993",31885924
84,New,['송하예'],Say Goodbye,호텔 델루나 OST Part.11,"30,067",31993356
85,-4,['방탄소년단'],Make It Right,MAP OF THE SOUL : PERSONA,"167,298",31737199
86,+5,['EXO'],Tempo,DON`T MESS UP MY TEMPO - The 5th Album,"186,565",31399721
87,New,['세븐틴'],HIT,HIT,"44,001",31969026
88,-46,['전소미'],BIRTHDAY,BIRTHDAY,"55,054",31864628
89,New,['Red Velvet (레드벨벳)'],어떤 별보다,호텔 델루나 OST Part.8,"28,506",31982782
90,New,['BewhY (비와이)'],가라사대,The Movie Star,"67,958",31949142
91,New,['김나영'],조금 더 외로워지겠지,검색어를 입력하세요 WWW OST Part 7,"21,450",31934641
92,-30,['케이시 (Kassy)'],진심이 담긴 노래 (True Song),진심이 담긴 노래 (True Song),"83,718",31699965
93,-5,['방탄소년단'],Dionysus,MAP OF THE SOUL : PERSONA,"153,893",31737202
94,-27,['우디 (Woody)'],이 노래가 클럽에서 나온다면,이 노래가 클럽에서 나온다면,"113,505",31576009
95,-37,['장범준'],당신과는 천천히,장범준 3집,"100,657",31684634
96,-41,['폴킴'],헤어질 걸 알아,헤어질 걸 알아,"28,426",31921949
97,New,['기리보이'],"파티피플 (Feat. 염따, Uneducated Kid)",갑분기,"28,897",31966803
98,-26,['Ariana Grande'],7 rings,7 rings,"97,752",31567235
99,New,['Crush'],나빠(NAPPA),나빠(NAPPA),"72,593",32014102
100,New,['선미'],날라리 (LALALAY),날라리 (LALALAY),"48,824",32012356
