﻿rank,rank_change,singer,title,album,like,song_code
1,New,['허각'],언제나,언제나,"20,546",3006873
2,+58,['2AM'],전활 받지 않는 너에게,Saint o`clock,"22,513",2979880
3,+48,['소녀시대 (GIRLS` GENERATION)'],훗 (Hoot),`훗 (Hoot)` The 3rd Mini Album,"15,621",2987448
4,+7,['강승윤'],본능적으로 (Feat. Swings),슈퍼스타K 2 Top11 Part.3,"29,787",2967751
5,+32,['싸이 (PSY)'],Right Now,PSYFIVE,"16,883",2979490
6,+79,['장재인'],가로수 그늘 아래 서면,슈퍼스타K 2 Top11 Part.4,"14,103",2989873
7,-5,"['Supreme Team', '영준 (브라운 아이드 소울)']",그땐 그땐 그땐,Ames Room,"79,598",2951700
8,+79,['2AM'],미친 듯이,Saint o`clock,"3,484",2979881
9,-8,['미쓰에이'],Breathe,Step Up,"7,613",2948449
10,+8,['거미'],죽어도 사랑해,대물 OST Part.1,"5,899",2954935
11,+45,['SG 워너비'],해바라기,SG Wannabe 7 Part.1,"18,827",2974750
12,-5,['가인'],돌이킬 수 없는,Step 2/4,"11,913",2960448
13,New,['카라'],점핑 (Jumping),점핑,"8,709",3013948
14,+12,['2PM'],I`ll Be Back,Still 2:00pm,"4,906",2962948
15,-12,['2NE1'],Go Away,To Anyone,"37,024",2930968
16,New,['존박'],빗속에서,슈퍼스타K 2 Top11 Part.5,"11,638",3000984
17,+23,"['지아', '포맨']","울고, 불고…","울고, 불고...","16,065",2972778
18,-1,['2NE1'],아파 (Slow),To Anyone,"34,322",2930971
19,-13,['비스트'],숨,Mastermind,"23,474",2948248
20,New,['백지영'],그여자,시크릿 가든 OST Part.1,"19,971",3018898
21,+76,['J.Lee'],헤어지는 일 (Feat. 리쌍),헤어지는 일,"1,132",2988848
22,New,['비스트'],Beautiful,Lights Go On Again,"26,121",3014305
23,-19,['2NE1'],Can`t Nobody,To Anyone,"18,386",2930967
24,+58,['레인보우'],Mach,Mach,"8,379",2978062
25,New,['포맨'],미안해 (Feat. 美),Sorry,"6,228",2994361
26,New,"['태연 (TAEYEON)', 'The One (더원)']",별처럼,별처럼,"40,469",3028777
27,-22,"['성시경', '아이유']",그대네요,그대네요,"72,527",2949854
28,New,['디셈버'],눈부신 눈물,A Story To The Sky,"21,013",2998356
29,-9,['다비치'],두 번 헤어지는 일,신승훈 20th Anniversary With 다비치,"8,072",2960543
30,-22,['임정희'],진짜일 리 없어,진짜일 리 없어,"11,476",2951631
31,+4,['싸이 (PSY)'],내 눈에는 (Feat. 이재훈),내 눈에는,"9,627",2963061
32,+56,['미스에스'],Promise U (Feat. 정슬기),Pro. Miss. U,"2,022",2983513
33,New,['민경훈'],상처투성이,상처투성이,"3,623",2990826
34,-20,['SHINee (샤이니)'],Hello,`Hello` SHINee The 2nd Album Repackage,"17,819",2952163
35,+29,['싸이 (PSY)'],Thank You (Feat. 서인영),Thank You,"1,580",2969981
36,New,['모세'],좋은 사람 (Feat. 마리오),좋은 사람,"1,989",3006849
37,New,['임재범'],후회합니다 (고해 Part.2),고해 Part.2,"1,241",3009049
38,-29,['2NE1'],박수쳐,To Anyone,"8,766",2930969
39,New,['San E'],LoveSick,LoveSick,"20,886",3003430
40,New,['V.O.S'],내겐 네가 흘러서..,추억,691,3016077
41,-28,"['Supreme Team', '영준 (브라운 아이드 소울)']",왜,왜,"19,916",2924048
42,New,['BMK'],사랑은 이별보다 빨라서,사랑은 이별보다 빨라서,"1,471",2993798
43,-5,['화요비'],나 같은 여자,나 같은 여자,"5,245",2967768
44,New,"['지나', '현아']",Say You Love Me,Together Forever Vol.1,"1,992",3016180
45,New,['오렌지 캬라멜'],아잉♡,아잉♡,"11,392",3025148
46,New,['왁스'],두 여자,두 여자,348,2996557
47,-20,['남녀공학'],Too Late (Part.1),Too Late (Digital Single),"1,017",2952363
48,+33,['아웃사이더'],주인공 (Feat. LMNOP),주인공,"4,094",2980912
49,-39,['임정희'],헤어지러 가는 길 (Feat. 조권),헤어지러 가는 길,"4,941",2940474
50,New,['허각'],하늘을 달리다,허각 1st 미니앨범,"13,331",3026177
51,New,['신지 (SHINJI)'],이 모양 이 꼴로...,이 모양 이 꼴로...,"1,179",3008110
52,+6,['Supreme Team'],로미오 & 줄리엣,신승훈 20th Anniversary With 슈프림팀 Vol. 2,"3,537",2970574
53,-17,['강승윤'],당신께 쓰는 편지,슈퍼스타K 2 Top6 (My Story),"2,275",2953678
54,-10,['마이티 마우스'],사랑이란 (Feat. 김희선),사랑이란,"3,902",2967753
55,New,['버즈'],여자가 싫다 (Feat. Venny),fuzz . buzz,"2,304",3023048
56,New,['숙희'],가슴아 안돼,가슴아 안돼,"6,214",2994378
57,New,['김보경 (NEON)'],Because Of You,Because Of You,"4,298",3026090
58,+11,['하하'],너는 내 운명 2,너는 내 운명 2,809,2973753
59,New,['이적'],하늘을 달리다,2적,"30,156",454476
60,-45,['씨스타'],가식걸,가식걸,"10,986",2908515
61,New,['KCM'],사랑곰,Alone Part.2 (From My Soul),"2,690",3018858
62,New,['김지수'],널 지우는 일,널 지우는 일,"1,622",3035311
63,New,['슈퍼스타 K2 Top 11'],The Dreamers,슈퍼스타K2 Up To 11,491,3009044
64,New,['Ab 에비뉴'],여자는..알아요 (노는여자),Sad Story,"1,050",3023704
65,-46,['휘성 (Realslow)'],결혼까지 생각했어,Realslow Is Back,"44,625",2903041
66,New,['김범수'],나타나,시크릿 가든 OST Part.2,"12,052",3030884
67,-51,['FTISLAND (FT아일랜드)'],사랑사랑사랑,Beautiful Journey,"13,355",2906349
68,+11,['Kelly Clarkson'],Because Of You,Because Of You (Remixes),"28,950",2183857
69,-46,"['Homme (창민, 이현)']",밥만 잘 먹더라,Homme By `Hitman` Bang,"25,201",2776748
70,-58,['이승기'],지금부터 사랑해 (내 여자친구는 구미호 삽입곡),지금부터 사랑해,"6,247",2943430
71,New,['티아라'],왜 이러니,왜 이러니,"8,606",3037048
72,New,"['소야 (SOYA)', '김종국']",매일매일 사랑해,매일매일 사랑해,"1,846",3026213
73,New,['허각'],행복한 나를 (Feat. 존박),허각 1st 미니앨범,"38,334",3026178
74,New,['박재범'],베스티,Bestie,"3,462",2989291
75,New,['브라운 아이드 소울'],똑같다면,Browneyed Soul,"30,515",3037107
76,-51,['레인보우'],A,A (Digital Single),"16,763",2803451
77,New,['고유진 (플라워)'],어떻게 이러니…,어떻게 이러니…,491,2987575
78,New,['포맨'],Hello!,Sorry,"26,054",2994360
79,-55,"['박유천', 'XIA (준수)', '김재중']",찾았다,성균관 스캔들 OST,"32,104",2943720
80,-52,['포맨'],U,You,"15,544",2910952
81,New,['Far East Movement'],Like A G6 (Feat. Dev & The Cataracs),Free Wired,610,2972597
82,-52,['미쓰에이'],Bad Girl Good Girl,Bad But Good,"27,648",2741416
83,New,['걸스데이'],잘해줘봐야,Girl`s Day Party #2,"22,125",2995687
84,New,['신혜성'],"안녕 그리고 안녕 (Feat. 에릭, 남규리)",안녕 그리고 안녕,"1,955",3032355
85,-33,"['씨야', '다비치']",다 컸잖아,씨야 그리고 다비치,"2,742",2964185
86,-2,['허각'],My Heart,슈퍼스타K 2 Top6 (My Story),777,2953683
87,New,['별'],오늘 참 아프다,Identity,542,2991453
88,New,['남녀공학'],삐리뽐 빼리뽐,삐리뽐 빼리뽐,"1,945",2978156
89,New,"['바비 킴', '더블케이 (Double K)']",너 하나만 못해,너 하나만 못해,966,3014721
90,-68,['미스에스'],이 나이 먹고 뭐했길래 (Feat. 정슬기),Miss Independent,"8,607",2933662
91,New,['Kesha'],We R Who We R,We R Who We R,"1,175",2991148
92,New,['SHINee (샤이니)'],하루 (Haru),하루 OST,"4,121",3008868
93,New,['김장훈'],비처럼 음악처럼,Letter To 김현식,326,2998469
94,New,['가비엔제이'],전화 좀 받어,Glossy,"1,339",3035370
95,-46,['이승철'],그 사람,제빵왕 김탁구 OST Part.3,"27,273",2759248
96,New,['박보람'],세월이 가면,슈퍼스타K2 Up To 11,"21,782",3013119
97,-21,['San E'],맛좋은산 (Feat. Min),Everybody ready?,"12,320",2937631
98,-32,['배다해'],My All,닥터챔프 OST Part 4,877,2963520
99,New,['Ne-Yo'],Cause I Said So (Album Version),Libra Scale,446,2991450
100,New,['소녀시대 (GIRLS` GENERATION)'],내 잘못이죠 (Mistake),`훗 (Hoot)` The 3rd Mini Album,"4,036",2993148
