﻿rank,rank_change,singer,title,album,like,song_code
1,+2,"['소유 (SOYOU)', '정기고']",썸 (Feat. 릴보이 Of 긱스),썸,"166,388",4433490
2,New,['2NE1'],Come Back Home,CRUSH,"71,969",4478187
3,New,['소녀시대 (GIRLS` GENERATION)'],Mr.Mr.,The 4th Mini Album `Mr.Mr.`,"47,282",4471542
4,+48,['선미'],보름달 (Feat. Lena),Full Moon,"60,951",4454382
5,+12,['성시경'],너의 모든 순간,별에서 온 그대 OST Part.7,"130,740",4446485
6,New,['2NE1'],너 아님 안돼,CRUSH,"47,117",4478188
7,New,['CNBLUE (씨엔블루)'],Can`t Stop,Can`t Stop,"43,094",4462368
8,-4,['걸스데이'],Something,걸스데이 미니앨범 3집,"67,019",4383773
9,-7,['효린'],안녕,별에서 온 그대 OST Part.4,"82,037",4412196
10,New,['버스커 버스커'],벚꽃 엔딩,버스커 버스커 1집,"343,123",3753304
11,New,['2NE1'],살아 봤으면 해,CRUSH,"52,408",4478189
12,-1,['허각'],오늘 같은 눈물이,별에서 온 그대 OST Part.6,"28,637",4433528
13,+1,['AOA'],짧은 치마 (Miniskirt),짧은 치마,"54,446",4400561
14,-7,['엠씨더맥스'],그대가 분다,UNVEILING,"111,593",4381724
15,-10,['에일리'],노래가 늘었어,노래가 늘었어,"78,897",4383349
16,-15,['Idina Menzel'],Let It Go,겨울왕국 OST (33 Trks Ver.),"82,081",4342899
17,-8,['아이유'],금요일에 만나요 (Feat. 장이정 Of HISTORY),Modern Times - Epilogue,"215,257",4369827
18,New,['린'],보고 싶어...운다,Le Grand Bleu,"24,448",4493462
19,New,['2NE1'],Crush,CRUSH,"21,695",4478186
20,+64,['김수현'],너의 집 앞,별에서 온 그대 OST Part.8,"19,616",4462141
21,New,['넬 (NELL)'],지구가 태양을 네 번,Newton`s Apple,"42,639",4478169
22,-16,['가인'],Fxxk U (Feat. 범키),Truth Or Dare,"30,037",4418185
23,+43,"['케이윌', '마마무(Mamamoo)']",썸남썸녀 (Feat. 휘성),썸남썸녀,"40,844",4443748
24,New,['오렌지 캬라멜'],까탈레나 (Catallena),The Third Single Catallena,"41,074",4503810
25,New,['2NE1'],멘붕 (CL Solo),CRUSH,"36,321",4478191
26,-14,['린'],My Destiny,별에서 온 그대 OST Part.1,"62,413",4375626
27,New,['임창정'],흔한 노래,흔한 노래... 흔한 멜로디...,"68,281",4512170
28,New,['권진아'],씨스루,K팝 스타 시즌3 TOP10 Part.1,"25,256",4484403
29,-14,['Idina Menzel'],Let It Go,겨울왕국 OST,"104,280",4389943
30,+8,['S.M. THE BALLAD'],숨소리 (Breath) (Sung By 태연 (소녀시대) & 종현 (샤이니)),S.M. The Ballad Vol.2 `Breath` 숨소리,"49,584",4441132
31,New,['2NE1'],착한 여자,CRUSH,"14,887",4478190
32,-22,['개리'],조금 이따 샤워해 (Feat. Crush),MR.GAE,"46,623",4397969
33,New,['바이브'],해운대 (Feat. 강민경 Of 다비치),ritardando,"13,497",4455531
34,-15,['휘성 (Realslow)'],가슴 시린 이야기 (Feat. 용준형 Of Beast),가슴 시린 이야기,"63,563",3174148
35,-22,['비'],La Song,Rain Effect,"33,971",4382254
36,-20,['B1A4'],Lonely (없구나),Who Am I,"51,072",4393161
37,-15,['홍대광'],답이 없었어,THE SILVER LINING,"43,143",4412480
38,New,['로꼬'],감아 (Feat. Crush),감아,"131,287",4527879
39,+53,['레이디스 코드'],So Wonderful,So Wonderful,"20,559",4438401
40,-32,"['Kristen Bell', 'Agatha Lee Monn', 'Katie Lopez']",Do You Want To Build A Snowman? (삼성전자 갤럭시 노트 4 & 노트 엣지 2015 신년 광고 광고 삽입곡),겨울왕국 OST,"54,863",4389940
41,New,['2NE1'],Happy,CRUSH,"19,851",4478192
42,-13,['가인'],진실 혹은 대담,Truth Or Dare,"21,727",4435548
43,New,['정은지'],그대라구요,쓰리 데이즈 OST Part 2,"25,710",4490672
44,-26,['케이윌'],별처럼,별에서 온 그대 OST Part.2,"31,331",4388702
45,New,['2NE1'],Scream,CRUSH,"14,696",4478193
46,-1,"['소유 (SOYOU)', '매드클라운']",착해 빠졌어 (Stupid In Love),착해 빠졌어 (Stupid In Love),"126,144",4237755
47,New,['4minute'],오늘 뭐해,4MINUTE WORLD,"17,240",4516940
48,New,['Bro'],그런 남자,그런 남자,"55,281",4535038
49,-3,['정키'],홀로 (Feat. 김나영),Break Up,"134,921",3893169
50,+10,['프라이머리'],자니 (Feat. Dynamic Duo),자니,"155,966",3726617
51,New,['소녀시대 (GIRLS` GENERATION)'],Goodbye,The 4th Mini Album `Mr.Mr.`,"31,449",4471543
52,+25,['버스커 버스커'],처음엔 사랑이란게,버스커 버스커 2집,"121,144",4252728
53,-27,['빈지노 (Beenzino)'],"Dali, Van, Picasso","Dali, Van, Picasso","98,512",4366156
54,-34,"['Kristen Bell', 'Santino Fontana']",Love Is An Open Door,겨울왕국 OST,"59,489",4389942
55,New,['2NE1'],Baby I Miss You,CRUSH,"13,582",4478194
56,-29,"['휘성 (Realslow)', '거미']",Special Love,Special Love,"43,904",4340421
57,-27,"['서인국', '지아']",이별남녀,이별남녀,"44,514",4342054
58,-15,['EXO'],으르렁 (Growl),The 1st Album `XOXO` Repackage,"180,286",4193337
59,-34,['휘성 (Realslow)'],결혼까지 생각했어,Realslow Is Back,"44,626",2903041
60,-24,['허각'],향기만 남아,Reminisce,"46,890",4312933
61,-27,['스피카'],You Don`t Love Me,You Don`t Love Me,"13,948",4418413
62,-0,['심은경'],나성에 가면,수상한 그녀 OST,"24,345",4423574
63,-40,['엠씨더맥스'],그때 우리,UNVEILING,"46,311",4381721
64,-43,['거미'],내 생각날 거야 (Narr. 이시영),The Lyrics - No.4,"17,893",4402769
65,New,['신용재'],"널 사랑한다, 지운다, 또 운다",쓰리 데이즈 OST Part 3,"18,907",4504110
66,-31,['성시경'],너에게,응답하라 1994 OST Part 2,"94,342",4300699
67,-13,['김범수'],끝사랑,Solista Part.2,"110,176",3436083
68,New,['비투비'],뛰뛰빵빵,뛰뛰빵빵,"45,902",4454340
69,-37,['레인보우 블랙'],Cha Cha,Rainbow Blaxx Special Album (RB BLAXX),"11,340",4404589
70,-39,['브라운 아이드 소울'],너를,Thank Your Soul,"45,905",4367874
71,-27,"['범키', '버벌진트']",너에게만,듀스 20주년 헌정앨범 Part.6,"40,918",4362019
72,-21,['B.A.P'],1004 (Angel),First Sensibility,"28,279",4421555
73,-12,['G-DRAGON'],삐딱하게 (Crooked),쿠데타 (COUP D`ETAT),"115,259",4232200
74,-1,['브라운 아이드 소울'],Pass Me By,Thank Your Soul - SIDE A,"12,273",4452405
75,-28,['2NE1'],그리워해요,그리워해요,"72,952",4328659
76,-17,['효린'],"Let It Go (From ""Frozen"")","Let It Go (from ""Frozen"")","13,620",4440763
77,New,['40'],별 헤는 밤,별 헤는 밤,"14,244",4490289
78,New,['소녀시대 (GIRLS` GENERATION)'],Wait A Minute,The 4th Mini Album `Mr.Mr.`,"19,981",4471545
79,-55,"['Kristen Bell', 'Idina Menzel']",For The First Time In Forever,겨울왕국 OST,"37,854",4389941
80,-39,['Apink (에이핑크)'],Good Morning Baby,Good Morning Baby,"35,017",4393317
81,New,"['투하트 (우현, 키)']",Delicious,1st Mini Album,"22,895",4491123
82,-26,['San E'],이별식탁 (Feat. 산체스 Of 팬텀),`Not` Based On The True Story,"47,794",4328770
83,-44,['효린'],너 밖에 몰라 (One Way Love),LOVE&HATE,"26,732",4333566
84,-56,['윤하 (YOUNHA)'],별에서 온 그대,별에서 온 그대 OST Part.3,"13,618",4398445
85,-35,['에일리'],눈물이 맘을 훔쳐서,비밀 OST Part.5,"61,483",4296990
86,New,['박지윤'],Beep,Inner Space,"5,751",4446749
87,New,['지아'],The Day,기황후 OST Part.6,"7,427",4470215
88,-46,['달샤벳'],B.B.B (Big Baby Baby),The 7th Mini Album `B.B.B`,"13,324",4388691
89,New,['박효신'],야생화,야생화,"299,797",4543502
90,New,['2NE1'],Come Back Home (Unplugged Ver.),CRUSH,"16,357",4478195
91,New,['윤민수(바이브)'],어느 소녀의 사랑 이야기,불후의 명곡 - 전설을 노래하다 (박건호 편),"9,908",4454364
92,New,['스윙스'],이겨낼거야 2 (Feat. GRAY),감정기복 II Part.1 : 주요 우울증 (Major Depression),"11,074",4476043
93,New,['DK'],잊고 있는중 (Ing),CS Numbers Vol.5,"5,457",4496046
94,-46,['엠씨더맥스'],백야,UNVEILING,"58,942",4381725
95,New,['김수현'],약속,별에서 온 그대 OST Special,"11,061",4507664
96,-63,['동방신기 (TVXQ!)'],Something,TVXQ! The 7th Album `TENSE`,"30,011",4381937
97,New,['스탠딩 에그'],고백,고백,"32,194",4481273
98,New,['배치기'],뜨래요 (Feat. 앙리 Of 3B),뜨래요,"34,084",4532820
99,New,['이선희'],그 중에 그대를 만나,15집 `SERENDIPITY` 30주년 기념앨범,"120,379",4544242
100,New,['스텔라'],마리오네트,마리오네트,"10,168",4446470
