﻿rank,rank_change,singer,title,album,like,song_code
1,New,['가인'],피어나,Talk About S.,"65,198",3911750
2,+5,['나얼'],바람기억,Principle Of My Soul,"212,321",3910821
3,New,['에픽하이 (EPIK HIGH)'],춥다 (Feat. 이하이),99,"75,366",3922586
4,-3,"['서인국', '정은지']",All For You,응답하라 1997 Love Story Part 1,"154,819",3890826
5,+1,['G-DRAGON'],크레용 (Crayon),One Of A Kind,"63,907",3906377
6,New,['케이윌'],이러지마 제발 (Please Don`t...),The 3rd Album Part.1,"83,432",3922071
7,+3,['오렌지 캬라멜'],립스틱 (LIPSTICK),립스틱 (LIPSTICK),"36,884",3903316
8,+4,['G-DRAGON'],Missing You (Feat. 김윤아 Of 자우림),One Of A Kind,"100,951",3906383
9,New,"['로이킴', '정준영']",먼지가 되어,슈퍼스타 K4 Top 12 Part.1,"79,700",3928293
10,-8,"['허각', '지아']",I Need You,I Need You,"97,530",3884575
11,-3,['티아라'],SEXY LOVE,MIRAGE,"32,551",3893934
12,-9,['싸이 (PSY)'],강남스타일,싸이6甲 Part.1,"153,288",3853978
13,+87,['XIA (준수)'],사랑은 눈꽃처럼,세상 어디에도 없는 착한남자 OST Part.1,"65,028",3914860
14,-10,['G-DRAGON'],그XX,One Of A Kind,"90,357",3894730
15,-4,['시크릿'],POISON,POISON,"18,049",3904614
16,New,['10CM'],Fine Thank You And You?,2.0,"48,578",3922575
17,New,['미쓰에이'],남자 없이 잘 살아,Independent Women pt.Ⅲ,"34,389",3928294
18,New,['에일리'],보여줄게,Invitation,"92,756",3929469
19,+1,['허각'],아프다,아프다,"23,204",3905489
20,New,['유승우'],My Son,슈퍼스타 K4 Top 12 Part.1,"23,387",3928290
21,-8,['싸이 (PSY)'],어땠을까 (Feat. 박정현),싸이6甲 Part.1,"115,834",3853980
22,New,['J.Lee'],말리꽃 (원곡가수 이승철),`나는 가수다 2` 10월 B조 경연,"33,057",3928194
23,-7,"['정은지', '서인국']",우리 사랑 이대로,응답하라 1997 Love Story Part 2,"72,278",3895885
24,New,['이승철'],아마추어,아마추어,"36,192",3917048
25,New,['휘성 (Realslow)'],너라는 명작,DOKKUN Project Pt.1,"21,311",3915868
26,-2,['어반자카파'],니가 싫어,니가 싫어,"57,796",3897152
27,New,"['15& (박지민, 백예린)']",I Dream,I Dream,"39,870",3913733
28,-0,['FTISLAND (FT아일랜드)'],좋겠어 (I wish),FIVE TREASURE BOX,"23,474",3900853
29,New,['The One (더원)'],아시나요 (원곡가수 조성모),`나는 가수다 2` 9월의 가수전,"12,222",3918121
30,New,['김태우'],내가 나를 봐도 슬퍼..,이단옆차기 프로젝트 Vol.01,"5,006",3917338
31,-17,['백아연'],느린노래,I`m Baek,"25,991",3900836
32,-27,['카라'],Pandora,PANDORA,"21,508",3886294
33,+28,['마이티 마우스'],이럴때면 (Feat. 린),네비게이션,"11,732",3909685
34,+8,['The One (더원)'],그 남자 (원곡가수 현빈),`나는 가수다 2` 9월 B조 경연,"13,689",3906453
35,-18,['싸이 (PSY)'],뜨거운 안녕 (Feat. 성시경),싸이6甲 Part.1,"62,233",3853977
36,-27,['씨스타'],Loving U (러빙유),Summer Special `Loving U`,"82,321",3837683
37,-3,['나얼'],Missing You,Principle Of My Soul,"19,523",3910819
38,New,['이승철'],말리꽃,청연 OST,"44,822",1046282
39,New,['나비'],가지마,REAL LOVE,"8,858",3914875
40,New,['블락비 (Block B)'],닐리리맘보,BLOCKBUSTER,"54,187",3928713
41,-11,['G-DRAGON'],One Of A Kind,One Of A Kind,"40,847",3889745
42,New,['포맨'],Hello!,Sorry,"26,054",2994360
43,+30,['긱스 (Geeks)'],Officially Missing You,Officially Missing You,"125,153",3170749
44,New,['현아'],Ice Cream (Feat. Maboos),MELTING,"23,006",3935594
45,-23,['2NE1'],I Love You,I Love You,"68,641",3847197
46,-27,['이종현 (CNBLUE)'],내 사랑아,신사의 품격 OST Part 5,"63,852",3848972
47,-32,['비스트'],아름다운 밤이야,Midnight Sun,"65,944",3860282
48,New,['이석훈'],좋으니까,다른 안녕,"7,622",3918422
49,New,['동방신기 (TVXQ!)'],Catch Me,Catch Me,"21,196",3913042
50,-29,['다비치'],남자도 우나요,THE S Part.1,"36,756",3866006
51,New,['더블케이 (Double K)'],멘트 (Feat. 개코 Of Dynamic Duo),멘트,"27,868",3915843
52,-34,['보아 (BoA)'],Only One,Only One,"83,156",3859894
53,-28,['버스커 버스커'],정말로 사랑한다면,버스커 버스커 1집 마무리,"106,792",3832101
54,New,['에픽하이 (EPIK HIGH)'],UP (Feat. 박봄 Of 2NE1),99,"20,188",3935148
55,New,['이수영'],착한 여자,세상 어디에도 없는 착한남자 OST Part.2,"5,007",3922915
56,-29,['버벌진트'],충분히 예뻐 (feat. 산체스 Of 팬텀),10년동안의오독 I,"66,117",3832079
57,-34,['JUNIEL'],illa illa (일라 일라),My First June,"75,078",3820647
58,New,['라니아'],STYLE,STYLE,"9,457",3911902
59,New,['에픽하이 (EPIK HIGH)'],Don`t Hate Me,99,"31,614",3935149
60,New,['별'],귀여워 (With 권정열 Of 10cm),귀여워,"52,754",3940533
61,-25,['G-DRAGON'],결국 (Feat. 로제 of BLACKPINK),One Of A Kind,"36,642",3906382
62,New,['스피카'],I`ll Be There,I`ll Be There,"14,074",3906249
63,-9,['Maroon 5'],One More Night,Overexposed (Deluxe Edition),"24,419",3835666
64,-12,['나얼'],이별시작,Principle Of My Soul,"14,063",3910822
65,New,['이현'],촌스러워서,촌스러워서,"3,348",3919115
66,-37,['태연 (TAEYEON)'],가까이,아름다운 그대에게 OST `가까이`,"24,509",3897155
67,+11,['Carly Rae Jepsen'],Call Me Maybe,Call Me Maybe,"120,453",3726439
68,New,['가비엔제이'],Lady Killer,Gavish,"2,937",3921832
69,New,"['이창민', '이현']",들리지 않는 말,다섯손가락 OST Part.2,"2,806",3926016
70,-33,['버벌진트'],굿모닝 (Feat. 권정열 Of 10cm),굿모닝,"62,138",3820695
71,New,['쥬얼리'],룩앳미 (Look At Me),Look At Me,"5,137",3924527
72,New,['EXID'],매일밤,매일밤,"47,914",3917319
73,-27,['나얼'],기억리듬,Principle Of My Soul,"8,700",3910816
74,New,['10CM'],한강의 작별,2.0,"6,146",3922576
75,New,['보아 (BoA)'],LOOKIN` (Feat. The Quiett),Younique Album LOOKIN`,"5,441",3929537
76,New,['미스에스'],담배 좀 줄여,담배 좀 줄여,"6,108",3914912
77,-51,['비스트'],Midnight (별 헤는 밤),Midnight (별 헤는 밤),"62,771",3854238
78,New,['10CM'],오늘밤에,2.0,"9,785",3922580
79,-23,['신용재'],가수가 된 이유,24,"89,676",3864961
80,-41,['B.A.P'],대박사건 (Crash),대박사건,"31,012",3891852
81,New,['Jessica (제시카)'],My Lifestyle (Feat. Dok2),Younique Album My Lifestyle,"6,343",3932701
82,New,['가인'],팅커벨,Talk About S.,"8,063",3911746
83,-35,['G-DRAGON'],Today (Feat. 김종완 Of Nell),One Of A Kind,"20,578",3906384
84,New,['케이윌'],사랑은 그대다,아랑사또전 OST Part.7,"6,241",3914694
85,New,['10CM'],그대와 나,2.0,"9,144",3922574
86,New,['윤건'],걷다,Far East 2 Bricklane,"26,017",3931559
87,-49,['버스커 버스커'],그댈 마주하는건 힘들어 (그마힘),버스커 버스커 1집 마무리,"67,838",3832098
88,-53,['허각'],한사람,한사람 (빅 OST),"46,442",3834908
89,-58,['신용재'],자꾸만 자꾸만,24,"20,035",3864962
90,-57,['티아라'],DAY BY DAY,DAY BY DAY,"41,898",3840800
91,New,['가인'],그녀를 만나,Talk About S.,"8,401",3911748
92,New,['김광석'],먼지가 되어,김광석 Best,"7,053",1047563
93,-25,['나얼'],여전히 난,Principle Of My Soul,"10,361",3910823
94,New,['에일리'],저녁 하늘,Invitation,"146,779",3929471
95,-13,['The One (더원)'],지나간다 (원곡가수 김범수),`나는 가수다 2` 새가수 초대전,"15,306",3894754
96,-32,['Maroon 5'],Payphone (Feat. Wiz Khalifa),Payphone,"95,952",3774133
97,New,['허니지'],비켜줄께,슈퍼스타 K4 Top 12 Part.1,"5,183",3928286
98,-28,['윤하 (YOUNHA)'],서쪽 하늘 (원곡가수 이승철),`나는 가수다 2` 9월 A조 경연,"11,220",3900683
99,New,['소울스타 (SOULSTAR)'],강남역 10번 출구,강남역 10번 출구,"11,190",3913740
100,New,['10CM'],냄새나는 여자,2.0,"8,235",3922577
