﻿rank,rank_change,singer,title,album,like,song_code
1,New,['아이유'],사랑이 잘 (With 오혁),사랑이 잘,"169,967",30349593
2,+23,['아이유'],밤편지,밤편지,"352,395",30314784
3,New,['WINNER'],REALLY REALLY,FATE NUMBER FOR,"220,672",30341745
4,+3,"['마크툽 (MAKTUB)', '구윤회']",Marry Me,마크툽 프로젝트 Vol.03,"172,878",4786735
5,-3,['에일리'],첫눈처럼 너에게 가겠다,도깨비 OST Part.9,"298,831",30190630
6,-5,['TWICE (트와이스)'],KNOCK KNOCK,TWICEcoaster : LANE 2,"161,128",30261007
7,+22,['하이라이트 (Highlight)'],얼굴 찌푸리지 말아요,CAN YOU FEEL IT?,"122,811",30310862
8,-4,['정키'],부담이 돼 (Feat. 휘인 Of 마마무),EMPTY,"123,707",30290011
9,-3,['볼빨간사춘기'],좋다고 말해,Full Album RED PLANET `Hidden Track`,"191,503",30163110
10,New,['지코 (ZICO)'],She`s a Baby,She`s a Baby,"73,158",30355842
11,-8,['태연 (TAEYEON)'],Fine,My Voice - The 1st Album,"142,291",30278209
12,New,['아이유'],팔레트 (Feat. G-DRAGON),Palette,"214,540",30378156
13,-5,['AKMU (악동뮤지션)'],오랜 날 오랜 밤,사춘기 하 (思春記 下),"180,965",30181278
14,-9,['Red Velvet (레드벨벳)'],Rookie,Rookie - The 4th Mini Album,"129,289",30227054
15,New,['태연 (TAEYEON)'],Make Me Love You,My Voice - The 1st Album Deluxe Edition,"61,008",30343207
16,-1,['신현희와김루트'],오빠야,신현희와김루트,"128,163",5605860
17,-7,['Crush'],Beautiful,도깨비 OST Part 4,"201,764",30157753
18,-7,['방탄소년단'],봄날,YOU NEVER WALK ALONE,"459,261",30244931
19,New,"['효린', '창모 (CHANGMO)']",BLUE MOON (Prod. GroovyRoom),BLUE MOON,"145,243",30367365
20,+1,['볼빨간사춘기'],나만 안되는 연애,Full Album RED PLANET,"178,491",9620473
21,-4,['볼빨간사춘기'],우주를 줄게,Full Album RED PLANET,"251,441",9620469
22,-13,['블락비 (Block B)'],YESTERDAY,YESTERDAY,"107,052",30232778
23,+19,['버스커 버스커'],벚꽃 엔딩,버스커 버스커 1집,"343,124",3753304
24,+42,['Ed Sheeran'],Shape of You,÷ (Deluxe),"275,772",30188113
25,-13,"['소유 (SOYOU)', '백현 (BAEKHYUN)']",비가와 (Rain),비가와,"124,035",30247520
26,-6,['비투비'],MOVIE,Feel`eM,"121,293",30286429
27,New,['정은지'],너란 봄 (Feat. 하림),공간,"48,233",30351579
28,-10,['매드클라운'],우리집을 못 찾겠군요 (Feat. 볼빨간사춘기),우리집을 못 찾겠군요,"86,048",30230986
29,-13,['BIGBANG'],에라 모르겠다,MADE,"165,610",30147445
30,-11,['TWICE (트와이스)'],TT,TWICEcoaster : LANE 1,"191,540",30054344
31,+4,['창모 (CHANGMO)'],마에스트로 (Maestro),돈 벌 시간 2,"104,003",8276708
32,-5,['볼빨간사춘기'],심술,Half Album RED ICKLE,"126,722",8155478
33,-9,['여자친구 (GFRIEND)'],FINGERTIP,여자친구 The 4th Mini Album `THE AWAKENING`,"59,284",30285450
34,+37,"['HIGH4 (하이포)', '아이유']",봄 사랑 벚꽃 말고,봄 사랑 벚꽃 말고,"175,988",4579468
35,-21,"['찬열 (CHANYEOL)', '펀치 (Punch)']",Stay With Me,도깨비 OST Part.1,"202,553",30132687
36,New,['걸스데이'],I`ll Be Yours,GIRL`S DAY EVERYDAY #5,"32,371",30324427
37,New,['Osshun Gum'],Come For You (Feat. HOMEBOY & FNRL.),고등래퍼 FINAL,"51,351",30337190
38,-7,['한동근'],그대라는 사치,The 3rd Digital Single `그대라는 사치`,"170,315",9614761
39,-17,['마마무(Mamamoo)'],Decalcomanie (데칼코마니),MEMORY,"137,838",30079086
40,-27,['Zion.T'],노래,OO,"76,194",30227061
41,-3,['박재범'],"All I Wanna Do (K) (Feat. Hoody, Loco)",EVERYTHING YOU WANTED,"153,915",30049271
42,-14,['BLACKPINK'],불장난,SQUARE TWO,"155,358",30069773
43,New,['아이유'],이런 엔딩,Palette,"145,900",30378157
44,-5,['한동근'],이 소설의 끝을 다시 써보려 해,The 1st Digital Single `이 소설의 끝을 다시 써보려 해`,"216,535",5398990
45,New,['아이유'],이 지금,Palette,"126,361",30378155
46,+10,['Justin Bieber'],Love Yourself,Purpose (Deluxe),"210,500",7931286
47,+37,['창모 (CHANGMO)'],아름다워,돈 벌 시간 2,"149,822",8276709
48,-18,['에디킴'],이쁘다니까,도깨비 OST Part.5,"91,869",30169608
49,-9,['볼빨간사춘기'],You(=I),Full Album RED PLANET,"101,611",9620471
50,-27,['소유 (SOYOU)'],I Miss You,도깨비 OST Part.7,"98,938",30177818
51,-7,['헤이즈 (Heize)'],돌아오지마 (Feat. 용준형 Of 비스트),돌아오지마,"174,034",8143111
52,-2,['임창정'],내가 저지른 사랑,I`M,"220,823",9631530
53,-17,['헤이즈 (Heize)'],저 별,저 별,"127,930",30132701
54,-28,"['다이나믹 듀오', '첸 (CHEN)']",기다렸다 가,Mixxxture Project Vol.1,"107,117",30215199
55,-23,['DEAN'],넘어와 (Feat. 백예린),limbo,"101,777",30257703
56,New,['개코'],코끼리 (Feat. 랩몬스터),코끼리,"30,816",30340879
57,-4,['어반자카파'],널 사랑하지 않아,스틸,"187,988",8199190
58,New,['백현 (BAEKHYUN)'],바래다줄게 (Take You Home),바래다줄게 (Take You Home) - SM STATION,"101,563",30367190
59,New,['WINNER'],FOOL,FATE NUMBER FOR,"73,114",30341746
60,New,['아이유'],잼잼,Palette,"75,143",30378159
61,+21,['The Chainsmokers'],Closer (Feat. Halsey),Collage EP,"194,847",8287788
62,-5,['DEAN'],D (half moon) (Feat. 개코),130 mood : TRBL,"215,612",8109412
63,+1,['하이라이트 (Highlight)'],아름답다,CAN YOU FEEL IT?,"56,160",30294629
64,-3,['엠씨더맥스'],어디에도,pathos,"197,386",8033528
65,-13,['Red Velvet (레드벨벳)'],러시안 룰렛 (Russian Roulette),Russian Roulette - The 3rd Mini Album,"160,065",9634954
66,-11,['TWICE (트와이스)'],CHEER UP,PAGE TWO,"215,357",8158031
67,-16,['정승환'],이 바보야,목소리,"120,536",30120986
68,-34,['황광희 X 개코'],당신의 밤 (Feat. 오혁),무한도전 위대한 유산,"119,102",30179089
69,-24,['정준일'],첫 눈,도깨비 OST Part.8,"87,755",30178900
70,-8,['정승환'],너였다면,또 오해영 OST Part.5,"182,137",8203900
71,-28,['방탄소년단'],피 땀 눈물,WINGS,"275,937",30029173
72,-25,['AOA'],Excuse Me,AOA 1st Album ANGEL`S KNOCK,"42,306",30179099
73,New,['혁오 (HYUKOH)'],TOMBOY,23,"147,397",30383949
74,New,['10CM'],봄이 좋냐??,3.2,"142,164",8124417
75,-6,['Sam Smith'],I`m Not The Only One,In The Lonely Hour,"218,003",4660794
76,-11,['박효신'],숨,I am A Dreamer,"200,091",30011624
77,-17,['아이오아이 (I.O.I)'],너무너무너무,miss me?,"113,960",30040810
78,-19,['태연 (TAEYEON)'],11:11,11:11,"140,718",30072072
79,-30,['BIGBANG'],LAST DANCE,MADE,"121,773",30147446
80,New,['반하나'],그대가 나를 본다면,그대가 나를 본다면,"44,600",4636238
81,-18,['세정'],꽃길 (Prod. By ZICO),Jelly box 꽃길 (Prod. By 지코(ZICO)) 세정,"152,304",30105590
82,+11,"['기리보이', '서출구', '양홍원']",Bunzi (번지),고등래퍼 지역대항전 Part.2,"31,589",30310624
83,New,['SURAN (수란)'],오늘 취하면 (Feat. 창모) (Prod. SUGA),WINE,"196,742",30390068
84,-43,['샘김 (Sam Kim)'],Who Are You,도깨비 OST Part.6,"93,817",30169383
85,New,['길구봉구'],바람이 불었으면 좋겠어,바람이 불었으면 좋겠어,"117,129",4383833
86,New,['아이유'],이름에게,Palette,"151,524",30378164
87,-50,['비투비'],언젠가 (SOMEDAY),Feel`eM,"85,372",30272285
88,-42,['수지 (SUZY)'],행복한 척,Yes? No?,"91,210",30205955
89,New,['EXID'],낮보다는 밤,Eclipse,"38,269",30349960
90,-9,['헨리 (HENRY)'],그리워요 (Girlfriend),그리워요 (Girlfriend),"49,097",30310702
91,New,['김선재'],종 (Feat. 효린),고등래퍼 FINAL,"17,979",30337187
92,-25,"['김희철', '민경훈']",나비잠 (Sweet Dream),나비잠 (Sweet Dream) - SM STATION,"118,809",30105621
93,-60,['Zion.T'],Complex (feat. G-DRAGON),OO,"54,531",30227065
94,-22,['어반자카파'],목요일 밤 (Feat. 빈지노),목요일 밤,"114,768",9613173
95,New,['아이유'],Black Out,Palette,"46,711",30378160
96,-38,['방탄소년단'],Not Today,YOU NEVER WALK ALONE,"183,382",30244932
97,-18,['정준일'],바램,더 아름다운 것,"39,278",30301700
98,New,['PRISTIN (프리스틴)'],WEE WOO,The 1st Mini Album `HI! PRISTIN`,"38,616",30313945
99,-45,['어반자카파'],소원,도깨비 OST Part.10,"48,458",30191370
100,New,['Red Velvet (레드벨벳)'],Would U,Would U - SM STATION,"55,950",30335226
