﻿rank,rank_change,singer,title,album,like,song_code
1,+1,['EXID'],위아래,위아래,"89,327",4840271
2,New,['매드클라운'],화 (Feat. 진실 Of Mad Soul Child) (Fire),Piece Of Mine,"73,491",5531227
3,New,['노을'],목소리,보이지 않는 것들,"59,602",5536206
4,-3,['Apink (에이핑크)'],LUV,Pink LUV,"103,735",5473905
5,-1,['정승환'],사랑에 빠지고 싶다,K팝 스타 시즌4 `사랑에 빠지고 싶다`,"101,154",5495296
6,-3,['규현 (KYUHYUN)'],광화문에서 (At Gwanghwamun),The 1st Mini Album `광화문에서 (At Gwanghwamun)`,"190,956",5458267
7,+5,['Ariana Grande'],Problem (Feat. Iggy Azalea),Problem,"102,982",4630555
8,-1,['GD X TAEYANG'],GOOD BOY,GOOD BOY,"81,691",5470838
9,+1,"['타이거JK, 윤미래, 비지 (Bizzy)']",Angel,Angel,"45,861",5495681
10,-1,['AOA'],사뿐사뿐,사뿐사뿐,"53,071",5456521
11,-5,['토이'],세 사람 (With 성시경),Da Capo,"96,443",5465008
12,New,['종현 (JONGHYUN)'],데자-부 (Deja-Boo) (Feat. Zion.T),The 1st Mini Album `BASE`,"56,492",5533607
13,+2,"['다이나믹 듀오', '박정현']",싱숭생숭 (SsSs),싱숭생숭 (SsSs),"45,851",5493729
14,New,"['정승환', '박윤하']",슬픔 속에 그댈 지워야만 해,K팝 스타 시즌4 - 캐스팅 오디션 Part.1,"63,518",5551234
15,New,['다비치'],또 운다 또,DAVICHI HUG,"47,889",5555751
16,-3,['로꼬'],니가 모르게 (You Don`t Know),LOCOMOTIVE,"99,600",5476552
17,New,['김건모'],잘못된 만남,김건모 3집 - 잘못된 만남,"48,985",62462
18,-10,['박효신'],HAPPY TOGETHER,HAPPY TOGETHER,"82,201",5474213
19,New,"['소유 (SOYOU)', '기리보이']",팔베개 (Feat. 기현) (Pillow),NO.MERCY (노머시) Part.2,"46,859",5546828
20,+3,['에픽하이 (EPIK HIGH)'],"BORN HATER (Feat. 빈지노, 버벌진트, B.I, MINO, BOBBY)",신발장,"114,009",5419682
21,-2,['비스트'],12시 30분,TIME,"110,771",5413256
22,-0,['포스트맨(Postmen)'],신촌을 못가,신촌을 못가,"100,218",4016085
23,-12,['HI SUHYUN'],나는 달라 (Feat. BOBBY),나는 달라,"57,389",5456526
24,-19,"['성시경', '권진아']",잊지 말기로 해 (Bonus Track),Winter Wonderland,"51,863",5482636
25,+3,['박효신'],야생화,야생화,"299,797",4543502
26,-8,"['효린', '주영']",지워 (Feat. 아이언),지워,"39,002",5462666
27,-13,['MC몽'],내가 그리웠니 (Feat. 진실 Of Mad Soul Child),MISS ME OR DISS ME,"55,663",5442688
28,New,['배치기'],악몽 (Feat. 박수진),악몽,"18,957",5526865
29,-2,['Adam Levine'],Lost Stars,Begin Again - Music From And Inspired By The Original Motion Picture,"245,845",4743560
30,-13,['MC몽'],내 생애 가장 행복한 시간 (Feat. 허각),MISS ME OR DISS ME,"76,045",5442687
31,-10,['에픽하이 (EPIK HIGH)'],헤픈엔딩 (Feat. 조원선 Of 롤러코스터),신발장,"94,908",5421427
32,New,['김현정'],그녀와의 이별,Legend,"25,664",38547
33,+1,['WINNER'],공허해,2014 S/S,"143,486",4806686
34,New,"['San E', '효린']",Coach Me (Feat. 주헌),NO.MERCY (노머시) Part.1,"9,786",5528069
35,New,['Sam Smith'],I`m Not The Only One,In The Lonely Hour,"218,001",4660794
36,-5,['에일리'],손대지마,Magazine,"61,003",5394265
37,-0,['홍진영'],산다는 건 (Cheer Up),인생노트 (LIFE NOTE),"51,569",5450271
38,-13,['10CM'],쓰담쓰담,3.0,"53,211",5459290
39,New,['터보'],White Love (스키장에서),하얀 겨울 2005,"13,977",1032761
40,New,['지누션'],전화번호,노.라.보.세. 4집,"14,686",622649
41,+1,['로이킴'],피노키오,피노키오 OST Part.2,"40,273",5480966
42,-2,['김조한'],사랑에 빠지고 싶다,사랑에 빠지고 싶다,"66,207",3604753
43,New,['김현정'],멍,Kim Hyun Jung 3,"20,513",38426
44,-14,['윤현상'],언제쯤이면 (Duet.아이유),피아노포르테 (PIANOFORTE),"94,272",5439395
45,-29,"['성시경', '박효신', '이석훈', '서인국', 'VIXX (빅스)']",크리스마스니까,Jelly Christmas 2012 HEART PROJECT,"145,667",3973781
46,New,"['술제이 (Sool J)', '현영 (레인보우)']",오빠야,오빠야,"18,591",5523079
47,New,['지누션'],말해줘,Jinusean,"14,570",74372
48,-13,['개코'],"화장 지웠어 (Feat. Zion.T, HA:TFELT) (No Make Up)",REDINGRAY,"62,880",5415175
49,+6,['아이유'],금요일에 만나요 (Feat. 장이정 Of HISTORY),Modern Times - Epilogue,"215,257",4369827
50,-1,['엠씨더맥스'],바라보기,미녀의 탄생 OST Part 4,"65,765",5482064
51,-6,['WINNER'],끼부리지마,2014 S/S,"87,207",4806688
52,-32,['이진아'],시간아 천천히,K팝 스타 시즌4 `시간아 천천히`,"43,236",5473834
53,New,['엄정화'],Poison,Invitation,"15,717",83721
54,-13,['BOBBY'],연결고리#힙합,쇼미더머니3 Part.4,"68,754",4854588
55,-4,['아이유'],너의 의미 (Feat. 김창완),꽃갈피,"185,223",4646573
56,New,['터보'],나 어릴 적 꿈,터보 (Turbo) 1집 `280km Speed`,"11,238",1606445
57,-9,['태양'],"눈, 코, 입",RISE,"164,285",4671151
58,-34,['아이유'],미리 메리 크리스마스 (Feat. 천둥 Of MBLAQ),Real,"117,480",3053259
59,+39,['케이윌'],하나뿐인 사람,피노키오 OST Part.5,"19,611",5511318
60,New,['다비치'],행복해서 미안해,DAVICHI HUG,"27,846",5555752
61,-15,['어쿠스틱 콜라보'],"묘해, 너와",연애의 발견 OST Part 4,"120,063",4864206
62,-30,['MC몽'],죽을만큼 아파서 Part.2 (Feat. 스웨덴세탁소),MISS ME OR DISS ME,"33,608",5442696
63,-34,['토이'],U & I (With Crush & 빈지노),Da Capo,"57,197",5465067
64,+11,"['소유 (SOYOU)', '정기고']",썸 (Feat. 릴보이 Of 긱스),썸,"166,388",4433490
65,+4,['Maroon 5'],Maps,Maps,"126,214",4688375
66,New,['장재인'],환청 (Feat. 나쑈 (NaShow)),킬미힐미 OST Part.1,"59,068",5545022
67,New,['소찬휘'],Tears,First Bridge,"31,032",1140592
68,-2,['블락비 (Block B)'],HER,HER,"112,179",4764928
69,New,['엄정화'],초대,Invitation,"15,207",79740
70,-3,['마마무(Mamamoo)'],Piano Man,Piano Man,"54,786",5472103
71,-35,['MC몽'],도망가자 (Feat. 린),MISS ME OR DISS ME,"41,967",5442691
72,-19,['윤미래'],너를 사랑해,괜찮아 사랑이야 OST Part.6,"75,759",4843704
73,-16,"['포스트맨(Postmen)', '6 to 8']",술이 너보다 낫더라,술이 너보다 낫더라,"25,936",5431090
74,-20,['박보람'],예뻐졌다 (Feat. 지코 Of Block B),예뻐졌다,"74,319",4789747
75,-13,"['San E', '레이나 (Raina)']",한여름밤의 꿀,"San E, 레이나 Project Single `한여름밤의 꿀`","143,255",4681146
76,-33,['김동률'],그게 나야,동행,"82,621",5400360
77,-12,['어쿠스틱 콜라보'],너무 보고싶어,연애의 발견 OST Part 6,"98,483",5386171
78,-31,"['소유 (SOYOU)', '권순일 (어반자카파)', '박용인 (어반자카파)']",틈,소유X어반자카파 (권순일&박용인) `틈`,"50,471",5390701
79,New,"['지아', '하트비']",혼잣말,혼잣말,"8,694",5526770
80,-47,['MASTA WU'],"이리와봐 (Feat. Dok2, BOBBY)",이리와봐,"20,998",5486885
81,New,['나비'],한강앞에서,REAL STORY,"11,033",5531377
82,-1,['알리 (ALi)'],펑펑,TURNING POINT,"43,550",5457853
83,-57,"['케이윌', '씨스타', '정기고', '매드클라운', '보이프렌드', '주영']",LOVE IS YOU,Starship Planet 2014 (스타쉽플래닛),"16,294",5489152
84,New,['조성모'],To Heaven,To Heaven,"30,632",1816948
85,New,['양정승'],"밤하늘의 별을 6 (With 알렉스, 피어)",밤하늘의 별을 6,"9,848",5536249
86,New,['S.E.S.'],너를 사랑해,S.E.S. 2,"18,269",75070
87,New,['Golden'],You,Coming Home,"28,136",5551724
88,-17,['지코 (ZICO)'],Tough Cookie (Feat. Don Mills),Tough Cookie,"56,300",5449581
89,-45,['이진아'],마음대로,K팝 스타 시즌4 `마음대로`,"21,460",5504874
90,New,['매드클라운'],콩 (Feat. 주영) (Hide And Seek),Piece Of Mine,"14,425",5538220
91,-53,['MC몽'],마음 단단히 먹어 (Feat. 에일리),MISS ME OR DISS ME,"30,781",5442689
92,New,['EXO'],"December, 2014 (The Winter`s Tale)",EXOLOGY CHAPTER 1: THE LOST PLANET,"73,028",5515390
93,New,['김건모'],잠 못 드는 밤 비는 내리고,김건모1집 - 잠못드는 밤 비는 내리고,"23,787",57519
94,New,['종현 (JONGHYUN)'],Crazy (Guilty Pleasure) (Feat. 아이언),The 1st Mini Album `BASE`,"22,718",5538271
95,-56,['2BIC(투빅)'],우리 다시 사랑한다면,Genuine,"15,009",5478283
96,New,['윤하 (YOUNHA)'],뜨겁게 나를,피노키오 OST Part.7,"7,728",5526863
97,New,['쿨 (COOL)'],슬퍼지려 하기 전에 (R&B Vers.),Cool Best,"11,624",521722
98,New,['소찬휘'],현명한 선택,Eight Times - Begin Again,"11,123",1500836
99,New,['화요비'],그사람,820211,"8,927",5546791
100,New,"['개코', '얀키 (YANKIE)']","Cheers (Feat. Beenzino, Babylon)",Cheers,"18,332",5557985
