﻿rank,rank_change,singer,title,album,like,song_code
1,+40,['Apink (에이핑크)'],LUV,Pink LUV,"103,735",5473905
2,+46,['EXID'],위아래,위아래,"89,327",4840271
3,+6,['규현 (KYUHYUN)'],광화문에서 (At Gwanghwamun),The 1st Mini Album `광화문에서 (At Gwanghwamun)`,"190,956",5458267
4,New,['정승환'],사랑에 빠지고 싶다,K팝 스타 시즌4 `사랑에 빠지고 싶다`,"101,154",5495296
5,New,"['성시경', '권진아']",잊지 말기로 해 (Bonus Track),Winter Wonderland,"51,863",5482636
6,+6,['토이'],세 사람 (With 성시경),Da Capo,"96,443",5465008
7,+21,['GD X TAEYANG'],GOOD BOY,GOOD BOY,"81,691",5470838
8,+27,['박효신'],HAPPY TOGETHER,HAPPY TOGETHER,"82,201",5474213
9,+11,['AOA'],사뿐사뿐,사뿐사뿐,"53,071",5456521
10,New,"['타이거JK, 윤미래, 비지 (Bizzy)']",Angel,Angel,"45,861",5495681
11,-5,['HI SUHYUN'],나는 달라 (Feat. BOBBY),나는 달라,"57,389",5456526
12,New,['Ariana Grande'],Problem (Feat. Iggy Azalea),Problem,"102,982",4630555
13,New,['로꼬'],니가 모르게 (You Don`t Know),LOCOMOTIVE,"99,600",5476552
14,-13,['MC몽'],내가 그리웠니 (Feat. 진실 Of Mad Soul Child),MISS ME OR DISS ME,"55,663",5442688
15,New,"['다이나믹 듀오', '박정현']",싱숭생숭 (SsSs),싱숭생숭 (SsSs),"45,851",5493729
16,New,"['성시경', '박효신', '이석훈', '서인국', 'VIXX (빅스)']",크리스마스니까,Jelly Christmas 2012 HEART PROJECT,"145,667",3973781
17,-15,['MC몽'],내 생애 가장 행복한 시간 (Feat. 허각),MISS ME OR DISS ME,"76,045",5442687
18,+34,"['효린', '주영']",지워 (Feat. 아이언),지워,"39,002",5462666
19,-12,['비스트'],12시 30분,TIME,"110,771",5413256
20,+42,['이진아'],시간아 천천히,K팝 스타 시즌4 `시간아 천천히`,"43,236",5473834
21,-17,['에픽하이 (EPIK HIGH)'],헤픈엔딩 (Feat. 조원선 Of 롤러코스터),신발장,"94,908",5421427
22,-6,['포스트맨(Postmen)'],신촌을 못가,신촌을 못가,"100,218",4016085
23,-12,['에픽하이 (EPIK HIGH)'],"BORN HATER (Feat. 빈지노, 버벌진트, B.I, MINO, BOBBY)",신발장,"114,009",5419682
24,New,['아이유'],미리 메리 크리스마스 (Feat. 천둥 Of MBLAQ),Real,"117,480",3053259
25,+5,['10CM'],쓰담쓰담,3.0,"53,211",5459290
26,New,"['케이윌', '씨스타', '정기고', '매드클라운', '보이프렌드', '주영']",LOVE IS YOU,Starship Planet 2014 (스타쉽플래닛),"16,294",5489152
27,-9,['Adam Levine'],Lost Stars,Begin Again - Music From And Inspired By The Original Motion Picture,"245,845",4743560
28,+3,['박효신'],야생화,야생화,"299,797",4543502
29,-0,['토이'],U & I (With Crush & 빈지노),Da Capo,"57,197",5465067
30,-17,['윤현상'],언제쯤이면 (Duet.아이유),피아노포르테 (PIANOFORTE),"94,272",5439395
31,-14,['에일리'],손대지마,Magazine,"61,003",5394265
32,-29,['MC몽'],죽을만큼 아파서 Part.2 (Feat. 스웨덴세탁소),MISS ME OR DISS ME,"33,608",5442696
33,New,['MASTA WU'],"이리와봐 (Feat. Dok2, BOBBY)",이리와봐,"20,998",5486885
34,-9,['WINNER'],공허해,2014 S/S,"143,486",4806686
35,-20,['개코'],"화장 지웠어 (Feat. Zion.T, HA:TFELT) (No Make Up)",REDINGRAY,"62,880",5415175
36,-28,['MC몽'],도망가자 (Feat. 린),MISS ME OR DISS ME,"41,967",5442691
37,+23,['홍진영'],산다는 건 (Cheer Up),인생노트 (LIFE NOTE),"51,569",5450271
38,-33,['MC몽'],마음 단단히 먹어 (Feat. 에일리),MISS ME OR DISS ME,"30,781",5442689
39,New,['2BIC(투빅)'],우리 다시 사랑한다면,Genuine,"15,009",5478283
40,New,['김조한'],사랑에 빠지고 싶다,사랑에 빠지고 싶다,"66,207",3604753
41,-4,['BOBBY'],연결고리#힙합,쇼미더머니3 Part.4,"68,754",4854588
42,New,['로이킴'],피노키오,피노키오 OST Part.2,"40,273",5480966
43,-20,['김동률'],그게 나야,동행,"82,621",5400360
44,New,['이진아'],마음대로,K팝 스타 시즌4 `마음대로`,"21,460",5504874
45,-7,['WINNER'],끼부리지마,2014 S/S,"87,207",4806688
46,-14,['어쿠스틱 콜라보'],"묘해, 너와",연애의 발견 OST Part 4,"120,063",4864206
47,-23,"['소유 (SOYOU)', '권순일 (어반자카파)', '박용인 (어반자카파)']",틈,소유X어반자카파 (권순일&박용인) `틈`,"50,471",5390701
48,+3,['태양'],"눈, 코, 입",RISE,"164,285",4671151
49,New,['엠씨더맥스'],바라보기,미녀의 탄생 OST Part 4,"65,765",5482064
50,-40,['MC몽'],New York (Feat. 백지영),MISS ME OR DISS ME,"18,736",5442690
51,-1,['아이유'],너의 의미 (Feat. 김창완),꽃갈피,"185,223",4646573
52,New,['Mariah Carey'],All I Want For Christmas Is You,Merry Christmas (Deluxe Anniversary Edition),"128,874",14776
53,-14,['윤미래'],너를 사랑해,괜찮아 사랑이야 OST Part.6,"75,759",4843704
54,-12,['박보람'],예뻐졌다 (Feat. 지코 Of Block B),예뻐졌다,"74,319",4789747
55,+16,['아이유'],금요일에 만나요 (Feat. 장이정 Of HISTORY),Modern Times - Epilogue,"215,257",4369827
56,+34,['김범수'],"집 밥 (Feat. 긱스, 이희선여사)",HIM,"14,725",5470601
57,-17,"['포스트맨(Postmen)', '6 to 8']",술이 너보다 낫더라,술이 너보다 낫더라,"25,936",5431090
58,-44,['MC몽'],"고장난 선풍기 (Feat. 개리, 효린 Of 씨스타)",MISS ME OR DISS ME,"23,712",5442692
59,New,"['휘성 (Realslow)', '알리 (ALi)']",아무일 없었다는 듯,아무일 없었다는 듯,"7,141",5497052
60,-34,['AKMU (악동뮤지션)'],시간과 낙엽,시간과 낙엽,"87,216",5408681
61,New,['이설아'],엄마로 산다는 것은,K팝 스타 시즌4 `엄마로 산다는 것은`,"17,568",5484485
62,-8,"['San E', '레이나 (Raina)']",한여름밤의 꿀,"San E, 레이나 Project Single `한여름밤의 꿀`","143,255",4681146
63,-27,"['곽진언', '김필', '임도혁']",당신만이,슈퍼스타K6 곽진언 김필 임도혁,"55,572",5388806
64,New,['지아'],나쁜 소문,나쁜 소문,"6,827",5482819
65,-20,['어쿠스틱 콜라보'],너무 보고싶어,연애의 발견 OST Part 6,"98,483",5386171
66,-7,['블락비 (Block B)'],HER,HER,"112,179",4764928
67,New,['마마무(Mamamoo)'],Piano Man,Piano Man,"54,786",5472103
68,New,"['성시경', '박효신', '서인국', 'VIXX (빅스)', '여동생']",겨울 고백,Jelly Christmas 2013,"70,773",4354180
69,-1,['Maroon 5'],Maps,Maps,"126,214",4688375
70,-51,['MC몽'],Whatever (Feat. 민아 Of 걸스데이),MISS ME OR DISS ME,"24,398",5442697
71,-37,['지코 (ZICO)'],Tough Cookie (Feat. Don Mills),Tough Cookie,"56,300",5449581
72,New,['비투비'],울어도 돼,The Winter`s Tale,"53,324",5488945
73,-6,['이승환'],어떻게 사랑이 그래요,Hwantastic,"59,732",1490825
74,-52,['에픽하이 (EPIK HIGH)'],스포일러,신발장,"38,647",5421429
75,+5,"['소유 (SOYOU)', '정기고']",썸 (Feat. 릴보이 Of 긱스),썸,"166,388",4433490
76,-13,['BOBBY'],가드올리고 Bounce,쇼미더머니3 Part.5,"42,647",5376645
77,+8,['토이'],그녀가 말했다 (With 권진아),Da Capo,"46,600",5465096
78,-29,['아이언'],독기,쇼미더머니3 씨잼 vs 아이언,"57,260",5372667
79,-7,['이적'],거짓말 거짓말 거짓말,고독의 의미,"98,736",4312955
80,-25,['Adam Levine'],No One Else Like You,Begin Again - Music From And Inspired By The Original Motion Picture,"73,529",4743562
81,+18,['알리 (ALi)'],펑펑,TURNING POINT,"43,550",5457853
82,New,"['버벌진트', 'San E', '팬텀', '애즈원', '피타입', '태완 (Taewan)', '강민희', '칸토', '샴페인 & 캔들', '양다일', 'DJ IT']",Brand New Day,Brand New Music Project Single `Brand New Year Vol.3 - Brand New Day`,"8,186",5487104
83,-17,['토이'],"Goodbye sun, Goodbye moon (With 이수현 of 악동뮤지션)",Da Capo,"18,281",5464998
84,New,"['SG 워너비', '브라운아이드걸스']",Must Have Love,SG워너비 & 브라운아이드걸스 싱글,"50,152",1489805
85,+7,['10CM'],그리워라,3.0,"19,032",5466964
86,New,['성시경'],Winter Wonderland,Winter Wonderland,"8,023",5497218
87,New,['멜로디데이 (MelodyDay)'],겁나 (Feat. 매드클라운),겁나 (Feat. 매드클라운),"8,831",5503377
88,-42,['걸스데이'],보고싶어,보고싶어,"35,320",5413548
89,New,['김나영'],니 말대로,니 말대로,"20,655",5493719
90,-33,"['곽진언', '김필']",걱정말아요 그대,슈퍼스타K6 곽진언 vs 김필,"37,210",5402092
91,-15,['토이'],인생은 아름다워 (With 다이나믹듀오 & Zion. T & Crush),Da Capo,"24,094",5465068
92,New,['박효신'],눈의 꽃,미안하다 사랑한다 OST,"133,497",623902
93,New,['넬 (NELL)'],청춘연가,청춘연가,"22,758",5503347
94,-47,['아이유'],소격동,소격동,"72,050",5401276
95,New,['Apink (에이핑크)'],Secret,Pink LUV,"32,216",5473907
96,-22,['에디킴'],너 사용법,너 사용법,"129,178",4586092
97,New,['신용재'],너일까,light,"6,435",5511223
98,New,['케이윌'],하나뿐인 사람,피노키오 OST Part.5,"19,611",5511318
99,-22,['토이'],Reset (With 이적),Da Capo,"16,544",5464978
100,-22,"['울랄라세션', '아이유']",애타는 마음,애타는 마음,"82,939",4711007
