﻿rank,rank_change,singer,title,album,like,song_code
1,New,['윤미래'],Touch Love,주군의 태양 OST Part.4,"76,926",4221128
2,+8,['EXO'],으르렁 (Growl),The 1st Album `XOXO` Repackage,"180,286",4193337
3,New,['G-DRAGON'],니가 뭔데 (Who You?),쿠데타 (COUP D`ETAT),"88,742",4226211
4,+62,['효린'],미치게 만들어,주군의 태양 OST Part.3,"52,115",4212782
5,New,['선미'],24시간이 모자라,24시간이 모자라,"36,528",4212184
6,-3,['San E'],아는사람 얘기,아는사람 얘기,"101,408",4192787
7,+14,['범키'],갖고놀래 (Feat. 다이나믹 듀오),갖고놀래,"88,986",4205993
8,New,['G-DRAGON'],Black (Feat. 제니 of BLACKPINK),쿠데타 (COUP D`ETAT),"87,113",4226210
9,New,"['소유 (SOYOU)', '매드클라운']",착해 빠졌어 (Stupid In Love),착해 빠졌어 (Stupid In Love),"126,144",4237755
10,-8,['크레용팝'],빠빠빠,빠빠빠,"60,935",4148967
11,-6,['Apink (에이핑크)'],NoNoNo,Secret Garden,"96,567",4163116
12,New,['백지영'],울고만있어,굿닥터 OST Part.3,"13,465",4219031
13,-9,['에일리'],U & I,A`s Doll House,"71,256",4171462
14,New,['G-DRAGON'],삐딱하게 (Crooked),쿠데타 (COUP D`ETAT),"115,258",4232200
15,-14,['f(x)'],첫 사랑니 (Rum Pum Pum Pum),`Pink Tape` f(x) The 2nd Album,"64,100",4184826
16,+6,['허각'],넌 내꺼라는걸 (Feat. 스윙스),넌 내꺼라는걸,"24,327",4204339
17,-6,['이승철'],My Love,MY LOVE,"91,288",4142913
18,New,"['지아', '이해리 (다비치)']",사랑했었다면,사랑했었다면,"22,286",4232054
19,New,['린'],이 노래 좋아요,8th #2 `이 노래 좋아요`,"13,582",4222815
20,New,['카라'],숙녀가 못 돼 (Damaged Lady),4th Album `Full Bloom`,"18,350",4223968
21,+13,['거미'],낮과 밤,주군의 태양 OST Part.1,"26,701",4198784
22,-6,['범키'],미친연애 (Bad Girl) (Feat. E-Sens Of 슈프림팀),미친연애,"86,113",4130922
23,-14,['다이나믹 듀오'],BAAAM (Feat. Muzie Of UV),Luckynumbers,"82,021",4160246
24,-17,['다비치'],오늘따라 보고싶어서 그래,여름날의 추억,"66,748",4163613
25,-13,['유성은'],Be OK (Feat. 배치기),Be OK,"58,798",4172962
26,New,['버스커 버스커'],처음엔 사랑이란게,버스커 버스커 2집,"121,144",4252728
27,-19,['비스트'],Shadow (그림자),"Hard to love, How to love","69,199",4180409
28,+26,['2BIC(투빅)'],사랑하고 있습니다,굿닥터 OST Part.2,"26,859",4204459
29,New,['G-DRAGON'],쿠데타 (COUP D`ETAT) (Feat. Diplo & Baauer),쿠데타 (COUP D`ETAT),"26,975",4226207
30,New,['틴탑'],장난아냐 (Rocking),틴탑 클래스,"22,132",4216803
31,New,['나비'],집에 안갈래 (Feat. 긱스),집에 안갈래,"16,192",4226369
32,-18,['2NE1'],DO YOU LOVE ME,DO YOU LOVE ME,"22,627",4195859
33,New,['서인국'],겁도 없이,주군의 태양 OST Part.7,"30,678",4247632
34,-21,['씨스타'],Give It To Me,Give It To Me,"59,051",4138606
35,-29,['브라운아이드걸스'],Kill Bill,Black Box,"24,979",4188687
36,New,['박진영'],"사랑이 제일 낫더라 (With 남궁송옥, 개코 Of Dynamic Duo)",Halftime,"21,215",4226213
37,+59,['포맨'],사랑해 사랑해 사랑해,황금의 제국 OST Part.3,"7,861",4210875
38,New,['스피카'],Tonight,Tonight,"33,273",4221101
39,New,['버스커 버스커'],잘할 걸,버스커 버스커 2집,"67,635",4252726
40,New,['G-DRAGON'],R.O.D. (Feat. Lydia Paek),쿠데타 (COUP D`ETAT),"45,308",4226209
41,-17,['임정희'],Luv is (Feat. 배치기),Luv is,"14,036",4195236
42,-13,['프라이머리'],자니 (Feat. Dynamic Duo),자니,"155,966",3726617
43,-25,"['허각', '정은지']",짧은머리,`A Cube` For Season # Blue,"71,545",4129672
44,New,['Lim Kim'],Rain,Her Voice,"30,682",4219017
45,+41,['승리'],할말 있어요 (Gotta Talk To U),LET`S TALK ABOUT LOVE,"19,323",4209693
46,New,['버스커 버스커'],사랑은 타이밍,버스커 버스커 2집,"57,296",4252727
47,New,"['드렁큰 타이거', '윤미래', '비지 (Bizzy)']",살자 (The Cure),살자 (The Cure),"21,313",4243697
48,New,['노을'],만약에 말야 (전우성 Solo),TIME FOR LOVE,"84,445",3953196
49,+8,['스윙스'],"A Real Lady (Feat. Beenzino, Gray & Zion.T)",A Real Lady,"54,606",4203057
50,+21,['이적'],그땐 미처 알지 못했지,Do You Remember,"40,846",3060824
51,New,['한경일'],내 삶의 반,Travel ∞ Directions (Bonus Track),"30,244",447642
52,New,['레이디스 코드'],예뻐 예뻐,CODE#02 PRETTY PRETTY,"47,304",4230002
53,New,['버스커 버스커'],시원한 여자,버스커 버스커 2집,"26,334",4252729
54,New,['버스커 버스커'],그대 입술이 (With 채지연 - 풋풋),버스커 버스커 2집,"27,844",4252730
55,New,['희진 (GOOD DAY)'],기억속의 먼 그대에게,슈퍼스타K5 - 송희진,"19,539",4209541
56,-41,['2NE1'],Falling In Love,Falling In Love,"36,547",4165390
57,-37,['걸스데이'],여자 대통령,여자 대통령,"38,611",4152253
58,New,['디셈버'],니 입술 그 맛 (Feat. EB),조영수 All Star - 디셈버,"7,295",4221233
59,-42,['강승윤'],비가 온다,비가 온다,"43,687",4175139
60,-18,"['DJ Gollum', 'Empyre One']",The Bad Touch (Gordon & Doyle Edit),The Bad Touch,"46,074",4070694
61,New,['버스커 버스커'],줄리엣,버스커 버스커 2집,"22,272",4252731
62,New,['버스커 버스커'],밤,버스커 버스커 2집,"34,253",4252733
63,-40,['Lim Kim'],All Right,A Voice,"42,410",4144408
64,-39,['씨스타'],넌 너무 야해 (Feat. 긱스) (The Way You Make Me Melt),Give It To Me,"34,416",4138607
65,-32,['버벌진트'],비범벅 (Feat. 범키),비범벅,"32,920",4150987
66,-29,['다이나믹 듀오'],날개뼈 (Hot Wings) (Feat. 효린 Of Sistar),Luckynumbers,"51,618",4160250
67,New,['버스커 버스커'],아름다운 나이,버스커 버스커 2집,"24,618",4252732
68,-25,['빈지노 (Beenzino)'],Boogie On & On,2 4 : 2 6,"95,965",3843565
69,-17,['프라이머리'],"? (물음표) (Feat. 최자 Of 다이나믹듀오, Zion.T)",Primary And The Messengers LP,"116,990",3947371
70,New,['2BIC(투빅)'],"단, 하루 (Feat. 배치기)",CS Numbers Special,"4,459",4228226
71,New,['박진영'],놀만큼 놀아봤어 (Had Enough Parties),Halftime,"8,750",4226214
72,New,['버스커 버스커'],가을밤,버스커 버스커 2집,"26,874",4252725
73,+22,['홍대광'],너와 나,주군의 태양 OST Part.2,"13,341",4206159
74,-35,['포맨'],청혼하는 거예요,The 5th Album Vol.2 `Thank You`,"59,862",4108714
75,New,['G-DRAGON'],늴리리야 (Niliria) (Feat. Missy Elliott) (Missy Elliott Ver.),쿠데타 (COUP D`ETAT),"15,409",4226208
76,-11,['프라이머리'],"씨스루 (Feat. Zion.T, 개코 Of 다이나믹듀오)",Primary And The Messengers LP,"89,975",3948908
77,-51,['아웃사이더'],슬피 우는 새 (Feat. 이수영),슬피 우는 새,"38,976",4153450
78,-59,['인피니트'],Destiny,Destiny,"54,897",4175021
79,New,['카라'],둘 중에 하나 (Runaway),둘 중에 하나 (Runaway),"11,105",4212792
80,-48,['포맨'],너 하나야,구가의 서 OST Part.7,"44,692",4132144
81,-13,"['긱스 (Geeks)', '소유 (SOYOU)']","Officially Missing You, Too",re;code Episode I,"112,057",3946867
82,-22,['신용재'],가수가 된 이유,24,"89,676",3864961
83,New,['멜로디데이 (MelodyDay)'],All About,주군의 태양 OST Part.6,"11,208",4239678
84,New,['Lim Kim'],Voice (Feat. Swings),Her Voice,"9,500",4235794
85,New,['제국의아이들 (ZE:A)'],바람의 유령,Illusion,"15,541",4192782
86,New,['G-DRAGON'],미치GO (GO),쿠데타 (COUP D`ETAT),"21,811",4232210
87,-52,['다이나믹 듀오'],쌔끈해 (Three Dopeboyz) (Feat. Zion.T),Luckynumbers,"32,000",4160243
88,-57,['걸스데이'],말해줘요,Girl`s Day Party #6,"22,873",4190076
89,-51,['4minute'],이름이 뭐예요?,Name Is 4minute,"50,446",4099280
90,-44,['손승연'],미친게 아니라구요 (Feat. MC 스나이퍼),미친게 아니라구요,"26,165",4168680
91,New,['임창정'],나란놈이란,나란놈이란,"87,104",4249547
92,New,['하동균'],좋아보여,굿닥터 OST Part.4,"6,982",4226135
93,-48,['씨스타'],바빠 (Bad Boy),Give It To Me,"25,569",4138608
94,New,['김종국'],모르나요,굿닥터 OST Part.5,"8,616",4245753
95,-67,['긱스 (Geeks)'],Fly,Fly,"30,583",4168688
96,-69,['정엽'],왜 이제야 왔니,너의 목소리가 들려 OST Part.2,"40,847",4143937
97,New,['G-DRAGON'],너무 좋아 (I Love It) (Feat. Zion.T & Boys Noize),쿠데타 (COUP D`ETAT),"28,013",4232215
98,New,['신용재'],입만 살아가지고,포맨 솔로 프로젝트 #1 신용재,"8,115",4248869
99,New,['승리'],GG Be (지지베) (Feat. 제니 of BLACKPINK),LET`S TALK ABOUT LOVE,"14,693",4209694
100,New,"['윤종신', '성시경']",내일 할 일,2013 월간 윤종신 Repair 2월호,"66,160",4027954
