﻿rank,rank_change,singer,title,album,like,song_code
1,+16,['씨스타'],SHAKE IT,SHAKE IT,"78,163",5748499
2,New,['혁오 (HYUKOH)'],와리가리,22,"124,992",5713422
3,New,['BIGBANG'],IF YOU,D,"162,700",5760115
4,+25,['AOA'],심쿵해 (Heart Attack),Heart Attack,"87,469",5748406
5,New,['혁오 (HYUKOH)'],위잉위잉,20,"174,601",5385974
6,New,['BIGBANG'],맨정신,D,"108,226",5760116
7,-6,['BIGBANG'],뱅뱅뱅 (BANG BANG BANG),A,"192,528",5719286
8,-6,['백아연'],이럴거면 그러지말지 (Feat. Young K),이럴거면 그러지말지,"188,155",5704397
9,New,['소녀시대 (GIRLS` GENERATION)'],PARTY,PARTY,"82,030",5768980
10,+24,['마마무(Mamamoo)'],음오아예 (Um Oh Ah Yeh),Pink Funky,"107,676",5743804
11,New,['Crush'],Oasis (Feat. ZICO),Oasis,"142,382",5771304
12,New,['걸스데이'],링마벨 (Ring My Bell),Girl`s Day Love Second Album,"51,709",5767424
13,-6,['Zion.T'],꺼내 먹어요,Eat,"151,527",5702706
14,New,['Zion.T'],양화대교,양화대교,"172,990",5389475
15,-7,['BIGBANG'],BAE BAE,M,"135,590",5684826
16,New,['혁오 (HYUKOH)'],Hooka,22,"41,906",5713425
17,-12,['아이유'],마음,마음,"162,257",5700639
18,New,['Apink (에이핑크)'],Remember,Pink MEMORY,"81,111",5781104
19,-15,['BIGBANG'],LOSER,M,"164,381",5682700
20,-17,['BIGBANG'],WE LIKE 2 PARTY,A,"112,046",5719287
21,-9,['엠씨더맥스'],그 남잔 말야,냄새를 보는 소녀 OST Part.5,"74,492",5668985
22,New,['리쌍'],주마등 (Feat. 우혜미),주마등,"37,058",5779688
23,-14,"['로꼬', '유주 (여자친구)']",우연히 봄,냄새를 보는 소녀 OST Part.2,"126,658",5650996
24,-18,['EXO'],LOVE ME RIGHT,LOVE ME RIGHT - The 2nd Album Repackage,"180,818",5721440
25,New,['김연우'],사랑할수록 (화생방실 클레오파트라),복면가왕 14회,"29,707",5765885
26,-8,['Maroon 5'],Sugar,V (Deluxe Edition),"178,611",4857981
27,-17,['San E'],Me You (Feat. 백예린 Of 15&),양치기 소년,"85,429",5674119
28,+12,['범키'],느껴 (My Everything),느껴 (My Everything),"28,828",5742255
29,New,['비투비'],괜찮아요,Complete,"114,379",5756880
30,-7,['김범수'],사랑의 시작은 고백에서부터,프로듀사 OST,"62,068",5709750
31,+20,"['Zion.T', 'Crush']",그냥 (Just),Young,"141,962",5572312
32,New,['김연우'],사랑.. 그 놈 (화생방실 클레오파트라),복면가왕 12회,"16,873",5748398
33,-17,['EXID'],아예 (Ah Yeah),AH YEAH,"55,649",5660040
34,+7,"['지코 (ZICO)', '소진 (Sojin)']",아프다,가면 OST Part.2,"69,435",5731941
35,-7,['Mark Ronson'],Uptown Funk (Feat. Bruno Mars),Uptown Funk (Feat. Bruno Mars),"143,113",5459268
36,-21,['이승기'],그리고 안녕,그리고...,"47,367",5731852
37,-18,['박진영'],어머님이 누구니 (Feat. 제시),24/34,"54,566",5658708
38,-27,['SHINee (샤이니)'],View,Odd - The 4th Album,"99,750",5700879
39,-4,['박재범'],몸매 (MOMMAE) (Feat. Ugly Duck),몸매 (MOMMAE),"71,364",5708013
40,-14,['나얼'],같은 시간 속의 너,브라운 아이드 소울 싱글 프로젝트 1st. 같은 시간 속의 너 By 나얼,"150,364",5576417
41,-27,"['허각', '정인']",동네술집,동네술집,"36,136",5704765
42,New,['비스트'],일하러 가야 돼,Ordinary,"60,996",5785424
43,-21,['EXO'],CALL ME BABY,The 2nd Album `EXODUS`,"154,253",5644620
44,New,['인피니트'],Bad,Reality,"56,881",5767582
45,-20,['다비치'],두사랑 (Feat. 매드클라운),두사랑,"89,018",5628083
46,-19,"['지민 (AOA)', '아이언']",Puss (Prod.by 라이머),언프리티 랩스타 SEMI FINAL,"71,629",5634219
47,New,['김연우'],가질 수 없는 너 (화생방실 클레오파트라) (Bonus Track),복면가왕 14회,"27,241",5765888
48,-27,['박보람'],연예할래,CELEPRETTY,"34,570",5674470
49,-25,['미쓰에이'],다른 남자 말고 너,Colors,"78,674",5644636
50,New,['김연우'],만약에 말야 (화생방실 클레오파트라) (Bonus Track),복면가왕 14회,"19,093",5765887
51,-13,['Sam Smith'],I`m Not The Only One,In The Lonely Hour,"218,001",4660794
52,-22,['허각'],사월의 눈,사월의 눈,"91,370",5629186
53,-6,"['San E', '레이나 (Raina)']",한여름밤의 꿀,"San E, 레이나 Project Single `한여름밤의 꿀`","143,255",4681146
54,New,['혁오 (HYUKOH)'],Ohio,20,"45,064",5385973
55,New,"['버벌진트', '산체스 (Sanchez)']",싫대 (Feat. 범키),싫대,"14,890",5752316
56,+16,['아이유'],너의 의미 (Feat. 김창완),꽃갈피,"185,224",4646573
57,+4,['2PM'],우리집,NO.5,"33,153",5738546
58,-45,['포맨'],넌 나의 집,넌 나의 집 (Made in THE VIBE),"20,079",5717521
59,New,['에일리'],Johnny (쟈니),Johnny,"6,590",5758243
60,New,['규현 (KYUHYUN)'],우리가 사랑한 시간,너를 사랑한 시간 OST Part.1,"35,096",5756651
61,+2,['아이유'],금요일에 만나요 (Feat. 장이정 Of HISTORY),Modern Times - Epilogue,"215,257",4369827
62,-23,['블락비 바스타즈'],품행제로,품행제로,"54,730",5661710
63,New,['김연우'],이 밤이 지나면 (화생방실 클레오파트라) (Bonus Track),복면가왕 14회,"17,170",5765886
64,-9,['Adam Levine'],Lost Stars,Begin Again - Music From And Inspired By The Original Motion Picture,"245,845",4743560
65,-15,['EXID'],위아래,위아래,"89,327",4840271
66,+21,"['슬리피', '송지은']",쿨밤,쿨밤,"22,881",5740235
67,-8,['박효신'],야생화,야생화,"299,799",4543502
68,New,['Dok2'],내가 (Feat. Beenzino & The Quiett),MULTILLIONAIRE,"39,412",5750485
69,New,['나인뮤지스'],다쳐 (Hurt Locker),9MUSES S/S EDITION,"16,138",5761969
70,-2,['엠씨더맥스'],바라보기,미녀의 탄생 OST Part 4,"65,765",5482064
71,-28,['방탄소년단'],I NEED U,화양연화 pt.1,"196,918",5681153
72,-40,['타이거JK'],Reset (Feat. 진실 Of Mad Soul Child),후아유 - 학교 2015 OST Part 1,"33,727",5678250
73,New,['혁오 (HYUKOH)'],공드리,22,"46,482",5713426
74,-17,['나얼'],바람기억,Principle Of My Soul,"212,322",3910821
75,New,"['The One (더원)', '김연지']",꺼내지 못한 말,꺼내지 못한 말,"8,059",5763962
76,New,['박재범'],My Last (Feat. 로꼬 & GRAY),My Last,"53,013",5779813
77,-7,['노을'],만약에 말야 (전우성 Solo),TIME FOR LOVE,"84,445",3953196
78,-41,['지누션'],한번 더 말해줘 (Feat. 장한나),한번 더 말해줘,"31,945",5657227
79,New,"['식케이 (Sik-K)', '릴보이 (Lil Boi)', '지구인']","RESPECT (Feat. 로꼬, GRAY & DJ Pumkin)",쇼미더머니 4 Episode 1,"38,157",5794982
80,-36,['Red Velvet (레드벨벳)'],Ice Cream Cake,The 1st Mini Album `Ice Cream Cake`,"104,832",5629148
81,New,['씨스타'],애처럼 굴지마 (Feat. 기리보이),SHAKE IT,"9,799",5748500
82,-0,['키썸 (Kisum)'],#화이트 스타일 (Feat. 김호연 Of 달 좋은밤),Show Off,"15,439",5742256
83,-63,['EXO'],TENDER LOVE,LOVE ME RIGHT - The 2nd Album Repackage,"98,057",5721441
84,New,['정승환'],너를 사랑한 시간,너를 사랑한 시간 OST Part.3,"39,589",5775671
85,New,['로꼬'],RESPECT (Feat. GRAY & DJ Pumkin),RESPECT,"45,361",5777833
86,-53,['윤미래'],너의 얘길 들어줄게,후아유 - 학교 2015 OST Part 3,"34,060",5690942
87,-56,['프라이머리'],"마네퀸 (Feat. Beenzino, 수란)",2-2,"26,358",5725591
88,-22,['벤'],두근두근,프로듀사 OST,"25,859",5709755
89,New,['프라이머리'],"아끼지마 (Don`t Be Shy) (Feat. 초아 (AOA), 아이언)",2-3,"63,119",5793206
90,-44,"['치타 (CHEETAH)', '에일리']",아무도 모르게 (Prod. by MC몽),언프리티 랩스타 Track 6,"44,969",5642918
91,New,['혁오 (HYUKOH)'],큰새,22,"29,044",5713423
92,New,['SUPER JUNIOR (슈퍼주니어)'],Devil,DEVIL - SUPER JUNIOR SPECIAL ALBUM,"47,824",5781346
93,-31,['Ariana Grande'],Problem (Feat. Iggy Azalea),Problem,"102,982",4630555
94,-42,['백지영'],새벽 가로수길 (With 송유빈),새벽 가로수길,"55,404",5637019
95,-47,['어반자카파'],Get (Feat. Beenzino),Get,"43,788",5708377
96,New,['틴탑'],아침부터 아침까지 (ah-ah),NATURAL BORN TEEN TOP,"16,673",5748401
97,-43,['MC몽'],사랑 범벅 (Feat. 챈슬러 of the channels),SONG FOR YOU,"55,278",5610343
98,-29,['Maroon 5'],Maps,Maps,"126,214",4688375
99,-63,['보아 (BoA)'],Who Are You (Feat. 개코),Kiss My Lips - The 8th Album,"42,842",5684914
100,New,['J.Lee'],나를 슬프게 하는 사람들 (노래왕 퉁키),복면가왕 16회,"21,729",5785421
