﻿rank,rank_change,singer,title,album,like,song_code
1,+10,['임창정'],하루도 그대를 사랑하지 않은 적이 없었다,하루도 그대를 사랑하지 않은 적이 없었다,"149,555",31316695
2,New,['아이유'],삐삐,삐삐,"241,408",31346009
3,New,['바이브'],가을 타나 봐,가을 타나 봐,"132,573",31314144
4,New,"['pH-1', 'Kid Milli', '루피(Loopy)']",Good Day (Feat. 팔로알토) (Prod. 코드 쿤스트),쇼미더머니 777 Episode 1,"154,791",31340985
5,New,['로꼬'],시간이 들겠지 (Feat. Colde),시간이 들겠지,"116,371",31344113
6,+4,['로이킴'],우리 그만하자,우리 그만하자,"122,365",31314142
7,New,['iKON'],이별길 (GOODBYE ROAD),NEW KIDS : THE FINAL,"88,874",31331745
8,-5,['폴킴'],"모든 날, 모든 순간 (Every day, Every Moment)",`키스 먼저 할까요?` OST Part.3,"318,708",30962526
9,-5,['펀치 (Punch)'],헤어지는 중,헤어지는 중,"113,101",31302310
10,-9,['선미'],사이렌 (Siren),WARNING,"119,544",31286161
11,-9,['숀 (SHAUN)'],Way Back Home,Take,"285,361",31151836
12,New,['Zion.T'],멋지게 인사하는 법 (Feat. 슬기 of Red Velvet),ZZZ,"89,750",31356451
13,New,['양다일'],고백,고백,"128,453",31356458
14,-8,['벤'],열애중,RECIPE,"171,760",31062863
15,New,"['쿠기 (Coogie)', '수퍼비', 'D.Ark']",사임사임 (Feat. CHANGMO),쇼미더머니 777 Episode 1,"66,010",31340982
16,+12,"['기리보이', 'Kid Milli', 'NO:EL', '스윙스']",flex (Prod. By 기리보이),Dingo X Indigo Music,"145,556",31219546
17,-12,['방탄소년단'],IDOL,LOVE YOURSELF 結 `Answer`,"285,935",31266290
18,+67,"['저스디스 (JUSTHIS)', 'Kid Milli', 'NO:EL', '양홍원']",IndiGO,IM,"111,291",31144690
19,-12,['BLACKPINK'],뚜두뚜두 (DDU-DU DDU-DU),SQUARE UP,"211,587",31131273
20,-11,['TWICE (트와이스)'],Dance The Night Away,Summer Nights,"157,718",31175119
21,-4,['닐로(Nilo)'],지나오다,About You,"218,050",30699142
22,-14,['Red Velvet (레드벨벳)'],Power Up,Summer Magic - Summer Mini Album,"150,531",31230093
23,+4,['양다일'],미안해,inside,"166,030",30809895
24,-6,['방탄소년단'],FAKE LOVE,LOVE YOURSELF 轉 `Tear`,"296,567",31085237
25,New,['박원'],나,r,"41,090",31331750
26,-12,['방탄소년단'],I`m Fine,LOVE YOURSELF 結 `Answer`,"192,327",31266289
27,-12,['볼빨간사춘기'],여행,Red Diary Page.2,"228,707",31093710
28,-16,['마마무(Mamamoo)'],너나 해 (Egotistic),RED MOON,"115,234",31189241
29,+65,['임한별'],이별하러 가는 길,이별하러 가는 길,"118,135",31304766
30,+1,['폴킴'],비,비,"241,281",8235260
31,-1,['로이킴'],그때 헤어지면 돼,그때 헤어지면 돼,"191,619",30884950
32,-7,['승리'],"셋 셀테니 (1, 2, 3!)",THE GREAT SEUNGRI,"85,067",31199873
33,-10,['멜로망스'],동화,The Fairy Tale,"101,621",31164090
34,+3,['먼데이 키즈 (Monday Kiz)'],가을 안부,가을 안부,"144,538",30669593
35,-22,['지코 (ZICO)'],SoulMate (Feat. 아이유),SoulMate,"132,357",31215747
36,-16,['Apink (에이핑크)'],1도 없어,ONE & SIX,"101,161",31161280
37,-4,['iKON'],사랑을 했다 (LOVE SCENARIO),Return,"289,898",30859584
38,-16,['BLACKPINK'],Forever Young,SQUARE UP,"140,416",31131274
39,-20,['(여자)아이들'],한(一),한(一),"94,939",31246870
40,-16,['방탄소년단'],Euphoria,LOVE YOURSELF 結 `Answer`,"189,391",31266282
41,+6,['아이유'],밤편지,밤편지,"352,400",30314784
42,-7,['장덕철'],그날처럼,그날처럼,"228,023",30755375
43,-27,['10CM'],매트리스,4.1,"81,796",31263577
44,-4,['방탄소년단'],봄날,YOU NEVER WALK ALONE,"459,265",30244931
45,-16,"['로꼬', '화사(Hwa Sa)']",주지마,건반 위의 하이에나 Part.4,"176,149",31035061
46,-0,['멜로망스'],선물,Moonlight,"288,466",30514366
47,-15,['비투비'],너 없인 안 된다,THIS IS US,"168,985",31133898
48,-14,['방탄소년단'],전하지 못한 진심 (Feat. Steve Aoki),LOVE YOURSELF 轉 `Tear`,"227,713",31085238
49,-10,['멜로망스'],You,투유 프로젝트 - 슈가맨2 Part.2,"158,262",30849733
50,-7,['닐로(Nilo)'],넋두리,넋두리,"104,743",9642570
51,-7,['방탄소년단'],DNA,LOVE YOURSELF 承 `Her`,"359,651",30637982
52,-31,"['백현 (BAEKHYUN)', '로꼬']",YOUNG,YOUNG,"105,188",31280273
53,+13,['멜로망스'],좋은 날,미스터 션샤인 OST Part.5,"55,768",31227367
54,-12,['Fitz & The Tantrums'],HandClap,Fitz and The Tantrums (Deluxe),"179,842",8111603
55,-17,['iKON'],죽겠다 (KILLING ME),NEW KIDS : CONTINUE,"79,132",31224316
56,-15,['방탄소년단'],Answer : Love Myself,LOVE YOURSELF 結 `Answer`,"179,276",31266291
57,-12,['이수 (엠씨 더 맥스)'],My Way,돈꽃 OST Part.1,"138,560",30721801
58,New,['모트 (Motte)'],도망가지마,A-TEEN Part.4,"90,893",31309947
59,New,['루피(Loopy)'],Save (Feat. 팔로알토)(Prod. 코드 쿤스트),쇼미더머니 777 Episode 3,"67,897",31369994
60,-12,['Camila Cabello'],Havana (Feat. Young Thug),Camila,"183,713",30567963
61,-9,['Ed Sheeran'],Shape of You,÷ (Deluxe),"275,774",30188113
62,-0,['비투비'],그리워하다,Brother Act.,"237,633",30672529
63,-27,['청하'],Love U,Blooming Blue,"78,785",31194610
64,New,['pH-1'],Hate You (Feat. 우원재) (Prod. 코드 쿤스트),쇼미더머니 777 Episode 2,"47,276",31353993
65,New,['10CM'],Perfect,연애플레이리스트3 Part.1,"55,521",31324696
66,+30,['정승환'],잘 지내요,라이프 OST Part.6,"66,841",31299371
67,-18,['여자친구 (GFRIEND)'],밤 (Time for the moon night),여자친구 The 6th Mini Album 'Time for the moon night',"142,488",31052421
68,-12,['Sia'],Chandelier,Chandelier (Single),"151,020",4534974
69,-43,['소녀시대-Oh!GG'],몰랐니 (Lil` Touch),몰랐니 - The 1st Single Album,"49,751",31288765
70,-19,['방탄소년단'],Epiphany,LOVE YOURSELF 結 `Answer`,"149,667",31266288
71,-18,['마마무(Mamamoo)'],별이 빛나는 밤,Yellow Flower,"161,862",30937275
72,-12,['방탄소년단'],Anpanman,LOVE YOURSELF 轉 `Tear`,"169,020",31085244
73,-19,['모모랜드 (MOMOLAND)'],뿜뿜,GREAT!,"143,998",30816860
74,-19,['방탄소년단'],Trivia 轉 : Seesaw,LOVE YOURSELF 結 `Answer`,"138,911",31266286
75,-18,['TWICE (트와이스)'],What is Love?,What is Love?,"138,442",31006730
76,-17,['청하'],Roller Coaster,Offset,"163,543",30844118
77,-19,['용준형'],소나기 (Feat. 10cm),소나기 (Feat. 10cm),"141,636",30970444
78,-3,['EXO'],Universe,"Universe - 겨울 스페셜 앨범, 2017","189,195",30806536
79,New,['다비치'],꿈처럼 내린,뷰티 인사이드 OST Part.3,"47,395",31356799
80,-13,['Imagine Dragons'],Thunder,Evolve,"135,126",30393293
81,New,"['나플라 (nafla)', 'OLNL (오르내림)', '오디(ODEE)']","공상과학기술 (Feat. 기리보이, 스윙스) (Prod. 기리보이)",쇼미더머니 777 Episode 1,"21,566",31340983
82,-6,['Wanna One (워너원)'],에너제틱 (Energetic),1X1=1(TO BE ONE),"297,841",30568338
83,-19,['방탄소년단'],Trivia 起 : Just Dance,LOVE YOURSELF 結 `Answer`,"117,342",31266292
84,New,['김민석'],너에게,연애플레이리스트3 Part.2,"33,892",31349614
85,-24,['김하온 (HAON)'],붕붕 (Feat. 식케이) (Prod. GroovyRoom),고등래퍼2 Final,"156,487",31019584
86,-15,['Troye Sivan'],YOUTH,Blue Neighbourhood (Deluxe),"213,798",7928705
87,-14,['길구봉구'],이 별,Star,"141,354",30637776
88,-38,['모모랜드 (MOMOLAND)'],BAAM,Fun to The World,"50,593",31149418
89,-15,['방탄소년단'],Airplane pt.2,LOVE YOURSELF 轉 `Tear`,"148,149",31085243
90,New,"['김효은', 'Chaboom', 'EK']","패 (Feat. 넉살, 딥플로우)",쇼미더머니 777 Episode 1,"15,546",31340984
91,-21,['방탄소년단'],Trivia 承 : Love,LOVE YOURSELF 結 `Answer`,"109,629",31266300
92,-0,['오마이걸'],불꽃놀이 (Remember Me),OH MY GIRL 6th Mini Album (REMEMBER ME),"62,504",31297335
93,New,['첸 (CHEN)'],벚꽃연가,백일의 낭군님 OST Part 3,"76,888",31358698
94,-22,['헤이즈 (Heize)'],비도 오고 그래서 (Feat. 신용재),/// (너 먹구름 비),"241,349",30492279
95,-9,['Wanna One (워너원)'],Beautiful,1-1=0 (NOTHING WITHOUT YOU),"238,187",30725482
96,New,['폴킴'],너를 만나,너를 만나,"249,510",31388145
97,New,['하은'],열애중 (답가),열애중 (답가),"32,990",31306201
98,-15,['Wanna One (워너원)'],켜줘 (Light),1÷χ=1 (UNDIVIDED),"136,872",31113240
99,-36,['로이킴'],왜 몰랐을까,아는 와이프 OST Part.3,"36,249",31262847
100,-19,['EXO-CBX (첸백시)'],花요일 (Blooming Day),Blooming Days - The 2nd Mini Album,"120,975",31009483
