﻿rank,rank_change,singer,title,album,like,song_code
1,New,['아이유'],Love poem,Love poem,"230,323",32143487
2,New,['노을'],늦은 밤 너의 집 앞 골목길에서,늦은 밤 너의 집 앞 골목길에서,"124,075",32156286
3,-2,['AKMU (악동뮤지션)'],"어떻게 이별까지 사랑하겠어, 널 사랑하는 거지",항해,"270,849",32061975
4,+45,['MC몽'],"인기 (Feat. 송가인, 챈슬러)",CHANNEL 8,"68,433",32128104
5,+4,['송하예'],새 사랑,새 사랑,"80,940",32091557
6,-4,['장범준'],흔들리는 꽃들 속에서 네 샴푸향이 느껴진거야,멜로가 체질 OST Part 3,"196,641",32003395
7,+82,['태연 (TAEYEON)'],불티 (Spark),Purpose - The 2nd Album,"85,985",32130396
8,-5,['임재현'],조금 취했어 (Prod. 2soo),조금 취했어,"87,312",32059630
9,-2,['전상근'],사랑이란 멜로는 없어,사랑이란 멜로는 없어,"93,989",32034629
10,+1,['장덕철'],있어줘요,있어줘요,"63,285",32085144
11,New,['아이유'],Blueming,Love poem,"198,160",32183386
12,New,['바이브'],이 번호로 전화해줘,이 번호로 전화해줘,"53,963",32171791
13,-8,['폴킴'],안녕,호텔 델루나 OST Part.10,"154,267",31984204
14,-8,['마크툽 (MAKTUB)'],오늘도 빛나는 너에게 (To You My Light) (Feat.이라온),Red Moon : To You My Light,"183,401",31853557
15,+53,['MC몽'],샤넬 (Feat. 박봄),CHANNEL 8,"36,477",32128105
16,-8,['HYNN (박혜원)'],시든 꽃에 물을 주듯,시든 꽃에 물을 주듯,"148,498",31703498
17,-4,['송하예'],니 소식,니 소식,"172,548",31788850
18,-14,['볼빨간사춘기'],워커홀릭,Two Five,"121,012",32038651
19,-4,['황인욱'],포장마차,포장마차,"117,560",31873020
20,New,['마마무(Mamamoo)'],HIP,reality in BLACK,"100,270",32175937
21,-9,['폴킴'],허전해,"정규 2집 '마음, 하나'","62,320",32081871
22,-3,['Anne-Marie'],2002,Speak Your Mind (Deluxe),"304,360",31029291
23,-13,['케이시 (Kassy)'],가을밤 떠난 너,Rewind,"83,014",32031043
24,-10,['거미'],기억해줘요 내 모든 날과 그때를,호텔 델루나 OST Part.7,"125,398",31967064
25,New,['황인욱'],이별주,이별주,"40,611",32142272
26,-6,['헤이즈 (Heize)'],떨어지는 낙엽까지도,만추,"43,885",32091434
27,-6,['임재현'],사랑에 연습이 있었다면 (Prod. 2soo),사랑에 연습이 있었다면,"191,121",31324607
28,-4,"['Shawn Mendes', 'Camila Cabello']",Señorita,Señorita,"132,994",31877297
29,-3,['먼데이 키즈 (Monday Kiz)'],사랑이 식었다고 말해도 돼,사랑이 식었다고 말해도 돼,"90,837",31829536
30,-7,"['장혜진', '윤민수(바이브)']",술이 문제야,술이 문제야,"141,459",31870517
31,-14,['휘인 (Whee In)'],헤어지자 (Prod. 정키),soar,"88,829",32028531
32,-3,['폴킴'],"모든 날, 모든 순간 (Every day, Every Moment)",`키스 먼저 할까요?` OST Part.3,"318,709",30962526
33,-2,['방탄소년단'],작은 것들을 위한 시 (Boy With Luv) feat. Halsey,MAP OF THE SOUL : PERSONA,"344,805",31737197
34,+3,['V.O.S'],다시 만날까 봐,다시 만날까 봐,"55,933",32021744
35,New,['(여자)아이들'],LION,퀸덤 <FINAL 컴백 싱글>,"67,920",32125782
36,-14,['태연 (TAEYEON)'],그대라는 시,호텔 델루나 OST Part.3,"161,120",31938460
37,-9,['Billie Eilish'],bad guy,"WHEN WE ALL FALL ASLEEP, WHERE DO WE GO?","213,591",31701428
38,New,['허각'],이별은 늘 그렇게 (Duet. 정은지),이별은 늘 그렇게,"26,079",32140355
39,-23,['TWICE (트와이스)'],Feel Special,Feel Special,"77,631",32057802
40,New,['Zion.T'],5월의 밤,5월의 밤,"33,318",32153755
41,New,['아이유'],시간의 바깥,Love poem,"85,634",32182535
42,-10,"['창모 (CHANGMO)', 'Hash Swan', 'ASH ISLAND', '김효은']",BAND,BAND,"105,107",31854689
43,New,['MC몽'],내 생애 가장 행복한 시간 Part.2 (Feat. 양다일),CHANNEL 8,"20,546",32128107
44,-5,['폴킴'],너를 만나,너를 만나,"249,511",31388145
45,-20,['첸 (CHEN)'],우리 어떻게 할까요,사랑하는 그대에게 - The 2nd Mini Album,"93,589",32073454
46,-3,['태연 (TAEYEON)'],사계 (Four Seasons),사계 (Four Seasons),"203,840",31688205
47,-17,['벤'],헤어져줘서 고마워,헤어져줘서 고마워,"118,498",31901475
48,-30,['펀치 (Punch)'],가끔 이러다,가끔 이러다,"53,530",32048693
49,-1,['Lauv'],Paris In The Rain,I met you when I was 18. (the playlist),"182,428",31341518
50,-10,['닐로(Nilo)'],벗,벗,"48,895",32006650
51,-24,['지코 (ZICO)'],"천둥벌거숭이 (Feat. Jvcki Wai, 염따)",THINKING Part.1,"52,423",32071685
52,New,['아이유'],unlucky,Love poem,"67,862",32183384
53,-18,['10CM'],나의 어깨에 기대어요,호텔 델루나 OST Part.2,"85,029",31938046
54,-16,['Naomi Scott'],"Speechless (Full) (From ""Aladdin""/Soundtrack Version)",Aladdin (Original Motion Picture Soundtrack),"216,798",31815967
55,+9,['에이치코드 (H:CODE)'],꿈속에 너 (Feat. 전상근),두 번째 이야기,"60,715",8119658
56,-14,['김나영'],솔직하게 말해서 나,솔직하게 말해서 나,"119,326",31854442
57,+1,['이우'],이별행동,이별행동,"32,780",32080223
58,-12,['케이시 (Kassy)'],그때가 좋았어,그때가 좋았어,"191,841",31524320
59,New,['펀치 (Punch)'],영화 속에 나오는 주인공처럼,동백꽃 필 무렵 (KBS2 수목드라마) OST - Part.6,"35,583",32136650
60,-13,['다비치'],너에게 못했던 내 마지막 말은,너에게 못했던 내 마지막 말은,"121,820",31804010
61,-27,['벤'],내 목소리 들리니,호텔 델루나 OST Part.9,"61,594",31983112
62,-12,['장범준'],노래방에서,장범준 3집,"159,149",31684636
63,-30,['펀치 (Punch)'],Done For Me,호텔 델루나 OST Part.12,"88,022",31993173
64,New,['HYNN (박혜원)'],차가워진 이 바람엔 우리가 써있어(Bad Love),차가워진 이 바람엔 우리가 써있어(Bad Love),"43,921",32168238
65,-13,['이우'],내 안부,내 안부,"51,470",31929663
66,-10,['잔나비'],주저하는 연인들을 위해,전설,"241,531",31666417
67,-6,['Imagine Dragons'],Believer,Evolve,"154,393",30227238
68,New,['아이유'],그 사람,Love poem,"55,091",32183385
69,-33,['지코 (ZICO)'],사람,THINKING Part.1,"58,475",32071687
70,New,['멜로망스'],축제,축제,"15,966",32153603
71,-27,['헤이즈 (Heize)'],내 맘을 볼 수 있나요,호텔 델루나 OST Part.5,"80,857",31952592
72,-17,['첸 (CHEN)'],사월이 지나면 우리 헤어져요 (Beautiful goodbye),"사월, 그리고 꽃 - The 1st Mini Album","158,965",31706215
73,-2,['방탄소년단'],봄날,YOU NEVER WALK ALONE,"459,265",30244931
74,New,"['Idina Menzel', 'Aurora']","Into the Unknown (From ""Frozen 2""/Soundtrack Version)",Frozen 2 (Original Motion Picture Soundtrack/Deluxe Edition),"158,636",32180585
75,New,['현아'],FLOWER SHOWER,FLOWER SHOWER,"28,783",32149755
76,-11,['폴킴'],비,비,"241,281",8235260
77,New,['아이유'],자장가,Love poem,"54,198",32183387
78,New,['태연 (TAEYEON)'],Gravity,Purpose - The 2nd Album,"39,771",32130404
79,-20,['TWICE (트와이스)'],FANCY,FANCY YOU,"114,806",31754579
80,-26,['멜로망스'],인사,인사,"71,852",31914848
81,-30,['ITZY (있지)'],ICY,IT`z ICY,"73,434",31955739
82,+6,['기리보이'],호랑이소굴 (Feat. Jvcki Wai),호랑이소굴,"45,078",32091615
83,-2,['방탄소년단'],IDOL,LOVE YOURSELF 結 `Answer`,"285,935",31266290
84,-39,['선미'],날라리 (LALALAY),날라리 (LALALAY),"48,824",32012356
85,-16,['엠씨더맥스'],사계 (하루살이),Circular,"102,152",31532642
86,-29,['청하'],Snapping,Flourishing,"97,840",31879867
87,-15,['디오 (D.O.)'],괜찮아도 괜찮아 (That`s okay),괜찮아도 괜찮아 (That`s okay) - SM STATION,"149,057",31893681
88,-26,['BewhY (비와이)'],가라사대,The Movie Star,"67,958",31949142
89,-36,['Crush'],나빠(NAPPA),나빠(NAPPA),"72,593",32014102
90,New,['지코 (ZICO)'],남겨짐에 대해 (Feat. 다운),THINKING Part.2,"27,402",32141931
91,-17,['첸 (CHEN)'],널 안지 않을 수 있어야지,사랑하는 그대에게 - The 2nd Mini Album,"52,943",32073457
92,-32,"['스윙스', 'Kid Milli', '매드클라운']","담아 (Feat. 염따, pH-1) (Prod. BOYCOLD)",쇼미더머니 8 Episode 1,"50,622",32006890
93,New,['기리보이'],을 (Feat. BIG Naughty (서동현)),치명적인 맛보기 2곡,"35,309",32159599
94,-28,['기리보이'],"아퍼 (Feat. Kid Milli, Lil tachi, 김승민, NO:EL, C JAMM)",100년제전문대학,"83,020",31856628
95,New,['마마무(Mamamoo)'],우린 결국 다시 만날 운명이었지 (Destiny),퀸덤 <FINAL 컴백 싱글>,"28,948",32125783
96,New,['MC몽'],온도 (Feat. 수란),CHANNEL 8,"10,705",32128108
97,-56,['AKMU (악동뮤지션)'],달,항해,"39,367",32061976
98,New,['헤이즈 (Heize)'],운명이 내게 말해요,동백꽃 필 무렵 (KBS2 수목드라마) OST - Part.9,"17,171",32170701
99,-36,"['먼데이 키즈 (Monday Kiz)', '펀치 (Punch)']",Another Day,호텔 델루나 OST Part.1,"63,924",31924110
100,-22,['X1 (엑스원)'],FLASH,비상 : QUANTUM LEAP,"78,350",32012743
