﻿rank,rank_change,singer,title,album,like,song_code
1,+20,"['로꼬', '화사(Hwa Sa)']",주지마,건반 위의 하이에나 Part.4,"176,149",31035061
2,-0,['닐로(Nilo)'],지나오다,About You,"218,050",30699142
3,+3,['멜로망스'],You,투유 프로젝트 - 슈가맨2 Part.2,"158,262",30849733
4,+3,['TWICE (트와이스)'],What is Love?,What is Love?,"138,442",31006730
5,New,['여자친구 (GFRIEND)'],밤 (Time for the moon night),여자친구 The 6th Mini Album 'Time for the moon night',"142,488",31052421
6,+10,['김하온 (HAON)'],붕붕 (Feat. 식케이) (Prod. GroovyRoom),고등래퍼2 Final,"156,487",31019584
7,New,['Crush'],잊을만하면,잊을만하면,"82,141",31056799
8,-3,['iKON'],사랑을 했다 (LOVE SCENARIO),Return,"289,898",30859584
9,-5,['마마무(Mamamoo)'],별이 빛나는 밤,Yellow Flower,"161,862",30937275
10,+1,['이수 (엠씨 더 맥스)'],My Way,돈꽃 OST Part.1,"138,560",30721801
11,-2,['모모랜드 (MOMOLAND)'],뿜뿜,GREAT!,"143,998",30816860
12,-2,['장덕철'],그날처럼,그날처럼,"228,023",30755375
13,+87,['멜로망스'],욕심,욕심,"71,252",31046548
14,-11,['BIGBANG'],꽃 길,꽃 길,"182,735",30948698
15,-14,"['김하온 (HAON)', '빈첸 (VINXEN)']",바코드 (Prod. GroovyRoom),고등래퍼2 팀대항전 Part 3,"140,499",30989550
16,-8,['WINNER'],EVERYDAY,EVERYD4Y,"137,151",30997649
17,-4,['로이킴'],그때 헤어지면 돼,그때 헤어지면 돼,"191,619",30884950
18,New,['방탄소년단'],FAKE LOVE,LOVE YOURSELF 轉 `Tear`,"296,566",31085237
19,+1,['용준형'],소나기 (Feat. 10cm),소나기 (Feat. 10cm),"141,636",30970444
20,-5,['Fitz & The Tantrums'],HandClap,Fitz and The Tantrums (Deluxe),"179,842",8111603
21,-2,['멜로망스'],선물,Moonlight,"288,466",30514366
22,-4,['청하'],Roller Coaster,Offset,"163,543",30844118
23,+29,['폴킴'],"모든 날, 모든 순간 (Every day, Every Moment)",`키스 먼저 할까요?` OST Part.3,"318,708",30962526
24,-2,['Camila Cabello'],Havana (Feat. Young Thug),Camila,"183,713",30567963
25,New,['볼빨간사춘기'],여행,Red Diary Page.2,"228,707",31093710
26,-14,"['Rohann (이로한)', '오담률 (CHIN CHILLA)']",북 (Prod. SLO),고등래퍼2 팀대항전 Part.1,"88,897",30957524
27,+17,['닐로(Nilo)'],넋두리,넋두리,"104,743",9642570
28,+13,['EXO-CBX (첸백시)'],花요일 (Blooming Day),Blooming Days - The 2nd Mini Album,"120,975",31009483
29,-2,['먼데이 키즈 (Monday Kiz)'],가을 안부,가을 안부,"144,538",30669593
30,+18,['방탄소년단'],DNA,LOVE YOURSELF 承 `Her`,"359,651",30637982
31,+3,['빈첸 (VINXEN)'],전혀 (Feat. 우원재) (Prod. GroovyRoom),고등래퍼2 Final,"83,496",31019586
32,-18,['헤이즈 (Heize)'],Jenga (Feat. Gaeko),바람,"102,206",30939452
33,-8,['문문 (MoonMoon)'],비행운,LIFE IS BEAUTY FULL,"201,282",30086173
34,+21,['방탄소년단'],봄날,YOU NEVER WALK ALONE,"459,265",30244931
35,-9,['길구봉구'],이 별,Star,"141,354",30637776
36,-12,['Red Velvet (레드벨벳)'],Bad Boy,The Perfect Red Velvet - The 2nd Album Repackage,"165,093",30864993
37,-20,"['김하온 (HAON)', '박준호 (PULLIK)']",어린 왕자 (Prod. Godic),고등래퍼2 팀대항전 Part.2,"86,193",30974156
38,-15,['Wanna One (워너원)'],BOOMERANG (부메랑),0+1=1 (I PROMISE YOU),"148,017",30960341
39,-0,['Ed Sheeran'],Shape of You,÷ (Deluxe),"275,774",30188113
40,New,['박효신'],별 시 (別 時),별 시 (別 時),"56,580",31052592
41,+6,['헤이즈 (Heize)'],비도 오고 그래서 (Feat. 신용재),/// (너 먹구름 비),"241,349",30492279
42,New,['(여자)아이들'],LATATA,I am,"108,809",31055324
43,-14,['펀치 (Punch)'],밤이 되니까,밤이 되니까,"175,362",30659630
44,-1,['아이유'],밤편지,밤편지,"352,400",30314784
45,-15,['DEAN'],instagram,instagram,"208,342",30806580
46,-10,['TWICE (트와이스)'],Heart Shaker,Merry & Happy,"139,615",30781481
47,+13,['양다일'],미안해,inside,"166,030",30809895
48,-2,['우원재'],시차 (We Are) (Feat. 로꼬 & GRAY),시차 (We Are),"265,655",30613202
49,-11,['윤종신'],좋니,LISTEN 010 좋니,"326,753",30486509
50,-10,['박원'],all of my life,0M,"212,893",30550388
51,-20,['정승환'],눈사람,그리고 봄,"178,077",30877002
52,New,['펜타곤'],빛나리,Positive,"99,615",30992157
53,-16,['포맨'],눈 떠보니 이별이더라,REMEMBER ME,"94,809",30690674
54,+3,['문문 (MoonMoon)'],결혼,이번 생은 처음이라 OST Part.4,"74,507",30689468
55,New,['방탄소년단'],전하지 못한 진심 (Feat. Steve Aoki),LOVE YOURSELF 轉 `Tear`,"227,713",31085238
56,-6,['Rohann (이로한)'],"이로한 (Feat. ELO, Jessi) (Prod. Padi)",고등래퍼2 Final,"57,228",31019585
57,-4,['TWICE (트와이스)'],LIKEY,twicetagram,"137,634",30700708
58,-0,['WINNER'],REALLY REALLY,FATE NUMBER FOR,"220,676",30341745
59,-8,['Wanna One (워너원)'],에너제틱 (Energetic),1X1=1(TO BE ONE),"297,841",30568338
60,-4,['Red Velvet (레드벨벳)'],빨간 맛 (Red Flavor),The Red Summer - Summer Mini Album,"218,918",30512671
61,+4,['Imagine Dragons'],Thunder,Evolve,"135,125",30393293
62,-20,['볼빨간사춘기'],#첫사랑,#첫사랑,"107,361",30829858
63,-31,['Wanna One (워너원)'],약속해요 (I.P.U.),0+1=1 (I PROMISE YOU),"157,270",30930312
64,-19,['Wanna One (워너원)'],Beautiful,1-1=0 (NOTHING WITHOUT YOU),"238,187",30725482
65,-11,['비투비'],그리워하다,Brother Act.,"237,633",30672529
66,New,['윤건'],우리 둘만 아는,우리 둘만 아는,"84,178",30702937
67,+10,['EXO'],Universe,"Universe - 겨울 스페셜 앨범, 2017","189,195",30806536
68,-6,['멜로망스'],짙어져,Yellow OST Part.2,"82,495",30667988
69,-6,['Shawn Mendes'],There`s Nothing Holdin` Me Back,Illuminate (Deluxe),"157,771",30380953
70,-6,['박원'],노력,1/24,"159,526",30099927
71,-2,['에일리'],첫눈처럼 너에게 가겠다,도깨비 OST Part.9,"298,833",30190630
72,-37,['빈첸 (VINXEN)'],탓 (Prod. BOYCOLD),고등래퍼2 Semi Final,"60,927",31004548
73,-2,['BLACKPINK'],마지막처럼,마지막처럼,"183,859",30481578
74,-25,['선미'],주인공,주인공,"94,766",30838076
75,-42,['헤이즈 (Heize)'],내가 더 나빠,바람,"59,121",30939454
76,-3,['박보람'],애쓰지 마요,애쓰지 마요,"63,740",30889749
77,-16,['볼빨간사춘기'],썸 탈꺼야,Red Diary Page.1,"177,700",30657307
78,New,['Sondia'],어른,나의 아저씨 OST Part.2,"100,759",30985406
79,-11,['길구봉구'],바람이 불었으면 좋겠어,바람이 불었으면 좋겠어,"117,129",4383833
80,-52,"['Rohann (이로한)', 'ASH ISLAND']","Like It (Feat. 행주, 보이비)",고등래퍼2 팀대항전 Part.2,"46,827",30974158
81,+16,['EXO-CBX (첸백시)'],Playdate,Blooming Days - The 2nd Mini Album,"63,588",31009487
82,New,['방탄소년단'],134340,LOVE YOURSELF 轉 `Tear`,"133,013",31085239
83,New,['방탄소년단'],낙원,LOVE YOURSELF 轉 `Tear`,"139,758",31085240
84,New,['방탄소년단'],Anpanman,LOVE YOURSELF 轉 `Tear`,"169,020",31085244
85,+4,['Carla Bruni'],Stand By Your Man (JTBC 드라마 밥 잘 사주는 예쁜 누나 삽입곡),French Touch,"45,681",30662444
86,New,['그루비룸 (GroovyRoom)'],"My Paradise (Feat. 청하, VINXEN)",My Paradise,"42,544",31052478
87,New,['방탄소년단'],Love Maze,LOVE YOURSELF 轉 `Tear`,"142,685",31085241
88,New,['EXO-CBX (첸백시)'],Vroom Vroom,Blooming Days - The 2nd Mini Album,"59,922",31009486
89,New,['EXO-CBX (첸백시)'],내일 만나 (Sweet Dreams!),Blooming Days - The 2nd Mini Album,"57,940",31009484
90,New,['방탄소년단'],Magic Shop,LOVE YOURSELF 轉 `Tear`,"154,362",31085242
91,New,['방탄소년단'],Airplane pt.2,LOVE YOURSELF 轉 `Tear`,"148,149",31085243
92,New,['EXO-CBX (첸백시)'],Monday Blues,Blooming Days - The 2nd Mini Album,"62,339",31009482
93,-7,['방탄소년단'],고민보다 Go,LOVE YOURSELF 承 `Her`,"204,933",30637988
94,-27,['나얼'],기억의 빈자리,기억의 빈자리,"114,162",30757693
95,New,['폴킴'],비,비,"241,281",8235260
96,-30,['김하온 (HAON)'],Adios (Prod. BOYCOLD),고등래퍼2 Semi Final,"41,516",31004550
97,New,['EXO-CBX (첸백시)'],휴일 (Lazy),Blooming Days - The 2nd Mini Album,"58,645",31009488
98,New,['EXO-CBX (첸백시)'],Thursday,Blooming Days - The 2nd Mini Album,"56,954",31009485
99,New,['김나영'],우리 서로,우리 서로,"37,321",31070262
100,New,['벤'],열애중,RECIPE,"171,760",31062863
