﻿rank,rank_change,singer,title,album,like,song_code
1,+8,['리쌍'],"TV를 껐네... (Feat. t윤미래, 권정열 Of 10cm)",AsuRa BalBalTa,"51,076",3527235
2,New,['다비치'],안녕이라고 말하지마,Love Delight,"61,904",3536905
3,New,['리쌍'],회상 (Feat. 백지영),AsuRa BalBalTa,"44,635",3534943
4,+1,['씨스타'],So Cool (쏘쿨),So Cool,"28,645",3521672
5,+82,['리쌍'],나란 놈은 답은 너다 (Feat. 하림),AsuRa BalBalTa,"35,899",3534941
6,+85,['지나'],Top Girl,Top Girl,"7,942",3532821
7,-6,['2NE1'],UGLY,2NE1 2nd Mini Album,"38,128",3509751
8,-2,['SUPER JUNIOR (슈퍼주니어)'],Mr. Simple,`Mr. Simple` The 5th Album,"10,538",3516563
9,New,['카라'],STEP,KARA 3rd Album STEP,"23,450",3538478
10,-8,['미쓰에이'],Good-bye Baby,A Class,"17,506",3488849
11,-4,['티아라'],Roly-Poly,존트라볼타 워너비,"29,231",3457172
12,+18,['10CM'],안아줘요,안아줘요,"24,993",3526967
13,-10,['2NE1'],Hate You,2NE1 2nd Mini Album,"9,748",3488750
14,New,['버벌진트'],좋아보여 (Feat. 검정치마),Go Easy,"63,408",3538775
15,-7,['2NE1'],내가 제일 잘 나가,내가 제일 잘 나가 (Digital Single),"23,296",3452769
16,-12,['GG (박명수 & G-Dragon)'],바람났어 (Feat. 박봄),무한도전 서해안 고속도로 가요제,"20,875",3467463
17,+2,['인피니트'],내꺼하자,Over The Top,"45,276",3488667
18,New,['리쌍'],"Serenade (Feat. 개코 Of Dynamic Duo, Windy City)",AsuRa BalBalTa,"3,046",3534942
19,+14,['달샤벳'],블링블링 (Bling Bling),Bling Bling,"2,199",3522389
20,+44,"['디셈버', '제이세라']","가슴으로 운다 (Feat. 아이린, 윤미)",Love Harmony,"21,305",3524625
21,New,['걸스데이'],"너, 한눈 팔지마!",Girl`s Day Party #4,"7,745",3540493
22,-11,['현아'],Bubble Pop!,Bubble Pop!,"22,686",3468048
23,-3,['백지영'],오늘도 사랑해,공주의 남자 OST Part.1,"12,993",3486450
24,New,['다비치'],사랑 사랑아,Love Delight,"12,413",3536906
25,-15,['리쌍'],"Grand Final (Feat. 정인, MC 날유)",Grand Final,"4,137",3509748
26,New,['리쌍'],나 그대에게 모두 드리리 (Feat. 정인),AsuRa BalBalTa,"3,638",3534944
27,-2,['포맨'],살다가 한번쯤,The Artist,"39,865",3427926
28,New,['JYJ'],Get Out,Get Out,"6,446",3546001
29,New,['장혜진'],가질 수 없는 너 (뱅크),[나는 가수다] 경연8-1. `자문위원단이 추천한 명곡30`,"2,151",3537457
30,New,['지아'],그대이길 바래요 (With 케이윌),그대이길 바래요,"8,055",3545342
31,New,['허각'],Hello,LIKE 1st MINI ALBUM `First Story`,"81,491",3549031
32,New,['성시경'],오 나의 여신님,처음,"9,936",3545207
33,New,['성시경'],난 좋아,처음,"20,657",3550136
34,New,['리쌍'],"죽기 전까지 날아야 하는 새 (To. Bizzy) (Feat. 강산에, Bizzy)",AsuRa BalBalTa,"6,264",3534945
35,-23,['2PM'],Hands Up,Hands Up,"11,616",3448185
36,-23,['처진 달팽이 (유재석 & 이적)'],압구정 날라리,무한도전 서해안 고속도로 가요제,"15,345",3467466
37,+18,['Maroon 5'],Moves Like Jagger (Feat. Christina Aguilera) (Studio Recording From The Voice Performance),Moves Like Jagger,"71,309",3457091
38,New,['브라운아이드걸스'],Hotshot,Sixth Sense,"2,067",3551105
39,+14,"['하동균', 'J.Lee']",기다릴게,공주의 남자 OST Part.3,"76,490",3520616
40,-19,['엠블랙'],모나리자 (Mona Lisa),모나리자,"6,986",3480463
41,-15,['XIA (준수)'],You Are So Beautiful,여인의 향기 OST Part.2,"17,693",3520711
42,New,['리쌍'],강남 사짜 (Feat. PoBi),AsuRa BalBalTa,"1,979",3534948
43,+25,['LMFAO'],Party Rock Anthem (Feat. Lauren Bennett & Goon Rock),Party Rock Anthem,"23,090",3135148
44,New,"['박정현', '김범수']",사랑보다 깊은 상처,[나는 가수다] 사랑보다 깊은 상처 (박정현 & 김범수),"8,147",3531870
45,-1,['김범수'],끝사랑,Solista Part.2,"110,176",3436083
46,-32,['f(x)'],Hot Summer,`Hot Summer` f(x) 1st Album Repackage,"28,950",3440448
47,-2,['비'],부산여자,부산여자,"1,941",3526810
48,-32,['애프터스쿨 RED'],밤 하늘에,The 4th Single Album - RED,"3,388",3492688
49,-17,['비스트'],비가 오는 날엔,비가 오는 날엔,"108,445",3397448
50,-35,"['Homme (창민, 이현)']",남자니까 웃는거야,Homme By `Hitman` Bang - 남자니까 웃는거야,"5,372",3485088
51,New,['인순이'],아버지,인순이,"26,948",2163686
52,-28,['시크릿'],별빛달빛,별빛달빛,"20,964",3424822
53,-36,['센치한 하하 (하하 & 10cm)'],찹쌀떡,무한도전 서해안 고속도로 가요제,"11,575",3516048
54,-32,['마이티 마우스'],랄랄라 (Feat. 소야),랄랄라,"20,157",3460102
55,New,['윤민수(바이브)'],그리움만 쌓이네 (여진),[나는 가수다] 경연8-1. `자문위원단이 추천한 명곡30`,"7,182",3537453
56,New,['SG 워너비'],사랑법,사랑법,"3,606",3550280
57,+13,['김재중'],지켜줄게,보스를 지켜라 OST Part.3,"12,929",3525296
58,New,['임재범'],통증,통증 OST,"3,067",3536916
59,New,['지아'],그리고 사랑해,지고는 못 살아 OST Part.1,842,3534086
60,-6,['서인국'],Shake It Up,Shake It Up,"4,880",3522480
61,-43,['박정현'],나 가거든 (If I Leave) (조수미),[나는 가수다] 경연6-2. `청중 평가단 추천곡`,"6,367",3500554
62,-22,['10CM'],사랑은 은하수 다방에서,1.0,"60,415",3136472
63,-36,['환희'],죽을 것만 같아,Hwanhee,"3,833",3509457
64,-30,['틴탑'],향수 뿌리지마,Roman,"10,876",3498780
65,+17,"['Nari & Milani', 'Cristian Marchi']",I Got My Eye On You (Cristian Marchi & Paolo Sandrini Perfect Edit) (Feat. Luciana),I Got My Eye On You,"15,409",2992122
66,-24,['비스트'],Fiction,Fiction And Fact,"56,301",3403761
67,-26,"['아이유', '김연아']",얼음꽃 (Feat. 김세황),얼음꽃,"48,338",3450190
68,-37,['걸스데이'],한번만 안아줘,Everyday,"12,120",3472249
69,New,['리쌍'],독기,AsuRa BalBalTa,"17,712",3534950
70,-31,['에이트'],그 입술을 막아본다,8eight,"14,584",3446888
71,-43,['처진 달팽이 (유재석 & 이적)'],말하는 대로,무한도전 서해안 고속도로 가요제,"57,856",3471644
72,New,['유키스'],NEVERLAND,NEVERLAND,"2,402",3540354
73,New,"['소울스타 (SOULSTAR)', '원티드']",사랑을 끊을 수 없다,Very Best Telecinema7,"2,542",3532735
74,-22,['2NE1'],Lonely,Lonely,"14,971",3397797
75,New,['먼데이 키즈 (Monday Kiz)'],너를 처음 만난 그때,Nostalgia Part.3,"2,344",3546214
76,-15,['브레이브걸스'],툭하면 (Feat. Skull),Back To Da Future,"4,620",3507555
77,New,['리쌍'],"Am I? (Feat. Bizzy, B-Free)",AsuRa BalBalTa,"1,508",3534949
78,New,['JYJ'],In Heaven (Narr. 김정은),IN HEAVEN,"11,802",3550111
79,-56,['장혜진'],술이야 (바이브),[나는 가수다] 경연6-2. `청중 평가단 추천곡`,"2,954",3500548
80,New,['리쌍'],AsuRa BalBalTa,AsuRa BalBalTa,295,3534946
81,New,['KYT (코요태)'],Good Good Time,Good Good Han Koyote (굿굿한 코요태),756,3530303
82,-53,['바닷길 (길 & 바다)'],나만 부를 수 있는 노래,무한도전 서해안 고속도로 가요제,"14,343",3467462
83,New,['하하'],하와유?? 파인 땡큐!! (Feat. Skull),하와유?? 파인 땡큐!!,155,3540481
84,-47,['정용화 (CNBLUE)'],넌 내게 반했어,넌 내게 반했어 OST Part.1,"10,502",3460074
85,New,['리쌍'],격산타우 (Feat. 국카스텐),AsuRa BalBalTa,"4,024",3534947
86,-40,['포맨'],너의 웃음 고마워 (Vision Of Love),너의 웃음 고마워 (Vision Of Love),"2,802",3513410
87,-29,['장기하와 얼굴들'],그렇고 그런 사이,장기하와 얼굴들,"9,211",3434891
88,-39,['써니힐'],기도,기도,"7,297",3518006
89,-51,['철싸 (노홍철 & 싸이)'],흔들어 주세요,무한도전 서해안 고속도로 가요제,"9,800",3467467
90,-55,['파리돼지앵 (정형돈 & 정재형)'],순정마초,무한도전 서해안 고속도로 가요제,"6,885",3467461
91,-32,['데프콘'],래퍼들이 헤어지는 방법 Part.2 (with. 걸스데이 민아),The Rage Theater,"5,975",3520670
92,-56,['애프터스쿨 BLUE'],원더보이 (Wonder Boy),The 4th Single Album - BLUE,"3,298",3492660
93,-50,"['김범수', '박정현']","사람, 사랑","Hwang Project Vol.2 - 사람, 사랑","12,919",3521822
94,New,['성훈 (브라운 아이드 소울)'],Fail In Love (Feat. E-Sens Of Supreme Team),Fail In Love,"1,918",3545135
95,New,['바이브'],술이야,Re - Feel,"40,949",1114180
96,-39,['NS 윤지'],또 보고 싶어 (Feat. 상추),또 보고 싶어,"4,322",3511081
97,New,['먼데이 키즈 (Monday Kiz)'],지고는 못 살아,지고는 못 살아 OST Part.2,428,3538912
98,-0,['김태우'],사랑에 빠지다,무사 백동수 OST Part.6,"1,269",3526761
99,New,['박재범'],Demon,Demon,"3,122",3543670
100,New,['박완규'],하루애,공주의 남자 OST Part.6,"5,285",3545933
