﻿rank,rank_change,singer,title,album,like,song_code
1,+25,['버스커 버스커'],처음엔 사랑이란게,버스커 버스커 2집,"121,144",4252728
2,New,['아이유'],분홍신,Modern Times,"94,164",4268435
3,+6,"['소유 (SOYOU)', '매드클라운']",착해 빠졌어 (Stupid In Love),착해 빠졌어 (Stupid In Love),"126,144",4237755
4,+35,['버스커 버스커'],잘할 걸,버스커 버스커 2집,"67,635",4252726
5,+86,['임창정'],나란놈이란,나란놈이란,"87,104",4249547
6,+40,['버스커 버스커'],사랑은 타이밍,버스커 버스커 2집,"57,296",4252727
7,-6,['윤미래'],Touch Love,주군의 태양 OST Part.4,"76,926",4221128
8,+6,['G-DRAGON'],삐딱하게 (Crooked),쿠데타 (COUP D`ETAT),"115,258",4232200
9,+44,['버스커 버스커'],시원한 여자,버스커 버스커 2집,"26,334",4252729
10,+44,['버스커 버스커'],그대 입술이 (With 채지연 - 풋풋),버스커 버스커 2집,"27,844",4252730
11,-9,['EXO'],으르렁 (Growl),The 1st Album `XOXO` Repackage,"180,286",4193337
12,-9,['G-DRAGON'],니가 뭔데 (Who You?),쿠데타 (COUP D`ETAT),"88,742",4226211
13,New,['아이유'],누구나 비밀은 있다 (Feat. 가인 Of Brown Eyed Girls),Modern Times,"32,073",4268433
14,+48,['버스커 버스커'],밤,버스커 버스커 2집,"34,253",4252733
15,New,['블락비 (Block B)'],Very Good,Very Good,"60,359",4262252
16,+45,['버스커 버스커'],줄리엣,버스커 버스커 2집,"22,272",4252731
17,+50,['버스커 버스커'],아름다운 나이,버스커 버스커 2집,"24,618",4252732
18,-14,['효린'],미치게 만들어,주군의 태양 OST Part.3,"52,115",4212782
19,+14,['서인국'],겁도 없이,주군의 태양 OST Part.7,"30,678",4247632
20,-12,['G-DRAGON'],Black (Feat. 제니 of BLACKPINK),쿠데타 (COUP D`ETAT),"87,113",4226210
21,+31,['레이디스 코드'],예뻐 예뻐,CODE#02 PRETTY PRETTY,"47,304",4230002
22,-16,['San E'],아는사람 얘기,아는사람 얘기,"101,408",4192787
23,New,['케이윌'],촌스럽게 왜 이래 (You Don`t Know Love),Will In Fall,"47,777",4282578
24,New,['서인영'],나를 사랑해줘 (Feat. 개코 Of 다이나믹 듀오),나를 사랑해줘,"16,894",4264912
25,-18,['범키'],갖고놀래 (Feat. 다이나믹 듀오),갖고놀래,"88,986",4205993
26,New,['아이유'],을의 연애 (With 박주원),Modern Times,"27,541",4268432
27,-16,['Apink (에이핑크)'],NoNoNo,Secret Garden,"96,567",4163116
28,New,['티아라'],넘버나인 (No.9),Again,"27,737",4271833
29,+19,['노을'],만약에 말야 (전우성 Solo),TIME FOR LOVE,"84,445",3953196
30,New,['아이유'],입술 사이 (50cm),Modern Times,"26,695",4268434
31,New,['정준영'],병이에요 (Spotless Mind),1st 미니앨범,"30,082",4260529
32,New,['정준영'],이별 10분 전,1st 미니앨범,"63,118",4271854
33,-28,['선미'],24시간이 모자라,24시간이 모자라,"36,528",4212184
34,New,['송지은'],희망고문,희망고문,"15,254",4258695
35,+37,['버스커 버스커'],가을밤,버스커 버스커 2집,"26,874",4252725
36,New,['아이유'],Modern Times,Modern Times,"40,046",4268436
37,+5,['프라이머리'],자니 (Feat. Dynamic Duo),자니,"155,966",3726617
38,-28,['크레용팝'],빠빠빠,빠빠빠,"60,935",4148967
39,-21,"['지아', '이해리 (다비치)']",사랑했었다면,사랑했었다면,"22,286",4232054
40,New,['김진호 (SG워너비)'],살다가,불후의 명곡 - 전설을 노래하다 (추모연가 7편),"21,328",4275833
41,-24,['이승철'],My Love,MY LOVE,"91,288",4142913
42,-29,['에일리'],U & I,A`s Doll House,"71,256",4171462
43,-21,['범키'],미친연애 (Bad Girl) (Feat. E-Sens Of 슈프림팀),미친연애,"86,113",4130922
44,New,['아이유'],싫은 날,Modern Times,"30,905",4268437
45,+31,['프라이머리'],"씨스루 (Feat. Zion.T, 개코 Of 다이나믹듀오)",Primary And The Messengers LP,"89,975",3948908
46,New,['아이유'],우울시계 (Feat. 종현 Of SHINee),Modern Times,"36,191",4268441
47,+53,"['윤종신', '성시경']",내일 할 일,2013 월간 윤종신 Repair 2월호,"66,160",4027954
48,+50,['신용재'],입만 살아가지고,포맨 솔로 프로젝트 #1 신용재,"8,115",4248869
49,New,['주원'],소독약 (Love medicine),굿닥터 OST Part.6,"9,168",4260532
50,-3,"['드렁큰 타이거', '윤미래', '비지 (Bizzy)']",살자 (The Cure),살자 (The Cure),"21,313",4243697
51,New,['장미여관'],봉숙이,산전수전 공중전,"24,740",4092360
52,-29,['다이나믹 듀오'],BAAAM (Feat. Muzie Of UV),Luckynumbers,"82,021",4160246
53,-32,['거미'],낮과 밤,주군의 태양 OST Part.1,"26,701",4198784
54,New,['SHINee (샤이니)'],Everybody,The 5th Mini Album `Everybody`,"34,477",4274230
55,-24,['나비'],집에 안갈래 (Feat. 긱스),집에 안갈래,"16,192",4226369
56,-28,['2BIC(투빅)'],사랑하고 있습니다,굿닥터 OST Part.2,"26,859",4204459
57,New,['블락비 (Block B)'],빛이 되어줘,Very Good,"54,918",4249274
58,-34,['다비치'],오늘따라 보고싶어서 그래,여름날의 추억,"66,748",4163613
59,New,['박지윤'],미스터리 (Feat. San E),미스터 (Mr.),"50,064",4282710
60,-44,['허각'],넌 내꺼라는걸 (Feat. 스윙스),넌 내꺼라는걸,"24,327",4204339
61,-36,['유성은'],Be OK (Feat. 배치기),Be OK,"58,798",4172962
62,+7,['프라이머리'],"? (물음표) (Feat. 최자 Of 다이나믹듀오, Zion.T)",Primary And The Messengers LP,"116,990",3947371
63,-51,['백지영'],울고만있어,굿닥터 OST Part.3,"13,465",4219031
64,New,['나비'],불치병 (Feat. 키비 Of 이루펀트),비밀 OST Part.1,"29,620",4262132
65,New,['아이유'],Obliviate,Modern Times,"23,292",4268438
66,-51,['f(x)'],첫 사랑니 (Rum Pum Pum Pum),`Pink Tape` f(x) The 2nd Album,"64,100",4184826
67,-27,['G-DRAGON'],R.O.D. (Feat. Lydia Paek),쿠데타 (COUP D`ETAT),"45,308",4226209
68,-34,['씨스타'],Give It To Me,Give It To Me,"59,051",4138606
69,-14,['희진 (GOOD DAY)'],기억속의 먼 그대에게,슈퍼스타K5 - 송희진,"19,539",4209541
70,-43,['비스트'],Shadow (그림자),"Hard to love, How to love","69,199",4180409
71,New,['J.Lee'],I Am Sorry,이정 10주년 기념 앨범 Part 01 `I Am Sorry`,"7,400",4254952
72,-52,['카라'],숙녀가 못 돼 (Damaged Lady),4th Album `Full Bloom`,"18,350",4223968
73,New,['긱스 (Geeks)'],"우리는 (Feat. Crybaby, DJ Dopsh)",듀스 20주년 헌정앨범 Part.3,"4,080",4261268
74,-36,['스피카'],Tonight,Tonight,"33,273",4221101
75,New,['아이유'],한낮의 꿈 (Feat. 양희은),Modern Times,"19,879",4268442
76,-33,"['허각', '정은지']",짧은머리,`A Cube` For Season # Blue,"71,545",4129672
77,New,['김진표'],영원토록 (Feat. 존박),영원토록,"5,483",4264512
78,+16,['김종국'],모르나요,굿닥터 OST Part.5,"8,616",4245753
79,New,['케이윌'],니가 아닌 것 같아 (It`s Not You),Will In Fall,"13,933",4282579
80,-50,['틴탑'],장난아냐 (Rocking),틴탑 클래스,"22,132",4216803
81,-52,['G-DRAGON'],쿠데타 (COUP D`ETAT) (Feat. Diplo & Baauer),쿠데타 (COUP D`ETAT),"26,975",4226207
82,-22,"['DJ Gollum', 'Empyre One']",The Bad Touch (Gordon & Doyle Edit),The Bad Touch,"46,074",4070694
83,-33,['이적'],그땐 미처 알지 못했지,Do You Remember,"40,846",3060824
84,New,['이홍기 (FT아일랜드)'],말이야,상속자들 OST Part 1,"23,651",4270949
85,New,['아이유'],Havana,Modern Times,"17,784",4268440
86,New,['Ylvis'],The Fox,The Fox,"41,150",4236972
87,New,['에일리'],Higher (Feat. 이루마),Higher (Feat. 이루마),"31,846",4244940
88,-39,['스윙스'],"A Real Lady (Feat. Beenzino, Gray & Zion.T)",A Real Lady,"54,606",4203057
89,New,['자우림'],"스물다섯, 스물하나","Goodbye, grief.","91,648",4276080
90,New,['가희'],It`s ME (Feat. Dumbfoundead),Who Are You?,"6,644",4271716
91,New,['아이유'],아이야 나랑 걷자 (Feat. 최백호),Modern Times,"15,386",4268439
92,New,['먼데이 키즈 (Monday Kiz)'],그대여,Unfinished,"41,849",4259861
93,New,['신지훈'],Right There,Right There,"10,064",4279461
94,New,['김보경 (NEON)'],그때로 가고싶다,비밀 OST Part 3,"19,304",4277805
95,-76,['린'],이 노래 좋아요,8th #2 `이 노래 좋아요`,"13,582",4222815
96,New,['먼데이 키즈 (Monday Kiz)'],날씨가 추워지면,Unfinished,"4,282",4259859
97,New,['희진 (GOOD DAY)'],바람기억,슈퍼스타K5 TOP10 Part1,"5,214",4265960
98,New,['FTISLAND (FT아일랜드)'],Memory,THANKS TO,"10,551",4248864
99,-31,['빈지노 (Beenzino)'],Boogie On & On,2 4 : 2 6,"95,965",3843565
100,-64,['박진영'],"사랑이 제일 낫더라 (With 남궁송옥, 개코 Of Dynamic Duo)",Halftime,"21,215",4226213
