﻿rank,rank_change,singer,title,album,like,song_code
1,New,['거미'],눈꽃,"그 겨울, 바람이 분다 OST Part.3","56,712",4044859
2,-1,['씨스타19'],있다 없으니까 (Gone Not Around Any Longer),있다 없으니까,"69,266",4024692
3,New,['다비치'],거북이,Mystic Ballad Part.1,"84,625",4047160
4,-1,['허각'],모노드라마 (With 유승우),LITTLE GIANT,"96,990",4019298
5,+62,['The One (더원)'],겨울사랑,"그 겨울, 바람이 분다 OST Part.2","62,244",4038857
6,-4,['리쌍'],눈물 (Feat. 유진 Of 더 씨야),이단옆차기 프로젝트 Vol.02,"106,603",4020215
7,New,['2AM'],어느 봄날,어느 봄날,"34,237",4048381
8,-4,['배치기'],눈물샤워 (Feat. 에일리),4집 Part.2,"91,430",4011596
9,New,['AKMU (악동뮤지션)'],Crescendo (크레셴도),SBS K팝 스타 시즌2 TOP 6,"77,216",4053240
10,New,['버스커 버스커'],벚꽃 엔딩,버스커 버스커 1집,"343,122",3753304
11,New,['이하이'],It`s Over,First Love,"27,587",4050612
12,+51,['SHINee (샤이니)'],Dream Girl,SHINee The 3rd Album Chapter 1. `Dream Girl - The Misconceptions Of You`,"55,045",4037314
13,+1,['허각'],1440,LITTLE GIANT,"48,971",4027904
14,New,['버벌진트'],이게 사랑이 아니면 (Feat. 에일리),이게 사랑이 아니면,"45,818",4038121
15,-10,['포맨'],안녕 나야,The 5th Album Vol.1 (실화),"53,862",4021445
16,+30,['다비치'],모르시나요,아이리스Ⅱ OST Part 1,"28,966",4033059
17,New,['태연 (TAEYEON)'],그리고 하나,"그 겨울, 바람이 분다 OST Part.5","49,377",4056159
18,+31,['AKMU (악동뮤지션)'],라면인건가,SBS K팝 스타 시즌2 TOP 10 (1회),"42,544",4036019
19,New,['틴탑'],긴 생머리 그녀 (Miss Right),No.1,"31,870",4042480
20,-14,['CNBLUE (씨엔블루)'],I`m Sorry,Re:BLUE,"41,333",4011608
21,+59,['레인보우'],Tell Me Tell Me,Rainbow Syndrome,"26,558",4033065
22,-12,['에일리'],얼음꽃,야왕 OST Part.2,"37,804",4021279
23,-10,['서인국'],너 땜에 못살아 (Feat. 버벌진트),Y.BIRD From Jellyfish With 서인국,"25,177",4026975
24,-12,['라디 (Ra. D)'],오랜만이죠 (Feat. 신지수),오랜만이죠,"40,801",4027796
25,-7,"['긱스 (Geeks)', '소유 (SOYOU)']","Officially Missing You, Too",re;code Episode I,"112,057",3946867
26,-17,['김보경 (NEON)'],혼자라고 생각말기 (슈퍼스타 K5 송희진 오디션 참가곡),학교 OST Part.3,"45,123",3996508
27,New,['걸스데이'],기대해,기대,"48,948",4054983
28,New,['다비치'],둘이서 한잔해,Mystic Ballad Part.2,"26,395",4060136
29,-21,['소녀시대 (GIRLS` GENERATION)'],I Got A Boy,I Got A Boy,"55,942",4001331
30,New,['Supreme Team'],그대로 있어도 돼 (Feat. Crush),Thanks 4 The Wait,"49,601",4061513
31,+47,['개코'],될 대로 되라고 해 (느낌 So Good),GAEKO ATTIC`s 1st PIECE,"42,377",4035640
32,New,['Zion.T'],뻔한 멜로디 (Feat. Crush),뻔한 멜로디,"55,272",4047415
33,New,['포맨'],My Angel (Feat. 윤후) (MBC `아빠! 어디가?` 윤후 자장가 삽입곡),The 3rd Generation (Special Album),"33,718",2544954
34,-27,['보아 (BoA)'],그런 너 (Disturbance),그런 너,"31,098",4021392
35,-10,['프라이머리'],"? (물음표) (Feat. 최자 Of 다이나믹듀오, Zion.T)",Primary And The Messengers LP,"116,990",3947371
36,-16,['알리 (ALi)'],지우개,지우개,"73,097",4023744
37,New,['노을'],어떤가요,아이리스Ⅱ OST Part 2,"23,933",4038859
38,-14,['Carly Rae Jepsen'],Call Me Maybe,Call Me Maybe,"120,453",3726439
39,-23,['이승기'],되돌리다,숲,"173,089",3968836
40,New,['김태우'],Cosmic Girl,T-LOVE,"7,525",4038811
41,New,['신용재'],가수가 된 이유,24,"89,676",3864961
42,-31,['정형돈'],강북멋쟁이,박명수의 어떤가요,"52,294",4004021
43,+49,['프라이머리'],자니 (Feat. Dynamic Duo),자니,"155,966",3726617
44,New,['지나'],Oops! (Feat. 정일훈 Of BTOB),Beautiful Kisses,"13,872",4057485
45,-26,['양요섭'],카페인 (Feat. 용준형 Of BEAST),The First Collage,"90,070",3971021
46,-29,['버벌진트'],시작이 좋아 (Feat. 강민희 Of 미스에스),시작이 좋아,"42,016",4004361
47,-10,['나얼'],바람기억,Principle Of My Soul,"212,321",3910821
48,New,['하리'],귀요미송,귀요미송 (ReTitle),"17,086",4036082
49,New,"['애즈원', '미스에스']",좋을거야,The S Part.3,"4,176",4048369
50,-24,['노을'],하지 못한 말,TIME FOR LOVE,"97,638",3953192
51,+3,['예성 (YESUNG)'],먹지,"그 겨울, 바람이 분다 OST Part.1","16,441",4032979
52,-37,['백지영'],싫다,싫다,"25,844",4000640
53,-31,['인피니트H'],Special Girl (Feat. Bumkey),FLY HIGH,"56,057",4009751
54,-33,['써니힐'],Goodbye To Romance,Antique Romance,"63,697",3986978
55,New,['정인'],그 뻔한 말,그니,"13,094",4054905
56,-21,['나인뮤지스'],돌스 (Dolls),DOLLS,"33,025",4019328
57,New,['인피니트'],Man In Love (남자가 사랑할때),New Challenge,"61,371",4064020
58,New,"['남우현', '심규선 (Lucia)']",선인장 (Duet),re;code Episode II,"36,289",4044065
59,-27,['씨스타19'],나도 여자인데 (A Girl In Love),있다 없으니까,"13,333",4024693
60,-27,['에일리'],보여줄게,Invitation,"92,756",3929469
61,-38,['디셈버'],기억을 걷다보면,기억을 걷다보면,"13,442",4025363
62,-15,['긱스 (Geeks)'],Officially Missing You,Officially Missing You,"125,153",3170749
63,-34,['AKMU (악동뮤지션)'],매력있어,SBS K팝 스타 시즌2 `매력있어`,"47,430",3987723
64,New,['아이비'],너였나봐,돈의 화신 OST Part.4,"6,709",4053414
65,-34,['노을'],반창꼬,반창꼬,"33,245",3986186
66,New,['2BIC(투빅)'],Bye Bye Love,Back To Black,"9,632",4058541
67,New,['버블 시스터즈'],"사랑도 이별도 아닌 기억 (Feat. 랑쑈, 지영 Of B2lady)",사랑도 이별도 아닌 기억,"3,780",4043383
68,-40,['2YOON (포미닛 투윤)'],24/7,Harvest Moon,"14,170",4014268
69,New,['비스트'],Black Paradise,아이리스Ⅱ OST Part 3,"22,441",4044829
70,-43,"['효린', '전효성', '현아', '니콜', '나나 (애프터스쿨)']",이사람,2012 SBS 가요대전 The Color Of K-Pop `Dazzling Red`,"18,692",3999213
71,New,['윤하 (YOUNHA)'],아니야,아니야,"21,419",4065409
72,-21,['에일리'],저녁 하늘,Invitation,"146,779",3929471
73,New,['버스커 버스커'],여수 밤바다,버스커 버스커 1집,"140,276",3753303
74,+1,['B.A.P'],ONE SHOT,ONE SHOT,"19,411",4030174
75,New,"['임정희', '헤르쯔 아날로그 (Herz Analog)']",오랜만이다,오랜만이다,"6,706",4052098
76,New,['버스커 버스커'],정말로 사랑한다면,버스커 버스커 1집 마무리,"106,792",3832101
77,New,['레이디스 코드'],나쁜여자,CODE#01 나쁜여자,"26,714",4050616
78,-38,['이하이'],"1,2,3,4 (원,투,쓰리,포)","1,2,3,4 (원,투,쓰리,포)","84,156",3946768
79,New,"['용준형', '필독 (feeldog)', 'LE (EXID)']",어이없네,어이없네,"9,167",4036218
80,New,['이하이'],Special (Feat. 제니 of BLACKPINK),First Love,"13,669",4050611
81,New,['버스커 버스커'],첫사랑,버스커 버스커 1집,"98,033",3753302
82,New,['이예준'],가수가 된 이유,보이스코리아2 Part 1,"15,844",4044851
83,-31,"['서인국', '정은지']",All For You,응답하라 1997 Love Story Part 1,"154,819",3890826
84,-48,['배치기'],행복하니 (Feat. 조현아 Of 어반자카파),4집 Part.2,"19,079",4011597
85,New,['프라이머리'],"씨스루 (Feat. Zion.T, 개코 Of 다이나믹듀오)",Primary And The Messengers LP,"89,975",3948908
86,-41,['별'],귀여워 (With 권정열 Of 10cm),귀여워,"52,754",3940533
87,-28,['클래지콰이'],러브 레시피,Blessed,"20,007",4022596
88,-27,['허각'],사랑하고 싶어서,LITTLE GIANT,"12,369",4027922
89,-59,['소녀시대 (GIRLS` GENERATION)'],Dancing Queen,I Got A Boy,"26,548",3994911
90,-48,"['로이킴', '정준영']",먼지가 되어,슈퍼스타 K4 Top 12 Part.1,"79,700",3928293
91,-26,"['허각', '지아']",I Need You,I Need You,"97,530",3884575
92,New,['이하이'],Rose,First Love,"61,125",4070103
93,New,['김보아'],Tears Fallin`,"그 겨울, 바람이 분다 OST Part.4","3,271",4049384
94,New,['한승희'],사랑해 사랑해,사랑해 사랑해,"4,458",4043793
95,New,['방예담'],Sir Duke,SBS K팝 스타 시즌2 TOP 8,"4,451",4047032
96,New,['형돈이와 대준이'],희맨사항,스윗 껭스타랩 볼륨1,"4,043",4041407
97,-21,['Justin Bieber'],Baby (Feat. Ludacris),Baby,"41,163",2590048
98,New,['SHINee (샤이니)'],방백 (Aside),SHINee The 3rd Album Chapter 1. `Dream Girl - The Misconceptions Of You`,"55,895",4037318
99,New,['소향'],잊지 말아요,아이리스Ⅱ OST Part 3.5,"4,944",4049449
100,New,['길미'],"웃고 떠나 (With 주이, Mr. Tyfoon)",웃고 떠나,"5,071",4062730
