﻿rank,rank_change,singer,title,album,like,song_code
1,New,['선미'],사이렌 (Siren),WARNING,"119,544",31286161
2,-1,['숀 (SHAUN)'],Way Back Home,Take,"285,361",31151836
3,+4,['폴킴'],"모든 날, 모든 순간 (Every day, Every Moment)",`키스 먼저 할까요?` OST Part.3,"318,708",30962526
4,New,['펀치 (Punch)'],헤어지는 중,헤어지는 중,"113,101",31302310
5,+56,['방탄소년단'],IDOL,LOVE YOURSELF 結 `Answer`,"285,935",31266290
6,+10,['벤'],열애중,RECIPE,"171,760",31062863
7,-4,['BLACKPINK'],뚜두뚜두 (DDU-DU DDU-DU),SQUARE UP,"211,587",31131273
8,-3,['Red Velvet (레드벨벳)'],Power Up,Summer Magic - Summer Mini Album,"150,531",31230093
9,-7,['TWICE (트와이스)'],Dance The Night Away,Summer Nights,"157,718",31175119
10,New,['로이킴'],우리 그만하자,우리 그만하자,"122,365",31314142
11,New,['임창정'],하루도 그대를 사랑하지 않은 적이 없었다,하루도 그대를 사랑하지 않은 적이 없었다,"149,555",31316695
12,-6,['마마무(Mamamoo)'],너나 해 (Egotistic),RED MOON,"115,234",31189241
13,-9,['지코 (ZICO)'],SoulMate (Feat. 아이유),SoulMate,"132,357",31215747
14,+84,['방탄소년단'],I`m Fine,LOVE YOURSELF 結 `Answer`,"192,327",31266289
15,-6,['볼빨간사춘기'],여행,Red Diary Page.2,"228,707",31093710
16,+38,['10CM'],매트리스,4.1,"81,796",31263577
17,-5,['닐로(Nilo)'],지나오다,About You,"218,050",30699142
18,-5,['방탄소년단'],FAKE LOVE,LOVE YOURSELF 轉 `Tear`,"296,567",31085237
19,+34,['(여자)아이들'],한(一),한(一),"94,939",31246870
20,-12,['Apink (에이핑크)'],1도 없어,ONE & SIX,"101,161",31161280
21,New,"['백현 (BAEKHYUN)', '로꼬']",YOUNG,YOUNG,"105,188",31280273
22,-12,['BLACKPINK'],Forever Young,SQUARE UP,"140,416",31131274
23,-12,['멜로망스'],동화,The Fairy Tale,"101,621",31164090
24,+68,['방탄소년단'],Euphoria,LOVE YOURSELF 結 `Answer`,"189,391",31266282
25,-7,['승리'],"셋 셀테니 (1, 2, 3!)",THE GREAT SEUNGRI,"85,067",31199873
26,New,['소녀시대-Oh!GG'],몰랐니 (Lil` Touch),몰랐니 - The 1st Single Album,"49,751",31288765
27,+8,['양다일'],미안해,inside,"166,030",30809895
28,+67,"['기리보이', 'Kid Milli', 'NO:EL', '스윙스']",flex (Prod. By 기리보이),Dingo X Indigo Music,"145,556",31219546
29,-10,"['로꼬', '화사(Hwa Sa)']",주지마,건반 위의 하이에나 Part.4,"176,149",31035061
30,+10,['로이킴'],그때 헤어지면 돼,그때 헤어지면 돼,"191,619",30884950
31,+18,['폴킴'],비,비,"241,281",8235260
32,-17,['비투비'],너 없인 안 된다,THIS IS US,"168,985",31133898
33,-12,['iKON'],사랑을 했다 (LOVE SCENARIO),Return,"289,898",30859584
34,-9,['방탄소년단'],전하지 못한 진심 (Feat. Steve Aoki),LOVE YOURSELF 轉 `Tear`,"227,713",31085238
35,-7,['장덕철'],그날처럼,그날처럼,"228,023",30755375
36,-22,['청하'],Love U,Blooming Blue,"78,785",31194610
37,+13,['먼데이 키즈 (Monday Kiz)'],가을 안부,가을 안부,"144,538",30669593
38,-21,['iKON'],죽겠다 (KILLING ME),NEW KIDS : CONTINUE,"79,132",31224316
39,-15,['멜로망스'],You,투유 프로젝트 - 슈가맨2 Part.2,"158,262",30849733
40,-6,['방탄소년단'],봄날,YOU NEVER WALK ALONE,"459,265",30244931
41,New,['방탄소년단'],Answer : Love Myself,LOVE YOURSELF 結 `Answer`,"179,276",31266291
42,-16,['Fitz & The Tantrums'],HandClap,Fitz and The Tantrums (Deluxe),"179,842",8111603
43,-5,['닐로(Nilo)'],넋두리,넋두리,"104,743",9642570
44,-17,['방탄소년단'],DNA,LOVE YOURSELF 承 `Her`,"359,651",30637982
45,-9,['이수 (엠씨 더 맥스)'],My Way,돈꽃 OST Part.1,"138,560",30721801
46,-5,['멜로망스'],선물,Moonlight,"288,466",30514366
47,+5,['아이유'],밤편지,밤편지,"352,400",30314784
48,-19,['Camila Cabello'],Havana (Feat. Young Thug),Camila,"183,713",30567963
49,-26,['여자친구 (GFRIEND)'],밤 (Time for the moon night),여자친구 The 6th Mini Album 'Time for the moon night',"142,488",31052421
50,-30,['모모랜드 (MOMOLAND)'],BAAM,Fun to The World,"50,593",31149418
51,New,['방탄소년단'],Epiphany,LOVE YOURSELF 結 `Answer`,"149,667",31266288
52,-9,['Ed Sheeran'],Shape of You,÷ (Deluxe),"275,774",30188113
53,-21,['마마무(Mamamoo)'],별이 빛나는 밤,Yellow Flower,"161,862",30937275
54,-24,['모모랜드 (MOMOLAND)'],뿜뿜,GREAT!,"143,998",30816860
55,New,['방탄소년단'],Trivia 轉 : Seesaw,LOVE YOURSELF 結 `Answer`,"138,911",31266286
56,-8,['Sia'],Chandelier,Chandelier (Single),"151,020",4534974
57,-24,['TWICE (트와이스)'],What is Love?,What is Love?,"138,442",31006730
58,-13,['용준형'],소나기 (Feat. 10cm),소나기 (Feat. 10cm),"141,636",30970444
59,-22,['청하'],Roller Coaster,Offset,"163,543",30844118
60,-13,['방탄소년단'],Anpanman,LOVE YOURSELF 轉 `Tear`,"169,020",31085244
61,-17,['김하온 (HAON)'],붕붕 (Feat. 식케이) (Prod. GroovyRoom),고등래퍼2 Final,"156,487",31019584
62,-4,['비투비'],그리워하다,Brother Act.,"237,633",30672529
63,New,['로이킴'],왜 몰랐을까,아는 와이프 OST Part.3,"36,249",31262847
64,New,['방탄소년단'],Trivia 起 : Just Dance,LOVE YOURSELF 結 `Answer`,"117,342",31266292
65,-23,['(여자)아이들'],LATATA,I am,"108,809",31055324
66,+22,['멜로망스'],좋은 날,미스터 션샤인 OST Part.5,"55,768",31227367
67,-10,['Imagine Dragons'],Thunder,Evolve,"135,125",30393293
68,-4,['세븐틴'],A-TEEN,A-TEEN Part.3,"98,224",31244486
69,-47,['여자친구 (GFRIEND)'],여름여름해 (Sunny Summer),여자친구 Summer Mini Album `Sunny Summer`,"56,480",31196764
70,New,['방탄소년단'],Trivia 承 : Love,LOVE YOURSELF 結 `Answer`,"109,629",31266300
71,-5,['Troye Sivan'],YOUTH,Blue Neighbourhood (Deluxe),"213,798",7928705
72,+1,['헤이즈 (Heize)'],비도 오고 그래서 (Feat. 신용재),/// (너 먹구름 비),"241,349",30492279
73,-4,['길구봉구'],이 별,Star,"141,354",30637776
74,-12,['방탄소년단'],Airplane pt.2,LOVE YOURSELF 轉 `Tear`,"148,149",31085243
75,-1,['EXO'],Universe,"Universe - 겨울 스페셜 앨범, 2017","189,195",30806536
76,-21,['Wanna One (워너원)'],에너제틱 (Energetic),1X1=1(TO BE ONE),"297,841",30568338
77,-18,['BIGBANG'],꽃 길,꽃 길,"182,735",30948698
78,-47,['AOA'],빙글뱅글 (Bingle Bangle),BINGLE BANGLE,"75,617",31098083
79,-40,['세븐틴'],어쩌나,SEVENTEEN 5TH MINI ALBUM `YOU MAKE MY DAY`,"90,319",31189085
80,New,['김하온 (HAON)'],"NOAH (Feat. 박재범, Hoody)",TRAVEL: NOAH,"59,772",31288752
81,-2,['EXO-CBX (첸백시)'],花요일 (Blooming Day),Blooming Days - The 2nd Mini Album,"120,975",31009483
82,-31,['Red Velvet (레드벨벳)'],빨간 맛 (Red Flavor),The Red Summer - Summer Mini Album,"218,918",30512671
83,-27,['Wanna One (워너원)'],켜줘 (Light),1÷χ=1 (UNDIVIDED),"136,872",31113240
84,-24,['Wanna One (워너원) - 트리플포지션'],캥거루 (Kangaroo) (Prod. ZICO),1÷χ=1 (UNDIVIDED),"120,160",31113241
85,New,"['저스디스 (JUSTHIS)', 'Kid Milli', 'NO:EL', '양홍원']",IndiGO,IM,"111,291",31144690
86,-19,['Wanna One (워너원)'],Beautiful,1-1=0 (NOTHING WITHOUT YOU),"238,187",30725482
87,-41,['마마무(Mamamoo)'],장마 (Rainy Season),장마 (Rainy Season),"61,528",31159436
88,-23,['Wanna One (워너원)'],BOOMERANG (부메랑),0+1=1 (I PROMISE YOU),"148,018",30960341
89,New,['국.슈 (국프의 핫이슈)'],Rumor,PRODUCE 48 - 30 Girls 6 Concepts,"53,202",31252455
90,-27,['BLACKPINK'],마지막처럼,마지막처럼,"183,859",30481578
91,-2,['윤종신'],좋니,LISTEN 010 좋니,"326,754",30486509
92,New,['오마이걸'],불꽃놀이 (Remember Me),OH MY GIRL 6th Mini Album (REMEMBER ME),"62,504",31297335
93,+6,['펀치 (Punch)'],밤이 되니까,밤이 되니까,"175,362",30659630
94,New,['임한별'],이별하러 가는 길,이별하러 가는 길,"118,135",31304766
95,-18,['Wanna One (워너원) - 더힐'],모래시계 (Prod. 헤이즈),1÷χ=1 (UNDIVIDED),"92,933",31113243
96,New,['정승환'],잘 지내요,라이프 OST Part.6,"66,841",31299371
97,New,"['레이 (LAY)', 'Alan Walker']",Sheep (Alan Walker Relift),Sheep (Alan Walker Relift),"32,679",31278454
98,New,['오반'],스무살이 왜이리 능글맞아 (Feat. 숀 (SHAUN)),스무살이 왜이리 능글맞아 (Feat. 숀 (SHAUN)),"31,469",31257764
99,-6,['에일리'],첫눈처럼 너에게 가겠다,도깨비 OST Part.9,"298,833",30190630
100,-20,['Wanna One (워너원)'],약속해요 (I.P.U.),0+1=1 (I PROMISE YOU),"157,270",30930312
