﻿rank,rank_change,singer,title,album,like,song_code
1,+3,"['HIGH4 (하이포)', '아이유']",봄 사랑 벚꽃 말고,봄 사랑 벚꽃 말고,"175,987",4579468
2,-0,['AKMU (악동뮤지션)'],200%,PLAY,"128,715",4583482
3,New,['god'],미운오리새끼,미운오리새끼,"79,551",4635701
4,-3,['박효신'],야생화,야생화,"299,797",4543502
5,-2,['Apink (에이핑크)'],Mr. Chu (On Stage),Pink Blossom,"93,676",4562881
6,-1,"['소유 (SOYOU)', '정기고']",썸 (Feat. 릴보이 Of 긱스),썸,"166,388",4433490
7,New,['정기고'],너를 원해 (Feat. Beenzino),Want U,"54,058",4603433
8,New,['EXO-K'],중독 (Overdose),The 2nd Mini Album `중독 (Overdose)`,"123,848",4633162
9,+1,['AKMU (악동뮤지션)'],Give Love,PLAY,"92,504",4583481
10,-4,"['윤민수(바이브)', '신용재']",인연,불후의 명곡 - 전설을 노래하다 (이선희 2편),"73,287",4582959
11,-4,['매드클라운'],견딜만해 (Feat. 효린 Of 씨스타),표독,"49,017",4579474
12,+7,"['15& (박지민, 백예린)']",티가 나나봐,티가 나나봐,"39,587",4599628
13,New,['아이유'],나의 옛날이야기,꽃갈피,"151,148",4645220
14,-3,['이선희'],그 중에 그대를 만나,15집 `SERENDIPITY` 30주년 기념앨범,"120,379",4544242
15,+26,['에디킴'],너 사용법,너 사용법,"129,178",4586092
16,-7,['오렌지 캬라멜'],까탈레나 (Catallena),The Third Single Catallena,"41,074",4503810
17,-9,['Bro'],그런 남자,그런 남자,"55,281",4535038
18,+8,['아이유'],금요일에 만나요 (Feat. 장이정 Of HISTORY),Modern Times - Epilogue,"215,257",4369827
19,New,['백지영'],불꽃,불꽃,"14,278",4633491
20,-5,['AKMU (악동뮤지션)'],얼음들,PLAY,"60,114",4583483
21,-7,['로꼬'],감아 (Feat. Crush),감아,"131,287",4527879
22,-9,['임창정'],흔한 노래,흔한 노래... 흔한 멜로디...,"68,281",4512170
23,-11,['2NE1'],Come Back Home,CRUSH,"71,969",4478187
24,-7,['배치기'],뜨래요 (Feat. 앙리 Of 3B),뜨래요,"34,084",4532820
25,New,['휘성 (Realslow)'],Night And Day,The Best Man,"37,589",4639335
26,New,['아이유'],너의 의미 (Feat. 김창완),꽃갈피,"185,223",4646573
27,New,['플라이 투 더 스카이'],너를 너를 너를,CONTINUUM,"86,372",4639518
28,New,['아이유'],사랑이 지나가면,꽃갈피,"68,369",4646572
29,+19,['2BIC(투빅)'],요즘 바쁜가봐,Soul Mate (소울메이트),"58,409",4594680
30,-10,['2NE1'],너 아님 안돼,CRUSH,"47,117",4478188
31,New,['포맨'],지우고 싶다,4MEN The 5th Album (1998),"16,887",4641333
32,-10,['성시경'],너의 모든 순간,별에서 온 그대 OST Part.7,"130,740",4446485
33,-15,['4minute'],오늘 뭐해,4MINUTE WORLD,"17,240",4516940
34,New,['백아연'],내게 남은 세가지,엔젤아이즈 OST Part 4,"15,200",4630259
35,New,['서인국'],봄 타나봐 (BOMTANABA),봄 타나봐 (BOMTANABA),"29,497",4643439
36,New,['길구봉구'],뭘해도 예쁜걸,뭘해도 예쁜걸,"32,102",4622988
37,-7,['AOA'],짧은 치마 (Miniskirt),짧은 치마,"54,446",4400561
38,-17,['선미'],보름달 (Feat. Lena),Full Moon,"60,951",4454382
39,-23,['버스커 버스커'],벚꽃 엔딩,버스커 버스커 1집,"343,123",3753304
40,-16,['Crush'],가끔,가끔,"61,591",4572941
41,New,['전효성'],Good-night Kiss,TOP SECRET,"30,702",4635740
42,-11,['엠씨더맥스'],그대가 분다,UNVEILING,"111,593",4381724
43,-18,['2NE1'],살아 봤으면 해,CRUSH,"52,408",4478189
44,-17,['걸스데이'],Something,걸스데이 미니앨범 3집,"67,019",4383773
45,New,['아이유'],삐에로는 우릴 보고 웃지,꽃갈피,"37,523",4646571
46,+3,['프라이머리'],자니 (Feat. Dynamic Duo),자니,"155,966",3726617
47,-24,['소녀시대 (GIRLS` GENERATION)'],Mr.Mr.,The 4th Mini Album `Mr.Mr.`,"47,282",4471542
48,New,['박정현'],그 다음해,싱크로퓨전 (Syncrofusion),"8,823",4592267
49,-13,['에일리'],노래가 늘었어,노래가 늘었어,"78,897",4383349
50,-18,['AKMU (악동뮤지션)'],인공잔디,PLAY,"36,546",4583486
51,-23,['AKMU (악동뮤지션)'],지하철에서,PLAY,"21,072",4583484
52,+13,['에디킴'],밀당의 고수,너 사용법,"21,777",4586090
53,-15,['매드클라운'],스토커 (Feat. 크루셜스타),표독,"28,783",4579475
54,-21,['크레용팝'],어이 (Uh-ee),어이 (Uh-ee),"17,023",4564373
55,-20,['효린'],안녕,별에서 온 그대 OST Part.4,"82,037",4412196
56,-3,['정키'],홀로 (Feat. 김나영),Break Up,"134,921",3893169
57,-5,"['소유 (SOYOU)', '매드클라운']",착해 빠졌어 (Stupid In Love),착해 빠졌어 (Stupid In Love),"126,144",4237755
58,-29,['CNBLUE (씨엔블루)'],Can`t Stop,Can`t Stop,"43,094",4462368
59,-16,['2NE1'],멘붕 (CL Solo),CRUSH,"36,321",4478191
60,+3,['EXO'],으르렁 (Growl),The 1st Album `XOXO` Repackage,"180,286",4193337
61,New,['EXO-K'],Thunder,The 2nd Mini Album `중독 (Overdose)`,"56,483",4633164
62,New,['지나'],예쁜 속옷,예쁜 속옷,"10,011",4635456
63,New,['아이유'],여름밤의 꿈,꽃갈피,"51,618",4646575
64,-30,['린'],보고 싶어...운다,Le Grand Bleu,"24,448",4493462
65,New,['손승연'],매일 다른 눈물이,Sonnet Blooms,"4,068",4629351
66,-27,['AKMU (악동뮤지션)'],작은별,PLAY,"37,277",4583488
67,New,['Jeff Bernat'],Call You Mine (Feat. Geologic Of The Blue Scholars),The Gentleman Approach,"151,486",3808189
68,New,['아이유'],꽃,꽃갈피,"22,532",4646570
69,-27,['허각'],오늘 같은 눈물이,별에서 온 그대 OST Part.6,"28,637",4433528
70,-24,"['케이윌', '마마무(Mamamoo)']",썸남썸녀 (Feat. 휘성),썸남썸녀,"40,844",4443748
71,New,['포맨'],예쁘니까 잘 될 거야,4MEN The 5th Album (1998),"9,772",4641331
72,+16,['JUNIEL'],다음날,다음날,"9,487",4606746
73,New,['아웃사이더'],손,손,"5,488",4630408
74,New,['EXO-K'],월광 (Moonlight),The 2nd Mini Album `중독 (Overdose)`,"58,986",4633163
75,New,"['David Guetta', 'Showtek']",Bad (Feat. Vassy) (Radio Edit),Bad (Feat. Vassy) (Radio Edit),"59,126",4585736
76,-21,['홍대광'],답이 없었어,THE SILVER LINING,"43,143",4412480
77,-16,['휘성 (Realslow)'],가슴 시린 이야기 (Feat. 용준형 Of Beast),가슴 시린 이야기,"63,563",3174148
78,-41,['루이 (긱스)'],사이드미러걸 (Feat. 산체스 Of 팬텀),靈感 (영감),"24,169",4554286
79,-34,['신용재'],"널 사랑한다, 지운다, 또 운다",쓰리 데이즈 OST Part 3,"18,907",4504110
80,-20,['에디킴'],2 Years Apart,2 Years Apart,"27,571",4572452
81,-22,['정은지'],그대라구요,쓰리 데이즈 OST Part 2,"25,710",4490672
82,New,['윤건'],사랑해도 너무나,엔젤아이즈 OST Part 3,"7,269",4614200
83,-11,['김범수'],끝사랑,Solista Part.2,"110,176",3436083
84,-16,['빈지노 (Beenzino)'],"Dali, Van, Picasso","Dali, Van, Picasso","98,512",4366156
85,-45,['권진아'],씨스루,K팝 스타 시즌3 TOP10 Part.1,"25,256",4484403
86,New,"['장희영', '김민진']",우리 사랑했던 날,우리 사랑했던 날,"7,950",4616854
87,New,['에일리'],하루하루,트라이앵글 OST Part.1,"15,570",4641392
88,-31,['AKMU (악동뮤지션)'],Galaxy,PLAY,"22,411",4583491
89,New,['아이유'],꿍따리 샤바라 (Feat. 클론),꽃갈피,"23,269",4646588
90,New,['플라이 투 더 스카이'],니목소리,CONTINUUM,"16,966",4649655
91,-33,['AKMU (악동뮤지션)'],길이나,PLAY,"18,312",4583489
92,-42,['NS 윤지'],야시시,The Way 2..,"9,504",4569153
93,-37,['버스커 버스커'],처음엔 사랑이란게,버스커 버스커 2집,"121,144",4252728
94,-50,['AKMU (악동뮤지션)'],안녕,PLAY,"20,209",4583487
95,-41,['2NE1'],Crush,CRUSH,"21,695",4478186
96,New,['배치기'],신기루 (Feat. 김보경),쓰리 데이즈 OST Part 7,"3,668",4618647
97,New,['김연우'],해독제,해독제,"13,205",4643534
98,New,['Michael Jackson'],Love Never Felt So Good,Xscape (Standard Ver.),"48,753",4640746
99,-21,['허각'],향기만 남아,Reminisce,"46,890",4312933
100,-53,['AKMU (악동뮤지션)'],가르마,PLAY,"16,025",4583485
