﻿rank,rank_change,singer,title,album,like,song_code
1,New,"['허각', '정은지']",짧은머리,`A Cube` For Season # Blue,"71,545",4129672
2,New,['씨스타'],Give It To Me,Give It To Me,"59,051",4138606
3,-2,['4minute'],이름이 뭐예요?,Name Is 4minute,"50,446",4099280
4,+45,['이효리'],Bad Girls,MONOCHROME,"30,453",4118143
5,New,['범키'],미친연애 (Bad Girl) (Feat. E-Sens Of 슈프림팀),미친연애,"86,113",4130922
6,+70,['AKMU (악동뮤지션)'],콩떡빙수,콩떡빙수,"39,347",4121653
7,New,['비스트'],괜찮겠니,괜찮겠니,"44,116",4126905
8,New,['포맨'],너 하나야,구가의 서 OST Part.7,"44,692",4132144
9,-7,['로이킴'],봄봄봄,봄봄봄,"124,306",4091105
10,+2,['포맨'],청혼하는 거예요,The 5th Album Vol.2 `Thank You`,"59,862",4108714
11,+74,['The One (더원)'],잘 있나요,구가의 서 OST Part.6,"34,028",4117702
12,New,['씨스타'],넌 너무 야해 (Feat. 긱스) (The Way You Make Me Melt),Give It To Me,"34,416",4138607
13,-9,['AKMU (악동뮤지션)'],I Love You,내 연애의 모든 것 OST Part.3,"85,511",4097003
14,-7,['시크릿'],YooHoo (유후),Letter From Secret,"30,202",4101639
15,New,['CL'],나쁜 기집애,나쁜 기집애,"14,868",4125626
16,-7,['긱스 (Geeks)'],Wash Away (Feat. 에일리),Backpack,"65,735",4100521
17,New,['투개월'],Number 1,Number 1,"29,077",4123220
18,-13,['바이브'],꼭 한번 만나고 싶다,Organic Sound,"46,087",4100925
19,New,['Lim Kim'],All Right,A Voice,"42,410",4144408
20,-14,['이효리'],미스코리아,MONOCHROME,"38,610",4095862
21,New,['이승기'],마지막 그 한마디,마지막 그 한마디,"15,150",4124144
22,New,['씨스타'],바빠 (Bad Boy),Give It To Me,"25,569",4138608
23,-20,['싸이 (PSY)'],GENTLEMAN,GENTLEMAN,"104,962",4085875
24,+7,['바이브'],이 나이 먹도록,Organic Sound,"26,376",4115610
25,New,['2BIC(투빅)'],"회복이 급해 (Feat. 하림, 호투)",회복이 급해,"23,876",4133615
26,-16,['린'],오늘 밤 (Feat. 배치기),8th #1 유리 심장,"50,713",4082435
27,-14,['다비치'],녹는 중 (Feat. 버벌진트),녹는 중,"56,818",4072715
28,-20,['조용필'],Bounce,Bounce,"66,670",4089360
29,+10,['B1A4'],이게 무슨 일이야,이게 무슨 일이야,"45,698",4105654
30,New,['이승철'],My Love,MY LOVE,"91,288",4142913
31,-5,['수지 (SUZY)'],나를 잊지말아요,구가의 서 OST Part.5,"27,916",4105693
32,New,['애프터스쿨'],첫사랑,After School The 6th Maxi Single `첫사랑`,"16,505",4141700
33,-1,['걸스데이'],기대해,기대,"48,948",4054983
34,-23,['케이윌'],Love Blossom (러브블러썸),The 3rd Album Part.2 `Love Blossom (러브블러썸)`,"107,337",4076051
35,+5,['프라이머리'],자니 (Feat. Dynamic Duo),자니,"155,966",3726617
36,-22,['윤하 (YOUNHA)'],우리가 헤어진 진짜 이유,Just Listen,"71,018",4103251
37,-19,['다비치'],거북이,Mystic Ballad Part.1,"84,625",4047160
38,New,['아이비'],I Dance (Feat. 유빈 Of 원더걸스),I DANCE,"10,639",4141792
39,-24,['티아라 N4'],전원일기 (田園日記) (Feat. 이단옆차기 & 태운),전원일기,"33,258",4100916
40,+19,['신화'],This Love,The Classic,"32,512",4116789
41,-24,['긱스 (Geeks)'],어때 (Feat. 하림),어때,"54,069",4074419
42,-23,['린'],유리 심장 (Feat. 용준형 Of 비스트),8th #1 유리 심장,"37,000",4099386
43,New,['레인보우'],SUNSHINE,Rainbow Syndrome Part.2,"12,755",4127571
44,New,['넬 (NELL)'],Ocean Of Light,Escaping Gravity,"22,244",4137011
45,+13,['서인영'],헤어지자,Forever Young,"29,546",4115516
46,-23,['AKMU (악동뮤지션)'],Crescendo (크레셴도),SBS K팝 스타 시즌2 TOP 6,"77,216",4053240
47,-27,['이하이'],Rose,First Love,"61,125",4070103
48,New,['별'],넌 최고야,넌 최고야,"8,028",4129654
49,-13,['박재범'],좋아 (JOAH),JOAH,"91,759",4082812
50,New,['최진혁'],잘 있나요 (Acoustic Ver.),구가의 서 OST Special,"21,845",4145757
51,-29,['버스커 버스커'],벚꽃 엔딩,버스커 버스커 1집,"343,122",3753304
52,-31,['AKMU (악동뮤지션)'],외국인의 고백,SBS K팝 스타 시즌2 TOP 3 Part.2,"59,358",4076109
53,+8,['프라이머리'],"? (물음표) (Feat. 최자 Of 다이나믹듀오, Zion.T)",Primary And The Messengers LP,"116,990",3947371
54,New,['빈지노 (Beenzino)'],Boogie On & On,2 4 : 2 6,"95,965",3843565
55,New,['이승철'],사랑하고 싶은 날,MY LOVE,"12,285",4142912
56,-23,['Zion.T'],Babay (Feat. Gaeko),Red Light,"44,247",4081054
57,New,['Lim Kim'],컬러링,A Voice,"14,649",4132143
58,New,['비스트'],I`m Sorry,I`m Sorry,"31,519",4144135
59,-35,['JUNIEL'],귀여운 남자,Fall in L,"29,055",4098101
60,New,['EXO'],늑대와 미녀 (Wolf),The 1st Album XOXO (KISS＆HUG),"71,903",4129422
61,-5,['신용재'],가수가 된 이유,24,"89,676",3864961
62,-46,['조용필'],Hello (Feat. 버벌진트),Hello,"31,986",4095729
63,New,['엠블랙'],스모키걸 (Smoky Girl),SEXY BEAT,"13,228",4131930
64,+19,['2PM'],하.니.뿐.,Grown,"20,238",4105676
65,-24,['리쌍'],눈물 (Feat. 유진 Of 더 씨야),이단옆차기 프로젝트 Vol.02,"106,603",4020215
66,-28,['허각'],모노드라마 (With 유승우),LITTLE GIANT,"96,990",4019298
67,-4,['나인뮤지스'],와일드 (Wild),Wild,"21,850",4109798
68,+7,['프라이머리'],"씨스루 (Feat. Zion.T, 개코 Of 다이나믹듀오)",Primary And The Messengers LP,"89,975",3948908
69,New,['보아 (BoA)'],천국과 지옥 사이 (Between Heaven And Hell),상어 OST `천국과 지옥 사이`,"10,324",4124170
70,-25,['씨스타19'],있다 없으니까 (Gone Not Around Any Longer),있다 없으니까,"69,266",4024692
71,New,['씨스타'],Crying,Give It To Me,"25,193",4138611
72,New,"['티아라', '더 씨야', 'F-ve Dolls', '스피드']",진통제,Tears Of Mind,"21,449",4136951
73,-45,['유승우'],헬로,첫번째 소풍,"17,968",4108627
74,New,['백아연'],a Good Boy,A Good Girl,"16,281",4144539
75,-25,['배치기'],눈물샤워 (Feat. 에일리),4집 Part.2,"91,430",4011596
76,-51,['2PM'],이 노래를 듣고 돌아와,Grown,"16,555",4105677
77,-11,"['긱스 (Geeks)', '소유 (SOYOU)']","Officially Missing You, Too",re;code Episode I,"112,057",3946867
78,New,['써니힐'],만인의 연인 (Feat. 하림),Young Folk,"17,405",4147352
79,-36,"['써니힐', '데이브레이크 (DAYBREAK)']",들었다 놨다 (Love Actually),re;code Episode III,"39,061",4074795
80,-50,['백지영'],봄비,구가의 서 OST Part.4,"16,437",4094355
81,-52,['서인국'],웃다 울다,웃다 울다,"34,954",4084675
82,New,"['DJ Gollum', 'Empyre One']",The Bad Touch (Gordon & Doyle Edit),The Bad Touch,"46,074",4070694
83,New,['로이킴'],Love Love Love,Love Love Love,"50,952",4153481
84,-6,['Carly Rae Jepsen'],Call Me Maybe,Call Me Maybe,"120,453",3726439
85,New,['버벌진트'],비범벅 (Feat. 범키),비범벅,"32,920",4150987
86,New,['백지영'],떠올라,떠올라,"3,269",4123113
87,-60,"['15& (박지민, 백예린)']",Somebody,Somebody,"28,430",4079025
88,New,['헨리 (HENRY)'],Trap (Feat. 규현&태민),The 1st Mini Album `Trap`,"35,515",4135141
89,New,['달샤벳'],내 다리를 봐 (Be Ambitious),Be Ambitious,"13,823",4149064
90,New,['걸스데이'],여자 대통령,여자 대통령,"38,611",4152253
91,New,['The One (더원)'],뭘 해도 똑같다,New Wave Studio (Vol.1),"3,545",4135198
92,-57,['SHINee (샤이니)'],Why So Serious?,SHINee The 3rd Album Chapter 2. `Why So Serious?,"33,900",4099465
93,-56,['AKMU (악동뮤지션)'],Officially Missing You,SBS K팝 스타 시즌2 Top 2 Special,"35,849",4082947
94,New,['정엽'],왜 이제야 왔니,너의 목소리가 들려 OST Part.2,"40,847",4143937
95,New,['디아'],사귈만큼 사귀었어,사귈만큼 사귀었어,"8,432",4128662
96,-28,['헬로비너스'],차 마실래?,3rd Mini Album (차 마실래?),"23,240",4103138
97,New,['백지영'],그런 여자,스트로베리 익스트림 페스티벌 Part 5,"3,725",4134981
98,New,['아웃사이더'],슬피 우는 새 (Feat. 이수영),슬피 우는 새,"38,976",4153450
99,-28,['포맨'],안녕 나야,The 5th Album Vol.1 (실화),"53,862",4021445
100,-16,['긱스 (Geeks)'],Officially Missing You,Officially Missing You,"125,153",3170749
