﻿rank,rank_change,singer,title,album,like,song_code
1,New,['김동률'],그게 나야,동행,"82,621",5400360
2,+60,['에일리'],손대지마,Magazine,"61,003",5394265
3,+52,"['소유 (SOYOU)', '권순일 (어반자카파)', '박용인 (어반자카파)']",틈,소유X어반자카파 (권순일&박용인) `틈`,"50,471",5390701
4,-3,['포스트맨(Postmen)'],신촌을 못가,신촌을 못가,"100,218",4016085
5,-0,['Adam Levine'],Lost Stars,Begin Again - Music From And Inspired By The Original Motion Picture,"245,845",4743560
6,New,['AKMU (악동뮤지션)'],시간과 낙엽,시간과 낙엽,"87,216",5408681
7,New,['아이유'],소격동,소격동,"72,050",5401276
8,+13,"['곽진언', '김필', '임도혁']",당신만이,슈퍼스타K6 곽진언 김필 임도혁,"55,572",5388806
9,New,['개코'],"화장 지웠어 (Feat. Zion.T, HA:TFELT) (No Make Up)",REDINGRAY,"62,880",5415175
10,-8,['윤미래'],너를 사랑해,괜찮아 사랑이야 OST Part.6,"75,759",4843704
11,New,['에픽하이 (EPIK HIGH)'],헤픈엔딩 (Feat. 조원선 Of 롤러코스터),신발장,"94,908",5421427
12,+58,['어쿠스틱 콜라보'],"묘해, 너와",연애의 발견 OST Part 4,"120,063",4864206
13,-9,['아이언'],독기,쇼미더머니3 씨잼 vs 아이언,"57,260",5372667
14,-11,['박보람'],예뻐졌다 (Feat. 지코 Of Block B),예뻐졌다,"74,319",4789747
15,-9,['WINNER'],공허해,2014 S/S,"143,486",4806686
16,New,['로이킴'],Home,HOME,"51,060",5406682
17,New,"['곽진언', '김필']",걱정말아요 그대,슈퍼스타K6 곽진언 vs 김필,"37,210",5402092
18,New,['김동률'],내 사람,동행,"35,170",5400358
19,-11,['BOBBY'],연결고리#힙합,쇼미더머니3 Part.4,"68,754",4854588
20,-4,['Adam Levine'],No One Else Like You,Begin Again - Music From And Inspired By The Original Motion Picture,"73,529",4743562
21,New,['에픽하이 (EPIK HIGH)'],"BORN HATER (Feat. 빈지노, 버벌진트, B.I, MINO, BOBBY)",신발장,"114,009",5419682
22,+25,['박효신'],야생화,야생화,"299,797",4543502
23,New,['비스트'],12시 30분,TIME,"110,771",5413256
24,New,['어쿠스틱 콜라보'],너무 보고싶어,연애의 발견 OST Part 6,"98,483",5386171
25,+15,"['NS 윤지', '기리보이']",설렘주의,설렘주의,"36,808",5387875
26,-17,"['San E', '레이나 (Raina)']",한여름밤의 꿀,"San E, 레이나 Project Single `한여름밤의 꿀`","143,255",4681146
27,-20,['씨스타'],I Swear,Special Album `SWEET & SOUR`,"44,525",4840373
28,New,['에픽하이 (EPIK HIGH)'],스포일러,신발장,"38,647",5421429
29,-15,['BOBBY'],가드올리고 Bounce,쇼미더머니3 Part.5,"42,647",5376645
30,-18,['블락비 (Block B)'],HER,HER,"112,179",4764928
31,-7,['아이유'],너의 의미 (Feat. 김창완),꽃갈피,"185,223",4646573
32,-6,['Keira Knightley'],Tell Me If You Wanna Go Home,Begin Again - Music From And Inspired By The Original Motion Picture,"49,788",4743561
33,+11,['소녀시대-태티서 (Girls` Generation-TTS)'],Holler,The 2nd Mini Album `Holler`,"25,063",5383102
34,-24,['씨스타'],Touch My Body,TOUCH N MOVE,"63,064",4756304
35,New,['걸스데이'],보고싶어,보고싶어,"35,320",5413548
36,-14,['태양'],"눈, 코, 입",RISE,"164,285",4671151
37,-26,"['스윙스', '에일리']",A Real Man,"스윙스, 에일리 Digital Single `A Real Man`","45,887",4832150
38,-7,['Keira Knightley'],A Step You Can’t Take Back,Begin Again - Music From And Inspired By The Original Motion Picture,"45,114",4743571
39,New,['김동률'],고백,동행,"14,456",5400356
40,-27,['다비치'],괜찮아 사랑이야,괜찮아 사랑이야 OST Part 2,"65,872",4779294
41,+42,['Zion.T'],양화대교,양화대교,"172,990",5389475
42,+16,['WINNER'],끼부리지마,2014 S/S,"87,207",4806688
43,-25,['걸스데이'],Darling,GIRL`S DAY EVERYDAY #4,"61,838",4734486
44,New,"['임도혁', '장우람']",야생화,슈퍼스타K6 임도혁vs장우람,"9,160",5397393
45,-30,['레이디스 코드'],I`m Fine Thank You,CODE#02 PRETTY PRETTY,"144,286",4230004
46,New,['허각'],DAY N NIGHT (Feat. SIMON Dominic),DAY N NIGHT,"7,146",5402720
47,-30,['BOBBY'],L4L (Lookin` For Luv) (Feat. Dok2 & The Quiett),쇼미더머니3 BOBBY vs 올티,"42,139",4828024
48,-29,['San E'],Body Language (Feat. 범키),Body Language,"46,099",4785453
49,New,['김동률'],동행,동행,"38,509",5400365
50,-15,['Maroon 5'],Maps,Maps,"126,214",4688375
51,New,['김동률'],청춘 (Feat. 이상순),동행,"18,848",5400357
52,-9,['Adam Levine'],A Higher Place,Begin Again - Music From And Inspired By The Original Motion Picture,"34,600",4743565
53,New,['김태우'],너 하나만,내겐 너무 사랑스러운 그녀 OST Part.4,"11,301",5408662
54,-21,"['울랄라세션', '아이유']",애타는 마음,애타는 마음,"82,939",4711007
55,New,['에픽하이 (EPIK HIGH)'],또 싸워 (Feat. 윤하),신발장,"22,547",5421434
56,New,['에픽하이 (EPIK HIGH)'],RICH (Feat. 태양),신발장,"18,122",5421428
57,-16,['Keira Knightley'],Lost Stars,Begin Again - Music From And Inspired By The Original Motion Picture,"43,742",4743564
58,New,"['휘성 (Realslow)', '긱스 (Geeks)']",친구로 남아줄게,친구로 남아줄게,"8,109",5401393
59,-8,"['소유 (SOYOU)', '정기고']",썸 (Feat. 릴보이 Of 긱스),썸,"166,388",4433490
60,-22,['이선희'],그 중에 그대를 만나,15집 `SERENDIPITY` 30주년 기념앨범,"120,379",4544242
61,-9,['Keira Knightley'],Coming Up Roses,Begin Again - Music From And Inspired By The Original Motion Picture,"26,195",4743569
62,New,['서태지'],소격동,Quiet Night,"24,779",5408677
63,New,['윤하 (YOUNHA)'],내 마음이 뭐가 돼,내 마음이 뭐가 돼,"26,714",5402473
64,-30,['AOA'],단발머리 (Short Hair),단발머리,"50,380",4693165
65,New,['이적'],거짓말 거짓말 거짓말,고독의 의미,"98,736",4312955
66,-37,['첸 (CHEN)'],최고의 행운,괜찮아 사랑이야 OST Part 1,"115,355",4762446
67,-19,['에디킴'],너 사용법,너 사용법,"129,178",4586092
68,-43,['B.I'],BE I,쇼미더머니3 Part.1,"43,180",4800614
69,New,['서태지'],Christmalo.win,Quiet Night,"27,760",5414970
70,-47,['Crush'],잠 못드는 밤 (Feat. 펀치 (Punch)),괜찮아 사랑이야 OST Part 3,"73,556",4793898
71,New,"['윤민수(바이브)', '신용재']",제발,불후의 명곡 - 전설을 노래하다 (최강 듀엣 특집),"18,378",5408722
72,-9,['아이유'],금요일에 만나요 (Feat. 장이정 Of HISTORY),Modern Times - Epilogue,"215,257",4369827
73,New,['김동률'],Advice (Feat. 존박),동행,"14,490",5400359
74,-32,"['정인', '개리']",사람냄새,정인&개리 디지털 싱글 `사람냄새`,"101,130",4660909
75,-16,['Keira Knightley'],Like A Fool,Begin Again - Music From And Inspired By The Original Motion Picture,"33,926",4743566
76,-20,['플라이 투 더 스카이'],너를 너를 너를,CONTINUUM,"86,372",4639518
77,-45,['에일리'],잠시 안녕처럼,운명처럼 널 사랑해 OST Part.6,"32,051",4810612
78,New,['에픽하이 (EPIK HIGH)'],"부르즈 할리파 (Feat. 얀키, 개코)",신발장,"24,666",5421433
79,New,['바이브'],Because I Love You,MEMORIES,"11,983",5392777
80,New,['송지은'],예쁜 나이 25살,25 (스물 다섯),"21,253",5406933
81,-45,['소녀시대-태티서 (Girls` Generation-TTS)'],내가 네게 (Whisper),The 2nd Mini Album `Holler`,"27,207",5381331
82,New,['레이나 (Raina)'],장난인거 알아 (Feat. 칸토 Of 트로이),Raina The 1st Digital Single `Reset`,"8,441",5406903
83,-55,['현아'],빨개요,A Talk,"29,821",4771771
84,-13,['2PM'],미친거 아니야?,미친거 아니야?,"20,830",5375679
85,+7,['틴탑'],쉽지않아 (Missing),TEEN TOP EXITO,"20,241",4865030
86,-49,['BOBBY'],가,쇼미더머니3 Part.2,"39,243",4814576
87,New,['김동률'],내 마음은,동행,"12,319",5400362
88,-58,['WINNER'],컬러링,2014 S/S,"68,007",4806687
89,-40,['Maroon 5'],Animals,V (Deluxe Edition),"51,240",4857978
90,-45,['블락비 (Block B)'],JACKPOT,HER,"66,843",4591400
91,-71,['장범준'],어려운 여자,장범준 1집,"32,267",4821170
92,+3,['2BIC(투빅)'],요즘 바쁜가봐,Soul Mate (소울메이트),"58,409",4594680
93,New,['god'],바람,Thanks Edition `바람`,"20,023",5424619
94,-41,['울랄라세션'],Love Fiction,괜찮아 사랑이야 OST Vol.1,"40,727",4828190
95,New,['크리스탈 (KRYSTAL)'],울컥,내겐 너무 사랑스러운 그녀 OST Part.2,"16,114",5394280
96,-50,"['허각', '정은지']",이제 그만 싸우자,`A Cube` For Season # Sky Blue,"44,093",4723861
97,-43,['San E'],나 왜이래 (Feat. 강민희 Of 미스에스),너희들은 포위됐다 OST Part.1,"51,542",4665220
98,New,['에픽하이 (EPIK HIGH)'],AMOR FATI (Feat. 김종완 Of 넬),신발장,"18,617",5421435
99,New,['김동률'],퍼즐,동행,"6,149",5400361
100,New,['VIXX (빅스)'],Error,Error,"36,043",5408541
