﻿rank,rank_change,singer,title,album,like,song_code
1,New,['나얼'],기억의 빈자리,기억의 빈자리,"114,162",30757693
2,-1,['멜로망스'],선물,Moonlight,"288,465",30514366
3,+4,"['민서', '윤종신']",좋아,2017 월간 윤종신 11월호,"135,224",30729198
4,New,['Zion.T'],눈 (Feat. 이문세),눈,"94,323",30753021
5,+19,['Red Velvet (레드벨벳)'],피카부 (Peek-A-Boo),Perfect Velvet - The 2nd Album,"150,287",30736437
6,-2,['어반자카파'],"그때의 나, 그때의 우리","그때의 나, 그때의 우리","103,678",30709103
7,New,['TWICE (트와이스)'],Heart Shaker,Merry & Happy,"139,616",30781481
8,-3,['윤종신'],좋니,LISTEN 010 좋니,"326,753",30486509
9,+13,['펀치 (Punch)'],밤이 되니까,밤이 되니까,"175,362",30659630
10,+37,['문문 (MoonMoon)'],비행운,LIFE IS BEAUTY FULL,"201,282",30086173
11,-8,['TWICE (트와이스)'],LIKEY,twicetagram,"137,635",30700708
12,+3,['Wanna One (워너원)'],Beautiful,1-1=0 (NOTHING WITHOUT YOU),"238,187",30725482
13,-11,['에픽하이 (EPIK HIGH)'],연애소설 (Feat. 아이유),WE`VE DONE SOMETHING WONDERFUL,"144,024",30688500
14,-8,['비투비'],그리워하다,Brother Act.,"237,633",30672529
15,-7,['볼빨간사춘기'],썸 탈꺼야,Red Diary Page.1,"177,700",30657307
16,-3,['박원'],all of my life,0M,"212,891",30550388
17,-7,['우원재'],시차 (We Are) (Feat. 로꼬 & GRAY),시차 (We Are),"265,654",30613202
18,-7,['임창정'],그 사람을 아나요,그 사람을 아나요,"69,743",30688990
19,New,['Ariana Grande'],Santa Tell Me,Santa Tell Me,"146,277",5475060
20,New,['태연 (TAEYEON)'],This Christmas,This Christmas - Winter is Coming,"63,893",30784187
21,New,['종현 (JONGHYUN)'],Lonely (Feat. 태연),종현 소품집 `이야기 Op.2`,"209,973",30383758
22,+3,['길구봉구'],이 별,Star,"141,354",30637776
23,-4,['방탄소년단'],DNA,LOVE YOURSELF 承 `Her`,"359,651",30637982
24,+15,"['소유 (SOYOU)', '성시경']",뻔한 이별 (PROD. 13),RE:BORN,"49,169",30725643
25,-13,['볼빨간사춘기'],나의 사춘기에게,Red Diary Page.1,"214,356",30657311
26,New,['허각'],바보야,바보야,"66,239",30753213
27,-10,['선미'],가시나,SUNMI SPECIAL EDITION `가시나`,"154,568",30587846
28,-19,['에픽하이 (EPIK HIGH)'],빈차 (Feat. 오혁),WE`VE DONE SOMETHING WONDERFUL,"91,138",30688502
29,-8,['포맨'],눈 떠보니 이별이더라,REMEMBER ME,"94,808",30690674
30,-10,['헤이즈 (Heize)'],비도 오고 그래서 (Feat. 신용재),/// (너 먹구름 비),"241,349",30492279
31,-8,['Wanna One (워너원)'],에너제틱 (Energetic),1X1=1(TO BE ONE),"297,841",30568338
32,-6,['Ed Sheeran'],Shape of You,÷ (Deluxe),"275,773",30188113
33,-6,['아이유'],밤편지,밤편지,"352,397",30314784
34,-4,['에일리'],첫눈처럼 너에게 가겠다,도깨비 OST Part.9,"298,831",30190630
35,-0,['Wanna One (워너원)'],갖고 싶어,1-1=0 (NOTHING WITHOUT YOU),"131,032",30725483
36,-0,['EXID'],덜덜덜,Full Moon,"55,703",30713051
37,New,['Shawn Mendes'],There`s Nothing Holdin` Me Back,Illuminate (Deluxe),"157,769",30380953
38,-22,['볼빨간사춘기'],Blue,Red Diary Page.1,"119,108",30657308
39,-6,['방탄소년단'],봄날,YOU NEVER WALK ALONE,"459,261",30244931
40,+14,['박원'],노력,1/24,"159,524",30099927
41,-27,['에픽하이 (EPIK HIGH)'],"노땡큐 (Feat. MINO, 사이먼 도미닉, 더콰이엇)",WE`VE DONE SOMETHING WONDERFUL,"91,269",30688501
42,-24,['아이유'],가을 아침,꽃갈피 둘,"228,953",30636089
43,-15,['황치열'],매일 듣는 노래 (A Daily Song),Be Ordinary,"176,630",30467550
44,-12,['Red Velvet (레드벨벳)'],빨간 맛 (Red Flavor),The Red Summer - Summer Mini Album,"218,916",30512671
45,-11,['BLACKPINK'],마지막처럼,마지막처럼,"183,856",30481578
46,New,['아이유'],미리 메리 크리스마스 (Feat. 천둥 Of MBLAQ),Real,"117,481",3053259
47,New,['Camila Cabello'],Havana (Feat. Young Thug),Camila,"183,711",30567963
48,-17,['버즈'],사랑하지 않은 것처럼,`Be One` - Buzz The 1st Mini Album,"119,469",30550293
49,+6,['먼데이 키즈 (Monday Kiz)'],가을 안부,가을 안부,"144,538",30669593
50,New,"['성시경', '박효신', '이석훈', '서인국', 'VIXX (빅스)']",크리스마스니까,Jelly Christmas 2012 HEART PROJECT,"145,669",3973781
51,New,['장덕철'],그날처럼,그날처럼,"228,022",30755375
52,New,['이하이'],한숨,SEOULITE,"227,219",8086947
53,-16,"['볼빨간사춘기', '스무살']",남이 될 수 있을까,남이 될 수 있을까,"161,999",30468654
54,-13,['길구봉구'],바람이 불었으면 좋겠어,바람이 불었으면 좋겠어,"117,129",4383833
55,-17,['헤이즈 (Heize)'],널 너무 모르고,/// (너 먹구름 비),"137,970",30492276
56,-11,['엠씨더맥스'],어디에도,pathos,"197,387",8033528
57,-17,['방탄소년단'],고민보다 Go,LOVE YOURSELF 承 `Her`,"204,933",30637988
58,New,['DEAN'],instagram,instagram,"208,340",30806580
59,New,['지아'],바보에게 바보가,바보에게 바보가,"27,849",30777979
60,New,['현아'],Lip & Hip,Lip & Hip,"33,621",30767984
61,-13,['아이유'],팔레트 (Feat. G-DRAGON),Palette,"214,541",30378156
62,-16,['10CM'],폰서트,4.0,"135,243",30611680
63,-34,['아이유'],잠 못 드는 밤 비는 내리고,꽃갈피 둘,"114,674",30646585
64,-4,['Wanna One (워너원)'],Twilight,1-1=0 (NOTHING WITHOUT YOU),"105,164",30725484
65,-22,['볼빨간사춘기'],처음부터 너와 나,군주 - 가면의 주인 OST Part.2,"136,105",30414090
66,-14,['SURAN (수란)'],러브스토리 (Feat. 크러쉬),러브스토리 (Love Story),"58,883",30715020
67,-4,['WINNER'],REALLY REALLY,FATE NUMBER FOR,"220,673",30341745
68,-12,"['마크툽 (MAKTUB)', '구윤회']",Marry Me,마크툽 프로젝트 Vol.03,"172,878",4786735
69,-12,['SURAN (수란)'],오늘 취하면 (Feat. 창모) (Prod. SUGA),WINE,"196,742",30390068
70,-2,['방탄소년단'],MIC Drop,LOVE YOURSELF 承 `Her`,"196,435",30637987
71,+11,['멜로망스'],짙어져,Yellow OST Part.2,"82,495",30667988
72,-6,['EXO'],Ko Ko Bop,THE WAR - The 4th Album,"323,114",30529996
73,-11,['방탄소년단'],피 땀 눈물,WINGS,"275,937",30029173
74,+1,['The Chainsmokers'],Closer (Feat. Halsey),Collage EP,"194,848",8287788
75,-31,['김나영'],헤어질 수 밖에,헤어질 수 밖에,"44,450",30675647
76,-2,['Wanna One (워너원)'],Nothing Without You (Intro.),1-1=0 (NOTHING WITHOUT YOU),"95,731",30725481
77,-24,['지코 (ZICO)'],Artist,TELEVISION,"121,884",30519033
78,New,['Maroon 5'],What Lovers Do (Feat. SZA),Red Pill Blues (Deluxe Edition),"71,304",30608019
79,New,['Sia'],Snowman,Everyday Is Christmas (Deluxe),"122,088",30717645
80,-21,['방탄소년단'],Best Of Me,LOVE YOURSELF 承 `Her`,"183,255",30637983
81,-32,['Wanna One (워너원)'],활활 (Burn It Up),1X1=1(TO BE ONE),"163,827",30568337
82,New,['벤'],갈 수가 없어,이번 생은 처음이라 OST Part.8,"45,106",30739853
83,-33,['뉴이스트 W'],WHERE YOU AT,"W, HERE","94,715",30661885
84,-23,['뉴이스트'],여보세요,THE SECOND MINI ALBUM `여보세요`,"131,156",4032981
85,-21,['G-DRAGON'],"무제(無題) (Untitled, 2014)",권지용,"186,719",30461396
86,-6,['EXO'],Power,The Power of Music - The 4th Album Repackage,"183,928",30616684
87,New,['방탄소년단'],MIC Drop (Steve Aoki Remix) (Feat. Desiigner),MIC Drop (Steve Aoki Remix) (Feat. Desiigner),"93,872",30751158
88,-21,['뉴이스트 W'],있다면,NU`EST W `있다면`,"121,560",30543235
89,New,['헤이즈 (Heize)'],좋았을걸,슬기로운 감빵생활 OST Part.5,"30,871",30784303
90,New,['Mariah Carey'],All I Want For Christmas Is You,Merry Christmas (Deluxe Anniversary Edition),"128,874",14776
91,-20,['세븐틴'],박수,"SEVENTEEN 2ND ALBUM `TEEN, AGE`","75,245",30712793
92,-1,['Wanna One (워너원)'],To Be One (Outro.),1-1=0 (NOTHING WITHOUT YOU),"72,741",30725490
93,New,['한동근'],안 될 사랑,이별할 사람들,"15,687",30767759
94,New,['종현 (JONGHYUN)'],하루의 끝 (End of a day),종현 소품집 `이야기 Op.1`,"117,239",7857091
95,New,"['케이윌', '소유 (SOYOU)', '보이프렌드', '몬스타엑스', '우주소녀', '매드클라운', '정기고', '#Gun', '유승우', '브라더수', '마인드유', '듀에토 (백인태, 유슬기)', '정세운', '이광현']",크리스마스데이 (Christmas Day),STARSHIP PLANET 2017 (스타쉽플래닛),"20,241",30769470
96,-45,['윤종신'],너를 찾아서,건반 위의 하이에나,"32,205",30660699
97,-28,['블락비 (Block B)'],Shall We Dance,MONTAGE,"34,853",30714007
98,-56,['성시경'],나의 밤 나의 너,나의 밤 나의 너,"34,147",30698332
99,New,['소유 (SOYOU)'],기우는 밤 (Feat. 긱스) (PROD. 프라이머리),RE:BORN,"15,552",30786674
100,New,['TWICE (트와이스)'],Merry & Happy,Merry & Happy,"41,721",30781482
