﻿rank,rank_change,singer,title,album,like,song_code
1,New,['아이유'],좋은 날,Real,"105,845",3051244
2,+73,['브라운 아이드 소울'],똑같다면,Browneyed Soul,"30,515",3037107
3,+17,['백지영'],그여자,시크릿 가든 OST Part.1,"19,971",3018898
4,New,['씨스타'],니까짓게,니까짓게,"10,330",3037051
5,+66,['티아라'],왜 이러니,왜 이러니,"8,606",3037048
6,+20,"['태연 (TAEYEON)', 'The One (더원)']",별처럼,별처럼,"40,469",3028777
7,-6,['허각'],언제나,언제나,"20,546",3006873
8,+5,['카라'],점핑 (Jumping),점핑,"8,709",3013948
9,New,['티아라'],yayaya,Vol.2 Temptastic,"5,155",3043748
10,-8,['2AM'],전활 받지 않는 너에게,Saint o`clock,"22,513",2979880
11,-8,['소녀시대 (GIRLS` GENERATION)'],훗 (Hoot),`훗 (Hoot)` The 3rd Mini Album,"15,621",2987448
12,New,['지아'],몇 월 며칠 몇 시 (Feat. 마이티 마우스),겨울에 내리는 눈물,"3,613",3041356
13,New,['신용재'],이유,시크릿 가든 OST Part.3,"31,393",3040227
14,+31,['오렌지 캬라멜'],아잉♡,아잉♡,"11,392",3025148
15,+7,['비스트'],Beautiful,Lights Go On Again,"26,121",3014305
16,+34,['허각'],하늘을 달리다,허각 1st 미니앨범,"13,331",3026177
17,-10,"['Supreme Team', '영준 (브라운 아이드 소울)']",그땐 그땐 그땐,Ames Room,"79,598",2951700
18,New,['아이유'],미리 메리 크리스마스 (Feat. 천둥 Of MBLAQ),Real,"117,478",3053259
19,+47,['김범수'],나타나,시크릿 가든 OST Part.2,"12,052",3030884
20,-15,['싸이 (PSY)'],Right Now,PSYFIVE,"16,883",2979490
21,New,['애프터스쿨'],Love Love Love,Happy Pledis 1st Album,"3,574",3051494
22,-18,['강승윤'],본능적으로 (Feat. Swings),슈퍼스타K 2 Top11 Part.3,"29,787",2967751
23,New,['이기찬'],러브 (L.O.V.E) (Feat.슈프림팀),L.O.V.E,906,3047397
24,New,"['거미', '바비 킴']",러브 레시피,러브 레시피,"31,195",3037049
25,New,['윤하 (YOUNHA)'],내 남자친구를 부탁해,Lost In Love,"20,472",3053852
26,New,"['박칼린', '임정희']",아름다운 널,아름다운 널,458,3052305
27,New,['GD&TOP'],High High,GD&TOP 정규앨범 1집,"25,932",3065249
28,New,['박효신'],사랑이 고프다 (I Promise You),Gift (Part.2),"24,695",3059678
29,New,['태연 (TAEYEON)'],사랑해요 (I Love You),`사랑해요` 아테나 OST,"27,701",3059926
30,+43,['허각'],행복한 나를 (Feat. 존박),허각 1st 미니앨범,"38,334",3026178
31,New,['GD&TOP'],Oh Yeah (Feat. 박봄),GD&TOP 정규앨범 1집,"25,609",3065250
32,-24,['2AM'],미친 듯이,Saint o`clock,"3,484",2979881
33,-27,['장재인'],가로수 그늘 아래 서면,슈퍼스타K 2 Top11 Part.4,"14,103",2989873
34,-6,['디셈버'],눈부신 눈물,A Story To The Sky,"21,013",2998356
35,+59,['가비엔제이'],전화 좀 받어,Glossy,"1,339",3035370
36,New,['아이유'],이게 아닌데,Real,"30,692",3053253
37,New,"['포맨', '미(MIIII)']",Here I Am,시크릿 가든 OST Part.1,"2,990",3018899
38,New,['JYP Nation'],This Christmas,This Christmas,"2,098",3043153
39,-29,['거미'],죽어도 사랑해,대물 OST Part.1,"5,899",2954935
40,-29,['SG 워너비'],해바라기,SG Wannabe 7 Part.1,"18,827",2974750
41,-23,['2NE1'],아파 (Slow),To Anyone,"34,322",2930971
42,-33,['미쓰에이'],Breathe,Step Up,"7,613",2948449
43,New,['S.M. The Ballad `제규종지`'],너무 그리워 (Miss You),`너무 그리워` S.M. The Ballad Vol.1,"3,735",3040684
44,+18,['김지수'],널 지우는 일,널 지우는 일,"1,622",3035311
45,New,['서인영'],리듬속으로,Ellythm,771,3052734
46,New,['아이유'],첫 이별 그날 밤,Real,"78,619",3053257
47,New,['엠씨더맥스'],사랑합니다 (Feat. 부활),사랑합니다,"6,169",3036426
48,New,['아이유'],느리게 하는 일,Real,"38,898",3053254
49,-25,['레인보우'],Mach,Mach,"8,379",2978062
50,-35,['2NE1'],Go Away,To Anyone,"37,024",2930968
51,New,['백지영'],그남자,시크릿 가든 OST Part.2,"1,585",3030886
52,New,"['성시경', '박효신', '서인국', '브라이언', '리사', '박학기', '김형중', '견우']",Christmas Time,Jelly Christmas,"18,947",3051202
53,New,['브라운 아이드 소울'],내려놔요,`내려놔요` 아테나 OST,"9,289",3060753
54,-37,"['지아', '포맨']","울고, 불고…","울고, 불고...","16,065",2972778
55,New,['아이유'],혼자 있는 방,Real,"30,065",3053258
56,-42,['2PM'],I`ll Be Back,Still 2:00pm,"4,906",2962948
57,New,['조문근'],너라는 걸,길 잃은 고양이,"7,435",3035482
58,-35,['2NE1'],Can`t Nobody,To Anyone,"18,386",2930967
59,-47,['가인'],돌이킬 수 없는,Step 2/4,"11,913",2960448
60,-3,['김보경 (NEON)'],Because Of You,Because Of You,"4,298",3026090
61,-42,['비스트'],숨,Mastermind,"23,474",2948248
62,New,['길미'],바보처럼 왜이래 (Feat. 나윤권),The 4th Purple Dream Sound,"1,590",3058057
63,-36,"['성시경', '아이유']",그대네요,그대네요,"72,527",2949854
64,New,['린'],사랑의 눈보라,Winter`s Melody,"2,346",3041500
65,-49,['존박'],빗속에서,슈퍼스타K 2 Top11 Part.5,"11,638",3000984
66,New,['슬기'],어떻게 한번을 안 마주치니,어떻게 한번을 안 마주치니,"3,684",3035029
67,New,['브라운 아이드 소울'],With Chocolate,Browneyed Soul,"6,402",3037255
68,New,['럼블피쉬'],OK 끝내 (Feat. 조PD),OK 끝내 (With 조PD),330,3051568
69,New,['미(MIIII)'],못해,시크릿 가든 OST Part.2,"2,999",3030885
70,-39,['싸이 (PSY)'],내 눈에는 (Feat. 이재훈),내 눈에는,"9,627",2963061
71,New,['왁스'],술이 웬수야,Fall In...,634,3053948
72,New,"['강민경 (다비치)', '손동운']",우동,우동,"4,242",3068448
73,New,['언터쳐블'],난리 브루스 (Feat. Vasco),Who`s Hot,"1,853",3046249
74,-49,['포맨'],미안해 (Feat. 美),Sorry,"6,228",2994361
75,New,['존박'],I`m Your Man,I`m Your Man,"5,805",3069471
76,-21,['버즈'],여자가 싫다 (Feat. Venny),fuzz . buzz,"2,304",3023048
77,-56,['J.Lee'],헤어지는 일 (Feat. 리쌍),헤어지는 일,"1,132",2988848
78,-34,"['지나', '현아']",Say You Love Me,Together Forever Vol.1,"1,992",3016180
79,New,['Bois'],상처만,시크릿 가든 OST Part.3,"3,646",3040228
80,New,['테이'],그대를 사랑해,그대를 사랑해,243,3036170
81,New,"['김연아', '씨스타', '일렉트로보이즈']",Super Girl,슈퍼 걸,"1,507",3052330
82,New,['길미'],우리 사랑 이대로,욕망의 불꽃 OST Vol.2,537,3039661
83,New,['버벌진트'],약속해 약속해 (Feat. G.NA),Go Easy 0.5,"8,363",3039728
84,New,['가인'],Bad Temper,Bad Temper,"5,000",3072169
85,New,['팀'],남자답지 못한 말,New Beginnings,"2,642",3038403
86,New,['김진표'],이별 뒤에 해야 할 몇 가지 (Feat. 레이디제인),이별 뒤에 해야 할 몇 가지,"4,693",3064748
87,New,['박지헌'],마지막 사랑,마지막 사랑,374,3060994
88,New,['윤상현'],바라본다,시크릿 가든 OST Part.1,"2,454",3018900
89,New,['Black Eyed Peas'],The Time (Dirty Bit),The Time (Dirty Bit),"5,586",3007361
90,-50,['V.O.S'],내겐 네가 흘러서..,추억,691,3016077
91,-62,['다비치'],두 번 헤어지는 일,신승훈 20th Anniversary With 다비치,"8,072",2960543
92,-60,['미스에스'],Promise U (Feat. 정슬기),Pro. Miss. U,"2,022",2983513
93,New,['모세'],I`m Sorry (Feat. 미스에스 태혜영),I`m Sorry,141,3052367
94,-64,['임정희'],진짜일 리 없어,진짜일 리 없어,"11,476",2951631
95,-27,['Kelly Clarkson'],Because Of You,Because Of You (Remixes),"28,950",2183857
96,-55,"['Supreme Team', '영준 (브라운 아이드 소울)']",왜,왜,"19,916",2924048
97,-59,['2NE1'],박수쳐,To Anyone,"8,766",2930969
98,-2,['박보람'],세월이 가면,슈퍼스타K2 Up To 11,"21,782",3013119
99,New,['SUPER JUNIOR (슈퍼주니어)'],입술을 깨물고,프레지던트 OST Part.1,"1,082",3063878
100,New,['비스트'],Loving U,몽땅 내사랑 OST Part.1,"11,070",3046260
