﻿rank,rank_change,singer,title,album,like,song_code
1,+79,['우디 (Woody)'],이 노래가 클럽에서 나온다면,이 노래가 클럽에서 나온다면,"113,505",31576009
2,-1,['엠씨더맥스'],넘쳐흘러,Circular,"143,525",31532643
3,-1,['청하'],벌써 12시,벌써 12시,"152,149",31532438
4,+25,['이소라'],신청곡 (Feat. SUGA of BTS),신청곡 (Feat. SUGA of BTS),"185,421",31571110
5,New,['화사(Hwa Sa)'],멍청이(twit),멍청이(twit),"118,077",31608765
6,+6,['폴킴'],초록빛,초록빛,"117,323",31565593
7,+6,"['Jvcki Wai', '양홍원', 'Osshun Gum', '한요한']",띵 (Prod. By 기리보이),Dingo X Indigo Music,"120,380",31554317
8,-4,['하은'],신용재,신용재,"124,876",31406357
9,+6,['윤건'],너도 그냥 날 놓아주면 돼,너도 그냥 날 놓아주면 돼,"112,745",31455159
10,-7,['벤'],180도,180˚,"154,605",31477685
11,-4,['폴킴'],너를 만나,너를 만나,"249,511",31388145
12,New,['ITZY (있지)'],달라달라,IT`z Different,"138,064",31606729
13,-8,['제니 (JENNIE)'],SOLO,SOLO,"181,044",31417871
14,-5,['폴킴'],"모든 날, 모든 순간 (Every day, Every Moment)",`키스 먼저 할까요?` OST Part.3,"318,708",30962526
15,-9,['MINO (송민호)'],아낙네,XX,"169,850",31448480
16,+55,['케이시 (Kassy)'],그때가 좋았어,그때가 좋았어,"191,840",31524320
17,-6,['케이윌'],내 생에 아름다운,뷰티 인사이드 OST Part.4,"133,010",31373277
18,-8,['TWICE (트와이스)'],YES or YES,YES or YES,"142,347",31403163
19,-11,['WINNER'],MILLIONS,MILLIONS,"137,279",31506637
20,New,['로꼬'],오랜만이야 (Feat. Zion.T),HELLO,"39,886",31597981
21,+1,['숀 (SHAUN)'],Way Back Home,Take,"285,361",31151836
22,-1,['임한별'],이별하러 가는 길,이별하러 가는 길,"118,135",31304766
23,-7,['바이브'],가을 타나 봐,가을 타나 봐,"132,573",31314144
24,-5,['허각'],흔한 이별,흔한 이별,"67,153",31453551
25,-7,['아이유'],삐삐,삐삐,"241,408",31346009
26,+2,['Ariana Grande'],"thank u, next","thank u, next","136,966",31402611
27,-7,['양다일'],고백,고백,"128,453",31356458
28,-14,['EXO'],Love Shot,LOVE SHOT - The 5th Album Repackage,"166,194",31492319
29,New,['엔플라잉 (N.Flying)'],옥탑방 (Rooftop),FLY HIGH PROJECT #2 `옥탑방`,"228,620",31532656
30,-3,['방탄소년단'],IDOL,LOVE YOURSELF 結 `Answer`,"285,935",31266290
31,-5,['벤'],열애중,RECIPE,"171,760",31062863
32,+26,['여자친구 (GFRIEND)'],해야 (Sunrise),여자친구 The 2nd Album `Time for us`,"60,236",31556500
33,-8,['임창정'],하루도 그대를 사랑하지 않은 적이 없었다,하루도 그대를 사랑하지 않은 적이 없었다,"149,555",31316695
34,-3,['엠씨더맥스'],사계 (하루살이),Circular,"102,152",31532642
35,New,['Ariana Grande'],7 rings,7 rings,"97,752",31567235
36,New,['세븐틴'],Home,SEVENTEEN 6TH MINI ALBUM `YOU MADE MY DAWN`,"83,225",31570736
37,-14,['비투비'],아름답고도 아프구나,HOUR MOMENT,"149,025",31417922
38,-6,['닐로(Nilo)'],지나오다,About You,"218,050",30699142
39,+18,['하진'],We all lie,SKY 캐슬 OST Part.4,"78,643",31486544
40,-10,"['pH-1', 'Kid Milli', '루피(Loopy)']",Good Day (Feat. 팔로알토) (Prod. 코드 쿤스트),쇼미더머니 777 Episode 1,"154,791",31340985
41,-24,['헤이즈 (Heize)'],첫눈에,첫눈에,"65,317",31495659
42,-18,['EXO'],Tempo,DON`T MESS UP MY TEMPO - The 5th Album,"186,564",31399721
43,-3,['노을'],너는 어땠을까,별,"87,019",31403156
44,+3,['방탄소년단'],봄날,YOU NEVER WALK ALONE,"459,265",30244931
45,-10,['BLACKPINK'],뚜두뚜두 (DDU-DU DDU-DU),SQUARE UP,"211,587",31131273
46,-4,['양다일'],미안해,inside,"166,030",30809895
47,-14,['장덕철'],알았다면,알았다면,"42,836",31510409
48,-14,['Apink (에이핑크)'],%%(응응),PERCENT,"42,007",31542508
49,-1,['폴킴'],비,비,"241,281",8235260
50,-11,['방탄소년단'],FAKE LOVE,LOVE YOURSELF 轉 `Tear`,"296,567",31085237
51,-5,['아이유'],밤편지,밤편지,"352,400",30314784
52,-14,['IZ*ONE (아이즈원)'],라비앙로즈 (La Vie en Rose),COLOR*IZ,"106,144",31388213
53,-8,['펀치 (Punch)'],헤어지는 중,헤어지는 중,"113,101",31302310
54,-3,['TWICE (트와이스)'],Dance The Night Away,Summer Nights,"157,718",31175119
55,-12,['로이킴'],우리 그만하자,우리 그만하자,"122,365",31314142
56,-1,"['기리보이', 'Kid Milli', 'NO:EL', '스윙스']",flex (Prod. By 기리보이),Dingo X Indigo Music,"145,556",31219546
57,-4,['오반'],행복,행복,"89,783",31470006
58,-9,['로꼬'],시간이 들겠지 (Feat. Colde),시간이 들겠지,"116,371",31344113
59,-0,['방탄소년단'],DNA,LOVE YOURSELF 承 `Her`,"359,651",30637982
60,-8,['먼데이 키즈 (Monday Kiz)'],가을 안부,가을 안부,"144,538",30669593
61,-17,['선미'],사이렌 (Siren),WARNING,"119,544",31286161
62,-26,['Wanna One (워너원)'],봄바람,1¹¹=1 (POWER OF DESTINY),"141,255",31433084
63,-9,['비투비'],너 없인 안 된다,THIS IS US,"168,985",31133898
64,-4,['비투비'],그리워하다,Brother Act.,"237,632",30672529
65,-28,['숀 (SHAUN)'],습관 (Bad Habits),안녕,"36,492",31526249
66,-5,['방탄소년단'],I`m Fine,LOVE YOURSELF 結 `Answer`,"192,327",31266289
67,-17,"['저스디스 (JUSTHIS)', 'Kid Milli', 'NO:EL', '양홍원']",IndiGO,IM,"111,291",31144690
68,New,['이석훈'],사랑하지 말아요 (Prod. 로코베리),사랑하지 말아요 (Prod. 로코베리),"21,575",31579864
69,+6,['방탄소년단'],Answer : Love Myself,LOVE YOURSELF 結 `Answer`,"179,276",31266291
70,-2,['방탄소년단'],Euphoria,LOVE YOURSELF 結 `Answer`,"189,392",31266282
71,New,['하성운'],잊지마요 (Feat. 박지훈),잊지마요,"67,596",31584299
72,+1,['Wanna One (워너원)'],에너제틱 (Energetic),1X1=1(TO BE ONE),"297,841",30568338
73,New,['수퍼비'],Heu ! (Full Ver.),Heu ! (Full Ver.),"44,922",31575356
74,+3,['방탄소년단'],전하지 못한 진심 (Feat. Steve Aoki),LOVE YOURSELF 轉 `Tear`,"227,713",31085238
75,New,['세븐틴'],아주 NICE,Love&Letter Repackage Album,"112,771",8252573
76,-35,['Queen'],Bohemian Rhapsody (2011 Remaster),Greatest Hits (2011 Remaster),"102,544",3087601
77,New,['세븐틴'],어쩌나,SEVENTEEN 5TH MINI ALBUM `YOU MAKE MY DAY`,"90,319",31189085
78,New,['임한별'],사랑 이딴 거,사랑 이딴 거,"27,993",31573334
79,-9,['iKON'],사랑을 했다 (LOVE SCENARIO),Return,"289,898",30859584
80,New,['세븐틴'],Good to Me,SEVENTEEN 6TH MINI ALBUM `YOU MADE MY DAWN`,"40,445",31570735
81,-19,['로이킴'],그때 헤어지면 돼,그때 헤어지면 돼,"191,619",30884950
82,New,['첸 (CHEN)'],Make it count,진심이 닿다 OST Part.1,"54,244",31597986
83,New,"['박우진 (AB6IX)', '이대휘 (AB6IX)']",Candle (Prod. By 이대휘),Candle,"55,611",31587510
84,New,['헤이즈 (Heize)'],오롯이,오롯이,"29,180",31612093
85,-3,['Wanna One (워너원)'],Beautiful,1-1=0 (NOTHING WITHOUT YOU),"238,187",30725482
86,New,['세븐틴'],숨이 차,SEVENTEEN 6TH MINI ALBUM `YOU MADE MY DAWN`,"36,308",31570740
87,+2,['방탄소년단'],Epiphany,LOVE YOURSELF 結 `Answer`,"149,667",31266288
88,+3,['장덕철'],그날처럼,그날처럼,"228,023",30755375
89,-13,['god'],"길 (Song by 아이유, 헨리, 조현아, 양다일)",THEN & NOW,"42,039",31551385
90,+3,['방탄소년단'],Anpanman,LOVE YOURSELF 轉 `Tear`,"169,020",31085244
91,-1,['볼빨간사춘기'],여행,Red Diary Page.2,"228,707",31093710
92,-23,['EXO'],트라우마 (Trauma),LOVE SHOT - The 5th Album Repackage,"74,778",31492321
93,New,['세븐틴'],A-TEEN,A-TEEN Part.3,"98,223",31244486
94,New,['세븐틴'],포옹,SEVENTEEN 6TH MINI ALBUM `YOU MADE MY DAWN`,"37,551",31570737
95,New,"['로꼬', '화사(Hwa Sa)']",주지마,건반 위의 하이에나 Part.4,"176,149",31035061
96,-0,['멜로망스'],선물,Moonlight,"288,466",30514366
97,-23,['EXO'],Wait,LOVE SHOT - The 5th Album Repackage,"76,863",31492322
98,-26,['EXO'],Gravity,DON`T MESS UP MY TEMPO - The 5th Album,"99,799",31399726
99,-20,['EXO'],닿은 순간 (Ooh La La La),DON`T MESS UP MY TEMPO - The 5th Album,"95,683",31399725
100,-12,['에일리'],첫눈처럼 너에게 가겠다,도깨비 OST Part.9,"298,833",30190630
