﻿rank,rank_change,singer,title,album,like,song_code
1,-0,['아이유'],좋은 날,Real,"105,845",3051244
2,+29,['GD&TOP'],Oh Yeah (Feat. 박봄),GD&TOP 정규앨범 1집,"25,609",3065250
3,+24,['GD&TOP'],High High,GD&TOP 정규앨범 1집,"25,932",3065249
4,New,['현빈'],그남자,시크릿 가든 OST Part.5,"16,810",3096032
5,-1,['씨스타'],니까짓게,니까짓게,"10,330",3037051
6,New,['성시경'],너는 나의 봄이다,시크릿 가든 OST Part.4,"30,314",3079872
7,-4,['백지영'],그여자,시크릿 가든 OST Part.1,"19,971",3018898
8,New,['시크릿'],샤이보이,샤이보이,"13,356",3089448
9,+19,['박효신'],사랑이 고프다 (I Promise You),Gift (Part.2),"24,695",3059678
10,+19,['태연 (TAEYEON)'],사랑해요 (I Love You),`사랑해요` 아테나 OST,"27,701",3059926
11,New,['JOO'],나쁜 남자,Heartmade,"16,142",3089992
12,New,['GD&TOP'],뻑이가요,GD&TOP 정규앨범 1집,"12,228",3065253
13,-8,['티아라'],왜 이러니,왜 이러니,"8,606",3037048
14,-5,['티아라'],yayaya,Vol.2 Temptastic,"5,155",3043748
15,New,"['제아', '지오 (G.O)']",니가 따끔거려서,니가 따끔거려서,"4,181",3081554
16,New,['아이유'],Someday,드림하이 OST Part.1,"21,502",3088249
17,New,['지아'],가지 말아요,겨울에 내리는 눈물,"1,850",3076363
18,New,['동방신기 (TVXQ!)'],왜 (Keep Your Head Down),왜 (Keep Your Head Down),"11,806",3089348
19,-6,['신용재'],이유,시크릿 가든 OST Part.3,"31,393",3040227
20,-18,['브라운 아이드 소울'],똑같다면,Browneyed Soul,"30,515",3037107
21,-15,"['태연 (TAEYEON)', 'The One (더원)']",별처럼,별처럼,"40,469",3028777
22,+15,"['포맨', '미(MIIII)']",Here I Am,시크릿 가든 OST Part.1,"2,990",3018899
23,+13,['아이유'],이게 아닌데,Real,"30,692",3053253
24,New,['정용화 (CNBLUE)'],처음 사랑하는 연인들을 위해 (반말송),처음 사랑하는 연인들을 위해 (부제: 반말송),"28,575",3106066
25,+59,['가인'],Bad Temper,Bad Temper,"5,000",3072169
26,-18,['카라'],점핑 (Jumping),점핑,"8,709",3013948
27,New,['GD&TOP'],집에 가지마,GD&TOP 정규앨범 1집,"27,968",3065251
28,-17,['소녀시대 (GIRLS` GENERATION)'],훗 (Hoot),`훗 (Hoot)` The 3rd Mini Album,"15,621",2987448
29,-22,['허각'],언제나,언제나,"20,546",3006873
30,-0,['허각'],행복한 나를 (Feat. 존박),허각 1st 미니앨범,"38,334",3026178
31,-13,['아이유'],미리 메리 크리스마스 (Feat. 천둥 Of MBLAQ),Real,"117,478",3053259
32,-18,['오렌지 캬라멜'],아잉♡,아잉♡,"11,392",3025148
33,New,['오스카'],눈물자리,시크릿 가든 오스카 싱글 OST,"4,845",3106048
34,-19,['비스트'],Beautiful,Lights Go On Again,"26,121",3014305
35,-16,['김범수'],나타나,시크릿 가든 OST Part.2,"12,052",3030884
36,-26,['2AM'],전활 받지 않는 너에게,Saint o`clock,"22,513",2979880
37,-20,"['Supreme Team', '영준 (브라운 아이드 소울)']",그땐 그땐 그땐,Ames Room,"79,598",2951700
38,New,"['윤두준', '손동운']",문이 닫히면,My Story,"16,837",3074848
39,New,['선예 (Wonder Girls)'],Maybe,드림하이 OST Part.2,"10,724",3098048
40,New,"['포맨', '미(MIIII)']",뭐해?,2010 YWHO Winter Serenade,"5,430",3074489
41,-7,['디셈버'],눈부신 눈물,A Story To The Sky,"21,013",2998356
42,New,"['김지수', '박보람']",같이 살자,야차 Meets 슈퍼스타K2,"9,218",3078751
43,-27,['허각'],하늘을 달리다,허각 1st 미니앨범,"13,331",3026177
44,New,['달샤벳'],Supa Dupa Diva,Supa Dupa Diva,"7,774",3087888
45,New,['가비엔제이'],라떼 한잔 (Feat.길미),라떼 한잔,"1,534",3101348
46,-25,['애프터스쿨'],Love Love Love,Happy Pledis 1st Album,"3,574",3051494
47,+6,['브라운 아이드 소울'],내려놔요,`내려놔요` 아테나 OST,"9,289",3060753
48,-2,['아이유'],첫 이별 그날 밤,Real,"78,619",3053257
49,-24,['윤하 (YOUNHA)'],내 남자친구를 부탁해,Lost In Love,"20,472",3053852
50,New,"['환희', '메이다니 (MAYDONI)']",남남,남남,829,3083959
51,New,['엠블랙'],Stay,BLAQ Style,"2,563",3099149
52,New,['먼데이 키즈 (Monday Kiz)'],사랑해 그리고 기억해,Nostalgia,"4,736",3092649
53,-29,"['거미', '바비 킴']",러브 레시피,러브 레시피,"31,195",3037049
54,New,['승리'],어쩌라고,승리 1st Mini Album V.V.I.P,"6,983",3107348
55,New,['케이윌'],기가 차 (Feat. 슈프림팀 ＆ 씨스타),기가 차,"4,239",3116963
56,New,['J.Lee'],사랑을 믿어요,사랑을 믿어요 OST Part.1,"2,816",3094980
57,-12,['서인영'],리듬속으로,Ellythm,771,3052734
58,New,['H-유진'],사랑경보 II (Feat. 소향 Of Pos),사랑경보 II,923,3078348
59,New,['엠블랙'],Cry,BLAQ Style,"2,048",3089449
60,-48,['지아'],몇 월 며칠 몇 시 (Feat. 마이티 마우스),겨울에 내리는 눈물,"3,613",3041356
61,New,['양파'],Can You Hear Me?,천국의 눈물 (Tears Of Heaven) (한국어 Ver.) OST,521,3087596
62,New,['나비'],잘 된 일이야,Hello,"33,052",3110148
63,New,['장재인'],Please,`Please` 아테나 OST,"1,747",3068875
64,-44,['싸이 (PSY)'],Right Now,PSYFIVE,"16,883",2979490
65,New,['베이지'],술을 못해요,술을 못해요,"1,450",3099458
66,-18,['아이유'],느리게 하는 일,Real,"38,898",3053254
67,-45,['강승윤'],본능적으로 (Feat. Swings),슈퍼스타K 2 Top11 Part.3,"29,787",2967751
68,New,['부활'],비밀 (Special Vocal. 박완규),부활 Collaboration Project `+ (plus)` / +1,"20,935",3108907
69,New,['지나'],처음 뵙겠습니다 (With 휘성),처음 뵙겠습니다 (With 휘성),"11,051",3100800
70,New,['수지 (SUZY)'],겨울아이,드림하이 OST Part.4,"9,105",3114672
71,New,['마이티 마우스'],톡톡 (Tok Tok) (Feat. SOYA),Mighty Fresh,"16,623",3110565
72,New,['지나'],Black & White,Black & White,"13,964",3111583
73,New,['서영은'],우리 사랑이 뭐 이래요,우리 사랑이 뭐 이래요,"1,437",3105862
74,New,"['택연', '장우영', '수지 (SUZY)', '김수현', 'JOO']",드림하이,드림하이 OST Part.1,"15,682",3088248
75,-49,"['박칼린', '임정희']",아름다운 널,아름다운 널,458,3052305
76,New,['이영현'],사랑은 언제나 목마르다,김형석 With 이영현 (빅마마),"1,868",3078387
77,New,['언터쳐블'],단 한 사람 (Feat. Mellow),Untouchable Mini Album 3rd,813,3085814
78,New,['린'],늦은 후회,김형석 With 린 (LYn),"8,527",3093253
79,New,['비스트'],너 때문인걸,마이 프린세스 OST Part.1,"13,399",3092749
80,New,['GD&TOP'],Baby Good Night,GD&TOP 정규앨범 1집,"19,977",3065252
81,New,"['Yolanda Be Cool', 'Dcup']",We No Speak Americano (Radio Edit) (SKT T월드 CF 삽입곡),We No Speak Americano,"10,194",2944372
82,New,['신용재'],독고다이,프레지던트 OST Part.3,"1,322",3091570
83,-8,['존박'],I`m Your Man,I`m Your Man,"5,805",3069471
84,New,['씨야'],내겐 너무 멋진 그대,See You Again,"5,776",3118474
85,New,"['예성 (YESUNG)', '루나 (LUNA)']",너를 사랑하고,프레지던트 OST Part.2,"2,281",3085754
86,New,['인피니트'],BTD (Before The Dawn),Evolution,"27,792",3093260
87,New,['틴탑'],Supa Luv,Transform,"6,224",3098215
88,New,['동방신기 (TVXQ!)'],아테나 (ATHENA),`ATHENA` 아테나 OST,"1,475",3070948
89,-38,['백지영'],그남자,시크릿 가든 OST Part.2,"1,585",3030886
90,New,['소녀시대 (GIRLS` GENERATION)'],비주얼드림 (POP! POP!) - Intel 콜라보레이션송,비주얼 드림 (POP! POP!) - Intel 콜라보레이션,"2,238",3110248
91,-36,['아이유'],혼자 있는 방,Real,"30,065",3053258
92,-60,['2AM'],미친 듯이,Saint o`clock,"3,484",2979881
93,-70,['이기찬'],러브 (L.O.V.E) (Feat.슈프림팀),L.O.V.E,906,3047397
94,-53,['2NE1'],아파 (Slow),To Anyone,"34,322",2930971
95,-7,['윤상현'],바라본다,시크릿 가든 OST Part.1,"2,454",3018900
96,-63,['장재인'],가로수 그늘 아래 서면,슈퍼스타K 2 Top11 Part.4,"14,103",2989873
97,New,['R. Kelly'],Love Letter,Love Letter,"7,259",3069949
98,New,['Supreme Team'],Get Ready,`Get Ready` 아테나 OST,"1,639",3089991
99,-20,['Bois'],상처만,시크릿 가든 OST Part.3,"3,646",3040228
100,New,['김보경 (NEON)'],하루하루,The First Day,"20,299",3118780
