﻿rank,rank_change,singer,title,album,like,song_code
1,+4,['혁오 (HYUKOH)'],위잉위잉,20,"174,601",5385974
2,New,['BIGBANG'],우리 사랑하지 말아요,E,"109,203",5807274
3,New,"['Ja Mezz', 'Andup (앤덥)', 'MINO (송민호)']",거북선 (Feat. 팔로알토),쇼미더머니 4 Episode 2,"79,167",5804040
4,New,['BIGBANG'],쩔어 (GD & T.O.P),E,"74,561",5807273
5,+9,['Zion.T'],양화대교,양화대교,"172,990",5389475
6,New,['원더걸스'],I Feel You,REBOOT,"56,442",5804238
7,-5,['혁오 (HYUKOH)'],와리가리,22,"124,992",5713422
8,New,"['이유 갓지(GOD G) 않은 이유 (박명수, 아이유)']",레옹,무한도전 영동고속도로 가요제,"141,006",5826461
9,-8,['씨스타'],SHAKE IT,SHAKE IT,"78,163",5748499
10,New,['사이먼 도미닉'],사이먼 도미닉,￦ & ONLY,"106,269",5815785
11,-4,['BIGBANG'],뱅뱅뱅 (BANG BANG BANG),A,"192,528",5719286
12,New,"['황태지 (황광희, 태양, 지드래곤)']",맙소사,무한도전 영동고속도로 가요제,"87,278",5824839
13,+5,['Apink (에이핑크)'],Remember,Pink MEMORY,"81,111",5781104
14,-1,['Zion.T'],꺼내 먹어요,Eat,"151,527",5702706
15,-11,['AOA'],심쿵해 (Heart Attack),Heart Attack,"87,469",5748406
16,New,"['인크레더블', 'Tablo', '지누션']",오빠차,쇼미더머니 4 Episode 4,"60,219",5818522
17,New,"['으뜨거따시 (하하, 자이언티)']",스폰서 ($ponsor),무한도전 영동고속도로 가요제,"54,929",5826462
18,-8,['마마무(Mamamoo)'],음오아예 (Um Oh Ah Yeh),Pink Funky,"107,676",5743804
19,+60,"['식케이 (Sik-K)', '릴보이 (Lil Boi)', '지구인']","RESPECT (Feat. 로꼬, GRAY & DJ Pumkin)",쇼미더머니 4 Episode 1,"38,157",5794982
20,New,"['오대천왕 (정형돈, 밴드 혁오)']",멋진헛간,무한도전 영동고속도로 가요제,"62,345",5826465
21,-18,['BIGBANG'],IF YOU,D,"162,700",5760115
22,-14,['백아연'],이럴거면 그러지말지 (Feat. Young K),이럴거면 그러지말지,"188,156",5704397
23,-12,['Crush'],Oasis (Feat. ZICO),Oasis,"142,382",5771304
24,-18,['BIGBANG'],맨정신,D,"108,226",5760116
25,New,['MINO (송민호)'],겁 (Feat. 태양),쇼미더머니 4 Episode 5,"145,794",5826447
26,-17,['소녀시대 (GIRLS` GENERATION)'],PARTY,PARTY,"82,030",5768980
27,New,"['MINO (송민호)', '지코 (ZICO)', '팔로알토 (Paloalto)']",moneyflow (다 비켜봐),쇼미더머니 4 Episode 3,"41,290",5811228
28,New,"['댄싱게놈 (유재석, JYP)']",I`m So Sexy,무한도전 영동고속도로 가요제,"41,340",5826464
29,-14,['BIGBANG'],BAE BAE,M,"135,590",5684826
30,New,"['블랙넛 (Black Nut)', '마이크로닷 (Microdot)', '베이식 (Basick)']","MY ZONE (Feat. 산이, 버벌진트)",쇼미더머니 4 Episode 2,"17,015",5804038
31,New,['SG 워너비'],가슴 뛰도록,THE VOICE,"45,307",5822923
32,-20,['걸스데이'],링마벨 (Ring My Bell),Girl`s Day Love Second Album,"51,709",5767424
33,New,['여자친구 (GFRIEND)'],오늘부터 우리는 (Me Gustas Tu),여자친구 2nd Mini Album `Flower Bud`,"129,756",5791706
34,New,['유승우'],예뻐서 (Feat. 루이 Of 긱스) (You`re beautiful),예뻐서,"48,167",5795006
35,+54,['프라이머리'],"아끼지마 (Don`t Be Shy) (Feat. 초아 (AOA), 아이언)",2-3,"63,119",5793206
36,+6,['비스트'],일하러 가야 돼,Ordinary,"60,996",5785424
37,New,"['릴보이 (Lil Boi)', '로꼬', '박재범']",ON IT + BO$$,쇼미더머니 4 Episode 4,"38,210",5818487
38,New,['비스트'],예이 (YeY),Ordinary,"51,715",5794996
39,-22,['아이유'],마음,마음,"162,257",5700639
40,-21,['BIGBANG'],LOSER,M,"164,381",5682700
41,-20,['엠씨더맥스'],그 남잔 말야,냄새를 보는 소녀 OST Part.5,"74,492",5668985
42,-17,['김연우'],사랑할수록 (화생방실 클레오파트라),복면가왕 14회,"29,707",5765885
43,New,"['상주나 (정준하, 윤상)']",My Life (Feat. 효린 Of 씨스타),무한도전 영동고속도로 가요제,"26,619",5826463
44,-22,['리쌍'],주마등 (Feat. 우혜미),주마등,"37,058",5779688
45,-29,['혁오 (HYUKOH)'],Hooka,22,"41,906",5713425
46,-20,['Maroon 5'],Sugar,V (Deluxe Edition),"178,611",4857981
47,-27,['BIGBANG'],WE LIKE 2 PARTY,A,"112,046",5719287
48,-25,"['로꼬', '유주 (여자친구)']",우연히 봄,냄새를 보는 소녀 OST Part.2,"126,658",5650996
49,New,['소녀시대 (GIRLS` GENERATION)'],Lion Heart,Lion Heart - The 5th Album,"78,584",5820368
50,-19,"['Zion.T', 'Crush']",그냥 (Just),Young,"141,962",5572312
51,-12,['박재범'],몸매 (MOMMAE) (Feat. Ugly Duck),몸매 (MOMMAE),"71,364",5708013
52,New,['블랙넛 (Black Nut)'],내가 할 수 있는 건 (Feat. 제시),쇼미더머니 4 Episode 5,"36,820",5826448
53,+47,['J.Lee'],나를 슬프게 하는 사람들 (노래왕 퉁키),복면가왕 16회,"21,729",5785421
54,-19,['Mark Ronson'],Uptown Funk (Feat. Bruno Mars),Uptown Funk (Feat. Bruno Mars),"143,113",5459268
55,New,['SG 워너비'],좋은 기억,THE VOICE,"21,221",5822925
56,-9,['김연우'],가질 수 없는 너 (화생방실 클레오파트라) (Bonus Track),복면가왕 14회,"27,241",5765888
57,New,['로꼬'],AWESOME (Feat. 박재범 & GRAY),AWESOME,"30,913",5797100
58,-31,['San E'],Me You (Feat. 백예린 Of 15&),양치기 소년,"85,429",5674119
59,-9,['김연우'],만약에 말야 (화생방실 클레오파트라) (Bonus Track),복면가왕 14회,"19,093",5765887
60,-26,"['지코 (ZICO)', '소진 (Sojin)']",아프다,가면 OST Part.2,"69,435",5731941
61,+24,['로꼬'],RESPECT (Feat. GRAY & DJ Pumkin),RESPECT,"45,361",5777833
62,-22,['나얼'],같은 시간 속의 너,브라운 아이드 소울 싱글 프로젝트 1st. 같은 시간 속의 너 By 나얼,"150,364",5576417
63,-19,['인피니트'],Bad,Reality,"56,881",5767582
64,New,['치타 (CHEETAH)'],My Number,My Number,"16,887",5798282
65,-41,['EXO'],LOVE ME RIGHT,LOVE ME RIGHT - The 2nd Album Repackage,"180,818",5721440
66,-33,['EXID'],아예 (Ah Yeah),AH YEAH,"55,649",5660040
67,-14,"['San E', '레이나 (Raina)']",한여름밤의 꿀,"San E, 레이나 Project Single `한여름밤의 꿀`","143,255",4681146
68,-17,['Sam Smith'],I`m Not The Only One,In The Lonely Hour,"218,002",4660794
69,-32,['박진영'],어머님이 누구니 (Feat. 제시),24/34,"54,566",5658708
70,New,"['블랙넛 (Black Nut)', '버벌진트', 'San E']",M.I.L.E. (Make It Look Easy),쇼미더머니 4 Episode 4,"16,075",5818521
71,-41,['김범수'],사랑의 시작은 고백에서부터,프로듀사 OST,"62,068",5709750
72,+19,['혁오 (HYUKOH)'],큰새,22,"29,044",5713423
73,-17,['아이유'],너의 의미 (Feat. 김창완),꽃갈피,"185,224",4646573
74,-13,['아이유'],금요일에 만나요 (Feat. 장이정 Of HISTORY),Modern Times - Epilogue,"215,257",4369827
75,-43,['김연우'],사랑.. 그 놈 (화생방실 클레오파트라),복면가왕 12회,"16,873",5748398
76,-38,['SHINee (샤이니)'],View,Odd - The 4th Album,"99,750",5700879
77,-48,['비투비'],괜찮아요,Complete,"114,379",5756880
78,New,['SHINee (샤이니)'],Married To The Music,Married To The Music - The 4th Album Repackage,"33,756",5804080
79,-34,['다비치'],두사랑 (Feat. 매드클라운),두사랑,"89,018",5628083
80,New,['블랙넛 (Black Nut)'],100 (Feat. 천재노창),100,"48,156",4800324
81,-11,['엠씨더맥스'],바라보기,미녀의 탄생 OST Part 4,"65,765",5482064
82,-8,['나얼'],바람기억,Principle Of My Soul,"212,322",3910821
83,New,['서인영'],사랑했다치자 (Feat. 릴보이),사랑했다 치자,"9,604",5812956
84,-21,['김연우'],이 밤이 지나면 (화생방실 클레오파트라) (Bonus Track),복면가왕 14회,"17,170",5765886
85,New,['Redfoo'],New Thang,New Thang,"52,097",5781707
86,New,['현아'],잘나가서 그래 (Feat. 정일훈 Of BTOB),A+,"32,652",5824767
87,New,['Ariana Grande'],Best Mistake (Feat. Big Sean),My Everything,"87,519",4836118
88,-12,['박재범'],My Last (Feat. 로꼬 & GRAY),My Last,"53,013",5779813
89,-43,"['지민 (AOA)', '아이언']",Puss (Prod.by 라이머),언프리티 랩스타 SEMI FINAL,"71,629",5634219
90,-47,['EXO'],CALL ME BABY,The 2nd Album `EXODUS`,"154,253",5644620
91,-50,"['허각', '정인']",동네술집,동네술집,"36,136",5704765
92,New,['키썸 (Kisum)'],심상치 않아 (Feat. 주영),심상치 않아 (Feat. 주영),"28,045",5787474
93,-39,['혁오 (HYUKOH)'],Ohio,20,"45,064",5385973
94,-42,['허각'],사월의 눈,사월의 눈,"91,370",5629186
95,-31,['Adam Levine'],Lost Stars,Begin Again - Music From And Inspired By The Original Motion Picture,"245,845",4743560
96,New,['B1A4'],Sweet Girl,Sweet Girl,"29,141",5807347
97,-13,['정승환'],너를 사랑한 시간,너를 사랑한 시간 OST Part.3,"39,589",5775671
98,-49,['미쓰에이'],다른 남자 말고 너,Colors,"78,674",5644636
99,-71,['범키'],느껴 (My Everything),느껴 (My Everything),"28,828",5742255
100,-8,['SUPER JUNIOR (슈퍼주니어)'],Devil,DEVIL - SUPER JUNIOR SPECIAL ALBUM,"47,824",5781346
