﻿rank,rank_change,singer,title,album,like,song_code
1,+28,['린'],시간을 거슬러,해를 품은 달 OST Part.2,"20,875",3678813
2,-1,['티아라'],Lovey-Dovey,Funky Town,"29,276",3663978
3,New,['SE7EN'],내가 노래를 못해도,Se7en New Mini Album,"18,158",3691429
4,New,['FTISLAND (FT아일랜드)'],지독하게,Grown-Up,"33,481",3689468
5,New,['비스트'],이럴 줄 알았어,이럴 줄 알았어,"33,201",3685853
6,-0,['10CM'],애상,윤일상 작곡가 21주년 기념 앨범 I`m 21,"66,766",3666573
7,New,['케이윌'],내가 싫다,내가 싫다,"14,023",3689060
8,+25,['효린'],널 사랑하겠어,사랑을 보다 2 OST,"31,114",3681993
9,+16,['써니힐'],베짱이 찬가,The Grasshoppers,"25,524",3675692
10,-6,['다이나믹 듀오'],거기서거기 (Without You),Dynamicduo 6th Digilog 2/2,"55,711",3665143
11,New,['다비치'],생각날거야,LOVE CALL (With 다비치),"19,095",3699257
12,-9,['아이유'],너랑 나,Last Fantasy,"116,384",3625504
13,-11,['트러블메이커'],Trouble Maker,Trouble Maker,"38,877",3630755
14,+1,['틴탑'],미치겠어,It`s,"22,116",3666277
15,-10,"['다비치', '티아라']",우리 사랑했잖아,우리 사랑했잖아,"22,382",3654576
16,New,['달샤벳'],Hit U,Hit U,"8,486",3686634
17,+4,['엠블랙'],전쟁이야,MBLAQ 4th Mini Album `100%Ver.`,"10,047",3669673
18,New,['휘성 (Realslow)'],눈물길,해를 품은 달 OST Part.3,"7,402",3684693
19,-8,['노을'],그리워 그리워,그리움,"64,297",3585793
20,New,['블락비 (Block B)'],난리나,Welcome to the BLOCK,"41,676",3692955
21,-14,['정준하'],키 큰 노총각 이야기,무한도전 나름 가수다,"20,213",3669413
22,-10,['노을'],살기 위해서,빠담빠담 OST Part.1,"35,551",3633511
23,New,['에일리'],Heaven,Heaven,"69,395",3701333
24,New,['용준형'],너 없이 사는 것도,너 없이 사는 것도,"14,912",3695630
25,New,['미료'],DIRTY,MIRYO aka JOHONEY,"9,643",3690927
26,-17,"['허각', 'LE (EXID)']",그 노래를 틀때마다,그 노래를 틀때마다,"16,791",3639713
27,-19,['티아라'],Cry Cry,Black Eyes,"19,451",3607859
28,+8,['Adele'],Rolling In The Deep,21,"75,591",3143265
29,New,['케이윌'],니가 필요해 (I Need You),니가 필요해 (I Need You),"41,948",3706380
30,New,['마리오'],문자 (Feat. 백지영),문자,"7,448",3694935
31,New,"['나윤권', '백지영']",겁이 나서,겁이 나서,"20,542",3698565
32,+11,['Maroon 5'],Moves Like Jagger (Feat. Christina Aguilera) (Studio Recording From The Voice Performance),Moves Like Jagger,"71,309",3457091
33,-17,['리쌍'],광대 (Feat. B.M.K),Library Of Soul,"44,198",971441
34,New,"['이루마', '신용재', '미(MIIII)', '빅톤']",Kiss The Rain,Global Project `Kiss The Rain`,"14,328",3687773
35,-22,['원더걸스'],Be My Baby,Wonder World,"31,246",3600223
36,-26,['지아'],속상해서 (술 한잔 해요 Part.2),속상해서,"13,001",3656320
37,+46,['원티드'],너에게로 간다,VINTAGE,"12,070",3683353
38,-24,['울랄라세션'],서쪽 하늘,슈퍼스타K 3 Top11 Part 5,"57,521",3593455
39,New,['박진영'],Falling,드림하이2 OST Part.1,"2,111",3689033
40,+30,['제이세라'],사랑시 고백구 행복동,Love City,"18,914",3673495
41,-24,['일렉트로보이즈'],Ma Boy 2 (Feat. 효린),Rebirth,"18,809",3611633
42,+21,['나인뮤지스'],뉴스 (News),NEWS,"12,188",3672259
43,New,['미쓰에이'],Touch,Touch,"16,929",3713013
44,New,['BIGBANG'],BLUE,빅뱅 미니앨범 5집 `ALIVE`,"80,655",3715672
45,New,['이영현'],천년의 사랑 (박완규),[나는 가수다] 경연15-2. `내게 특별한 사람의 추천곡`,"11,086",3705797
46,-26,['허각'],죽고 싶단 말 밖에,죽고 싶단 말 밖에,"21,360",3602154
47,-9,['LMFAO'],Party Rock Anthem (Feat. Lauren Bennett & Goon Rock),Party Rock Anthem,"23,090",3135148
48,-2,['살찐고양이'],예쁜게 다니,예쁜게 다니,"6,295",3667495
49,-26,"['포맨', '미(MIIII)']",그 남자 그 여자,그 남자 그 여자,"24,452",3590149
50,New,['해오라'],달빛이 지고,해를 품은 달 OST Part.1,"6,895",3672273
51,-25,['Apink (에이핑크)'],My My,Snow Pink,"34,372",3618293
52,-34,['유재석'],"더위 먹은 갈매기 (Feat. 송은이, 김숙)",무한도전 나름 가수다,"9,856",3669418
53,+24,['레인보우 픽시'],호이 호이 (Hoi Hoi),호이 호이 (Hoi Hoi),"4,167",3673830
54,-30,['원티드'],Like You (Feat. 아이유),VINTAGE,"11,745",3669897
55,-3,['원더걸스'],The DJ Is Mine,The DJ Is Mine,"5,450",3674655
56,-37,['이현'],너니까,The Healing Echo,"4,885",3662813
57,-6,['Bueno Clinic'],Sex Apeal (Max Farenthide Radio Edit) (Feat. Mike W.),Sex Apeal,"25,240",3559879
58,-36,['알리 (ALi)'],촌스럽게 굴지마 (Feat. 용준형),SOUL-RI : 영혼이 있는 마을,"17,233",3642699
59,New,"['LMFAO', 'Steve Aoki']",Livin' My Love (개그콘서트 `시청률의 제왕` 삽입곡),Livin` My Love,"14,470",3671433
60,New,['B.A.P'],WARRIOR,WARRIOR,"11,979",3685690
61,New,['먼데이 키즈 (Monday Kiz)'],그림자,해를 품은 달 OST Part.4,"3,601",3700755
62,New,"['Jessica (제시카)', '김진표']",어쩜,난폭한 로맨스 OST Part.2,"7,553",3682013
63,+24,['영준 (브라운 아이드 소울)'],잊어요,Easy,"4,381",3683358
64,-11,['NS 윤지'],마녀가 된 이유,Neo Spirit,"11,889",3666254
65,New,['박재범'],Know Your Name (Feat. Dok2),New Breed,"12,384",3699274
66,New,['수지 (SUZY)'],You`re My Star,드림하이2 OST Part.2,"3,521",3698093
67,New,['장재인'],다른 누구도 아닌 너에게,다른 누구도 아닌 너에게,"12,447",3700393
68,New,['하하'],토닥토닥 (With 소향),토닥토닥,950,3703068
69,-42,['하하'],바보에게 바보가 (Feat. 스컬),무한도전 나름 가수다,"9,574",3669416
70,-40,['버스커 버스커'],서울사람들,서울사람들,"17,973",3614345
71,-36,['소녀시대 (GIRLS` GENERATION)'],The Boys,`The Boys` The 3rd Album,"20,608",3565193
72,-25,['허각'],Hello,LIKE 1st MINI ALBUM `First Story`,"81,491",3549031
73,-42,['아이유'],삼촌 (Feat. 이적),Last Fantasy,"24,864",3628515
74,New,['브라이언'],너 따윈 버리고 (Feat. 타이거 JK),ReBorn Part 1,"4,183",3685833
75,+6,['Jason Mraz'],I Won`t Give Up,I Won`t Give Up,"18,685",3664293
76,-36,['버스커 버스커'],동경소녀,슈퍼스타K 3 Top11 Part 1,"39,530",3565240
77,-49,['아이유'],비밀,Last Fantasy,"45,499",3628477
78,New,['스피카'],러시안룰렛 (Russian Roulette),러시안룰렛 (Russian Roulette),"11,745",3700135
79,New,['투개월'],The Romantic,The Romantic OST Part.1,"11,398",3703446
80,-14,['버벌진트'],좋아보여 (Feat. 검정치마),Go Easy,"63,408",3538775
81,New,['부가킹즈'],Don`t Go,A Decade,"2,289",3692977
82,-40,['먼데이 키즈 (Monday Kiz)'],미행,The Ballad,"13,649",3641162
83,New,['Rachael Yamagata'],Be Be Your Love,100 Love Songs Vol.1,"26,419",1564091
84,New,"['윤건', '서현 (SEOHYUN)']",Don`t Say No (하이킥3 짧은다리의 역습 삽입곡),윤건 & 서현 Collaboration Single,"2,053",3705150
85,New,['레드애플'],Time Is Up,Time Is Up,"2,260",3694938
86,-52,['영준 (브라운 아이드 소울)'],꽃보다 그대가 (Feat. Simon D),꽃보다 그대가,"20,882",3655193
87,New,['송지은'],추워요,부탁해요 캡틴 OST Part.2,"2,461",3676353
88,+4,"['베이비소울 (러블리즈)', '유지아']",그녀는 바람둥이야 (Feat. 동우 Of 인피니트),그녀는 바람둥이야,"7,282",3680465
89,New,['존박'],Falling,Knock,"58,428",3714473
90,-36,['소녀시대 (GIRLS` GENERATION)'],MR.TAXI (Korean Ver.),`The Boys` The 3rd Album,"11,246",3579341
91,-31,['버스커 버스커'],정류장,슈퍼스타K 3 Top11 Part 3,"64,857",3576486
92,New,['핫펠트 (예은)'],Hello To Myself,드림하이2 OST Part.3,"6,868",3707554
93,New,['서영은'],아니라는데 (With 이정),아니라는데 (With 이정),832,3691014
94,New,['김그림'],너에게 (Original Ver.),너에게,"2,456",3710638
95,New,['태사비애'],내가 사랑한 너 너를 사랑한 나 (Duet 비비안),내가 사랑한 너 너를 사랑한 나,"1,345",3683594
96,-37,['KYT (코요태)'],했던 말 또 하고,했던 말 또 하고,"1,673",3662530
97,New,['이승철'],잊었니,신들의 만찬 OST Part.1,"23,353",3710333
98,New,['스컬'],나 이러고 살아 (With 박효신),나 이러고 살아,"4,431",3685457
99,New,['엠투엠 (M To M)'],그 놈 때문에,그 놈 때문에,"1,431",3708413
100,-36,['김연우'],더 가까이,브레인 OST Part 5,"8,999",3648415
