﻿rank,rank_change,singer,title,album,like,song_code
1,New,['원더걸스'],Like this,Wonder Party,"35,419",3815739
2,New,['BIGBANG'],MONSTER,BIGBANG SPECIAL EDITION `STILL ALIVE`,"74,290",3818487
3,+5,['아이유'],하루 끝,스무 살의 봄,"123,143",3795586
4,+79,['지나'],2HOT,BLOOM,"14,755",3808405
5,-1,['백지영'],목소리 (Feat. 개리 Of 리쌍),Good Boy,"35,100",3791867
6,-5,['소녀시대-태티서 (Girls` Generation-TTS)'],Twinkle,`Twinkle` Mini Album,"46,275",3783041
7,-5,['씨스타'],나혼자 (Alone),ALONE,"56,014",3763493
8,+24,['백지영'],Good Boy (Feat. 용준형 Of 비스트),Good Boy,"15,882",3804268
9,+3,['울랄라세션'],아름다운 밤,ULALA SENSATION Part 1,"37,772",3798160
10,New,['형돈이와 대준이'],안좋을때 들으면 더 안좋은 노래,껭스타랩 볼륨 1,"32,426",3818839
11,+13,['용감한 녀석들'],I 돈 Care (Feat. 서수민PD),용감한 녀석들,"17,773",3800393
12,New,['BIGBANG'],STILL ALIVE,BIGBANG SPECIAL EDITION `STILL ALIVE`,"42,488",3818486
13,New,['f(x)'],Electric Shock,`Electric Shock` The 2nd Mini Album,"37,878",3822622
14,+8,['마이티 마우스'],나쁜놈 (Feat. 소야),나쁜놈,"21,081",3796159
15,-10,['박진영'],너뿐이야 (You`re The One),Spring 새로운 사랑에게 보내는 다섯곡의 노래,"28,950",3786914
16,+35,['인피니트'],추격자,INFINITIZE,"63,620",3801396
17,-14,['버스커 버스커'],벚꽃 엔딩,버스커 버스커 1집,"343,122",3753304
18,New,['B1A4'],잘자요 굿나잇,THE B1A4Ⅰ`IGNITION` SPECIAL EDITION,"40,235",3811406
19,+72,['리쌍'],너에게 배운다 (My Love),Unplugged,"15,687",3809215
20,-6,['디셈버'],She`s Gone,She`s Gone,"25,073",3787653
21,New,['형돈이와 대준이'],올림픽대로 (Feat. MC날유),껭스타랩 볼륨 1,"8,736",3813439
22,New,['틴탑'],To You,aRtisT,"20,891",3811437
23,New,['BIGBANG'],EGO,BIGBANG SPECIAL EDITION `STILL ALIVE`,"31,833",3818493
24,New,['BIGBANG'],FEELING,BIGBANG SPECIAL EDITION `STILL ALIVE`,"19,100",3818488
25,+8,['Apink (에이핑크)'],HUSH,UNE ANNEE,"30,764",3796613
26,+18,['리쌍'],겸손은 힘들어,Unplugged,"15,845",3805780
27,-18,['버스커 버스커'],첫사랑,버스커 버스커 1집,"98,033",3753302
28,New,['리쌍'],Someday (피쳐링. 윤도현 Of YB),Unplugged,"16,207",3811405
29,-19,['허각'],나를 사랑했던 사람아,LACRIMOSO,"91,315",3758104
30,+28,"['2BIC(투빅)', '다비치']",오늘같은 밤이면,조영수 All Star - 투빅&다비치,"23,783",3805813
31,New,['BIGBANG'],빙글빙글,BIGBANG SPECIAL EDITION `STILL ALIVE`,"20,577",3818492
32,New,['프라이머리'],"입장정리 (Feat. 최자, Simon D)",Primary And The Messengers Part 4,"29,854",3813657
33,-26,['4minute'],Volume Up,Volume Up,"21,192",3764899
34,-21,['버스커 버스커'],여수 밤바다,버스커 버스커 1집,"140,276",3753303
35,-20,['BIGBANG'],FANTASTIC BABY,빅뱅 미니앨범 5집 `ALIVE`,"88,413",3715676
36,-30,['아이유'],복숭아,스무 살의 봄,"91,885",3791293
37,New,['김태우'],High High,신사의 품격 OST Part 1,"23,496",3814176
38,New,['버벌진트'],굿모닝 (Feat. 권정열 Of 10cm),굿모닝,"62,138",3820695
39,-22,['버스커 버스커'],꽃송이가,버스커 버스커 1집,"82,500",3753309
40,New,['케이윌'],지금처럼 (We Never Go Alone),지금처럼 (We Never Go Alone),"7,858",3822491
41,New,['지아'],그대가 올까요,닥터 진 OST Part.2,"5,203",3817652
42,New,['울랄라세션'],굿바이데이,각시탈 OST Part.1,"24,488",3824467
43,-23,['Maroon 5'],Payphone (Feat. Wiz Khalifa),Payphone,"95,952",3774133
44,+18,['울랄라세션'],다 쓰고 없다,ULALA SENSATION Part 2,"8,240",3804405
45,+23,['헬로비너스'],Venus,1st Mini Album `Venus`,"11,014",3786713
46,-35,['박진영'],다른 사람 품에 안겨서 (Someone Else) (Duet With 가인),Spring 새로운 사랑에게 보내는 다섯곡의 노래,"11,549",3779252
47,-29,['노을'],떠나간다,떠나간다,"18,971",3772625
48,-27,['배치기'],두 마리,두 마리,"24,298",3763333
49,-20,['프라이머리'],"씨스루 (Feat. 개코, Zion.T)",Primary And The Messengers Part 3,"39,478",3779134
50,New,['원더걸스'],Girlfriend,Wonder Party,"25,112",3815741
51,-23,['에일리'],Heaven,Heaven,"69,395",3701333
52,New,['달샤벳'],Mr. BangBang,THE 1ST ALBUM `BANG BANG`,"11,685",3820624
53,-34,['태연 (TAEYEON)'],미치게 보고싶은,더킹 투하츠 OST Part.1,"32,081",3750173
54,-13,"['양요섭', '정은지']",LOVE DAY,`A Cube` For Season # Green,"79,415",3734735
55,New,['신보라'],그리워 운다,유령 OST Part.2,"9,483",3825475
56,-31,['버스커 버스커'],외로움증폭장치 (브래드 드럼 한판 쉬기),버스커 버스커 1집,"54,562",3753305
57,-31,['버스커 버스커'],이상형,버스커 버스커 1집,"33,313",3743293
58,New,"['휘성 (Realslow)', '이승우']",감기라도 걸릴까,The Lyrics - No.1,"5,125",3818792
59,-14,['Maroon 5'],Moves Like Jagger (Feat. Christina Aguilera) (Studio Recording From The Voice Performance),Moves Like Jagger,"71,309",3457091
60,-33,"['양파', '다비치', 'HANNA']",사랑은 다 그런거래요,Together,"18,906",3759927
61,New,['다비치'],너라서,너라서 (빅 OST),"16,370",3818472
62,New,['티아라'],빙글빙글,빙글빙글,"4,815",3809486
63,-32,['걸스데이'],Oh! My God,Everyday II,"8,319",3771082
64,New,['JJ Project'],Bounce,Bounce,"13,939",3807424
65,New,['원더걸스'],R.E.A.L,Wonder Party,"8,403",3815738
66,-50,['아이비'],찢긴 가슴,Interview,"7,989",3776153
67,-33,['버스커 버스커'],전활 거네,버스커 버스커 1집,"31,409",3753308
68,New,['버스커 버스커'],정말로 사랑한다면,버스커 버스커 1집 마무리,"106,792",3832101
69,-32,['린'],곰인형 (Feat. 해금),LoveFiction,"54,637",3736176
70,-23,['백지영'],한참 지나서,옥탑방 왕세자 OST Part.1,"17,298",3744700
71,-32,['BIGBANG'],BLUE,빅뱅 미니앨범 5집 `ALIVE`,"80,655",3715672
72,-30,"['양파', '이보람', '소연']",알아요,Together,"10,162",3796596
73,New,['원더걸스'],Hey Boy,Wonder Party,"5,103",3815740
74,New,['이해리 (다비치)'],너의 뒤에서,불후의 명곡 - 전설을 노래하다 (박진영 2편),"7,708",3807519
75,New,['이영현'],조금씩 멀어지네요,PLUS+,"2,768",3809307
76,New,['이현'],가슴이 시린 게,신사의 품격 OST Part 3,"50,195",3822632
77,New,['비스트'],미운사람,미운사람 (빅 OST),"28,802",3822585
78,New,['써니힐'],Do It,아이러브 이태리 OST Part.1,"1,283",3807294
79,-12,['아이유'],그 애 참 싫다,스무 살의 봄,"49,879",3796969
80,New,['이석훈'],연애의 시작,Y.BIRD From Jellyfish With 이석훈,"8,400",3824773
81,-58,['가비엔제이'],연락하지마 (Feat. LE Of EXID),연락하지마,"4,510",3787033
82,New,['원더걸스'],Sorry,Wonder Party,"7,850",3815742
83,-53,['2AM'],너도 나처럼,F.Scott Fitzgerald`s Way Of Love,"24,649",3731994
84,New,['버즈'],가슴이 운다,Buzz Return,"4,869",3818276
85,-42,['버스커 버스커'],골목길 어귀에서,버스커 버스커 1집,"30,332",3753307
86,New,['윤하 (YOUNHA)'],우린 달라졌을까 (With John Park),Supersonic,"18,864",3826678
87,New,['국카스텐'],한잔의 추억 (원곡가수 이장희),`나는 가수다 2` 6월 3일 A조 경연,"9,634",3818506
88,New,['부활'],차갑다,Purple Wave,"5,423",3821730
89,New,['애즈원'],Day By Day 2012 (Feat. 버벌진트),Day By Day 2012,"5,221",3814174
90,New,['화요비'],난 이렇게 살아,난 이렇게 살아,"3,707",3822633
91,New,['김재중'],살아도 꿈인 것처럼,닥터 진 OST Part.1,"8,318",3812037
92,New,['버스커 버스커'],그댈 마주하는건 힘들어 (그마힘),버스커 버스커 1집 마무리,"67,838",3832098
93,New,['에피톤 프로젝트'],새벽녘,낯선 도시에서의 하루,"36,381",3819123
94,New,['형돈이와 대준이'],되냐 안되냐,껭스타랩 볼륨 1,"4,230",3818840
95,New,['리쌍'],개리와 기리... 세번째 이야기,Unplugged,"8,585",3812142
96,-42,['용감한 녀석들'],기다려 그리고 준비해,용감한 녀석들,"15,282",3747293
97,New,['예성 (YESUNG)'],꽃보다 그녀,아이두 아이두 OST Part.1,"2,151",3816130
98,-34,['Adele'],Rolling In The Deep,21,"75,591",3143265
99,New,['50kg'],내일을 향해 쏴라,내일을 향해 쏴라,694,3813420
100,-65,['써니힐'],백마는 오고 있는가,백마는 오고 있는가,"7,549",3775013
