﻿rank,rank_change,singer,title,album,like,song_code
1,+23,['TWICE (트와이스)'],TT,TWICEcoaster : LANE 1,"191,539",30054344
2,New,['태연 (TAEYEON)'],11:11,11:11,"140,717",30072072
3,New,['BLACKPINK'],불장난,SQUARE TWO,"155,358",30069773
4,-3,['볼빨간사춘기'],우주를 줄게,Full Album RED PLANET,"251,441",9620469
5,+5,['아이오아이 (I.O.I)'],너무너무너무,miss me?,"113,959",30040810
6,-2,['한동근'],이 소설의 끝을 다시 써보려 해,The 1st Digital Single `이 소설의 끝을 다시 써보려 해`,"216,534",5398990
7,-5,['임창정'],내가 저지른 사랑,I`M,"220,823",9631530
8,New,['MC몽'],널 너무 사랑해서 (Feat. 정은지 of 에이핑크),U.F.O,"40,962",30072075
9,New,['로꼬'],남아있어 (Feat. Crush),남아있어,"78,658",30063772
10,-1,['다비치'],내 옆에 그대인 걸,50 X HALF,"61,102",30035555
11,-5,['한동근'],그대라는 사치,The 3rd Digital Single `그대라는 사치`,"170,315",9614761
12,-9,['박효신'],숨,I am A Dreamer,"200,090",30011624
13,-6,['헤이즈 (Heize)'],돌아오지마 (Feat. 용준형 Of 비스트),돌아오지마,"174,034",8143111
14,-6,['Crush'],어떻게 지내,wonderlust,"128,034",30038185
15,-3,['볼빨간사춘기'],나만 안되는 연애,Full Album RED PLANET,"178,491",9620473
16,New,['마마무(Mamamoo)'],Decalcomanie (데칼코마니),MEMORY,"137,838",30079086
17,+2,['방탄소년단'],피 땀 눈물,WINGS,"275,937",30029173
18,-13,['Red Velvet (레드벨벳)'],러시안 룰렛 (Russian Roulette),Russian Roulette - The 3rd Mini Album,"160,064",9634954
19,New,"['김희철', '민경훈']",나비잠 (Sweet Dream),나비잠 (Sweet Dream) - SM STATION,"118,808",30105621
20,New,['박재범'],"All I Wanna Do (K) (Feat. Hoody, Loco)",EVERYTHING YOU WANTED,"153,915",30049271
21,New,['긱스 (Geeks)'],"가끔 (Feat. Crush, 기리보이)","가끔 (Feat. Crush, 기리보이)","46,692",30088156
22,-4,['어반자카파'],널 사랑하지 않아,스틸,"187,987",8199190
23,-10,['어반자카파'],목요일 밤 (Feat. 빈지노),목요일 밤,"114,768",9613173
24,+15,['볼빨간사춘기'],심술,Half Album RED ICKLE,"126,722",8155478
25,New,['EXO-CBX (첸백시)'],Hey Mama!,Hey Mama! - The 1st Mini Album,"84,846",30066102
26,+9,['신용재'],빌려줄게,EMPATHY,"65,654",30035184
27,-10,['BLACKPINK'],휘파람,SQUARE ONE,"129,041",8304594
28,-17,['거미'],구르미 그린 달빛,구르미 그린 달빛 OST Part.3,"68,610",9629220
29,New,"['슬옹', '조이 (JOY)']",이별을 배웠어 (Always In My Heart),이별을 배웠어 (Always In My Heart) - SM STATION,"62,379",30076504
30,-14,['에일리'],If You,If You,"72,107",9609354
31,+1,['정승환'],너였다면,또 오해영 OST Part.5,"182,136",8203900
32,-7,['TWICE (트와이스)'],CHEER UP,PAGE TWO,"215,356",8158031
33,-19,"['유재석', 'EXO']",Dancing King,Dancing King - SM STATION,"121,842",9647324
34,-13,"['C JAMM', 'BewhY (비와이)']",puzzle,puzzle,"102,201",8308231
35,-13,['존박'],네 생각,네 생각,"99,243",8268275
36,-5,['DEAN'],D (half moon) (Feat. 개코),130 mood : TRBL,"215,612",8109412
37,-9,['헤이즈 (Heize)'],"And July (Feat. DEAN, DJ Friz)",And July,"133,719",8271355
38,-23,['젝스키스'],세 단어,세 단어,"79,208",30025065
39,New,['세정'],꽃길 (Prod. By ZICO),Jelly box 꽃길 (Prod. By 지코(ZICO)) 세정,"152,303",30105590
40,-13,['BewhY (비와이)'],Day Day (Feat. 박재범) (Prod. by GRAY),쇼미더머니 5 Episode 4,"110,598",8261338
41,New,['MC몽'],블랙홀 (Feat. 에일리),U.F.O,"13,237",30072074
42,-22,['성시경'],"다정하게, 안녕히",구르미 그린 달빛 OST Part.5,"48,540",9646401
43,-1,['엠씨더맥스'],어디에도,pathos,"197,386",8033528
44,New,['San E'],나쁜X (BAD YEAR),나쁜X (BAD YEAR),"39,636",30113169
45,-9,['BewhY (비와이)'],Forever (Prod. By GRAY),쇼미더머니 5 Episode 3,"104,480",8252408
46,-20,"['첸 (CHEN)', '백현 (BAEKHYUN)', '시우민 (XIUMIN)']",너를 위해,달의 연인 - 보보경심 려 OST Part 1,"121,894",9611490
47,-17,['여자친구 (GFRIEND)'],너 그리고 나 (NAVILLERA),여자친구 The 1st Album `LOL`,"110,083",8262125
48,+19,['EXO'],Monster,EX`ACT - The 3rd Album,"166,319",8217164
49,New,['비투비'],기도 (I`ll Be Your Man),NEW MEN,"85,357",30079094
50,-27,['Apink (에이핑크)'],내가 설렐 수 있게,Pink Revolution,"55,498",30005102
51,-0,['EXO'],Lotto,LOTTO - The 3rd Album Repackage,"128,628",9606657
52,-23,['엠씨더맥스'],그대 그대 그대,Pathos Tour Live Album,"44,656",30024794
53,-12,['임창정'],또 다시 사랑,또 다시 사랑,"194,726",7861392
54,+3,['방탄소년단'],불타오르네 (FIRE),화양연화 Young Forever,"218,185",8167307
55,-7,['정준일'],안아줘,Lo9ve3r4s,"197,452",3620493
56,-23,['원더걸스'],Why So Lonely,Why So Lonely,"129,133",8254545
57,+7,['볼빨간사춘기'],You(=I),Full Album RED PLANET,"101,611",9620471
58,New,['BLACKPINK'],STAY,SQUARE TWO,"80,265",30069774
59,-14,['김범수'],사랑해요,함부로 애틋하게 OST Part.9,"52,782",8298424
60,-23,['박보검'],내 사람,구르미 그린 달빛 OST Part.11,"56,316",30029565
61,-1,['Sam Smith'],I`m Not The Only One,In The Lonely Hour,"218,002",4660794
62,-7,['권진아'],끝,웃긴 밤,"109,271",9646572
63,-11,['정준영'],공감 (Feat. 서영은),공감,"88,626",8065398
64,-21,['벤'],안갯길 (Prod. By 진영(B1A4)),구르미 그린 달빛 OST Part.4,"60,780",9644886
65,-21,['다비치'],그대를 잊는다는 건,달의 연인 - 보보경심 려 OST Part.4,"39,485",9631812
66,New,['Maroon 5'],Don`t Wanna Know (Feat. Kendrick Lamar),Red Pill Blues (Deluxe Edition),"68,709",30037874
67,-27,['인피니트'],태풍 (The Eye),INFINITE ONLY,"60,983",9647331
68,+15,['EXO'],Lucky One,EX`ACT - The 3rd Album,"111,748",8217163
69,New,['어반자카파'],그런 밤,이번 주 아내가 바람을 핍니다 OST Part.3,"33,642",30084667
70,New,['박효신'],야생화,야생화,"299,800",4543502
71,-18,['BLACKPINK'],붐바야,SQUARE ONE,"83,230",8304595
72,New,['EXO-CBX (첸백시)'],The One,Hey Mama! - The 1st Mini Album,"60,211",30066101
73,-39,['박효신'],Home,I am A Dreamer,"69,481",30017602
74,New,['규현 (KYUHYUN)'],블라블라 (Prod.by 윤종신) (Blah Blah),"너를 기다린다 (Waiting, Still) - The 3rd Mini Album","26,546",30087587
75,-7,['다비치'],받는 사랑이 주는 사랑에게,50 X HALF,"31,127",30035554
76,New,['지코 (ZICO)'],"BERMUDA TRIANGLE (Feat. Crush, DEAN)",BERMUDA TRIANGLE,"106,496",30113165
77,+12,['방탄소년단'],21세기 소녀,WINGS,"96,726",30029184
78,-12,['Justin Bieber'],Love Yourself,Purpose (Deluxe),"210,500",7931286
79,New,['MC몽'],눈물 (Feat. 다린 of Highcolor),U.F.O,"7,220",30072076
80,-6,['방탄소년단'],Lie,WINGS,"100,071",30029175
81,New,['EXO-CBX (첸백시)'],Cherish,Hey Mama! - The 1st Mini Album,"59,856",30066105
82,-44,"['소유 (SOYOU)', '유승우']",잠은 다 잤나봐요,구르미 그린 달빛 OST Part.1,"38,949",9611296
83,+2,['김나영'],꺼내본다,The First Album `From The Heart`,"31,954",30043157
84,New,['정승환'],이 바보야,목소리,"120,536",30120986
85,New,['EXO-CBX (첸백시)'],Rhythm After Summer,Hey Mama! - The 1st Mini Album,"54,678",30066103
86,New,['EXO-CBX (첸백시)'],Juliet,Hey Mama! - The 1st Mini Album,"52,225",30066104
87,-33,['BewhY (비와이)'],The Time Goes On,Time Travel,"106,089",5620266
88,-1,['아이오아이 (I.O.I)'],잠깐만,miss me?,"49,363",30040811
89,+11,['방탄소년단'],Lost,WINGS,"100,902",30029181
90,-44,['박효신'],Beautiful Tomorrow,I am A Dreamer,"52,617",30017605
91,-3,['방탄소년단'],Stigma,WINGS,"92,708",30029176
92,New,['방탄소년단'],Am I Wrong,WINGS,"90,551",30029183
93,New,['효린'],Love Like This (Feat. Dok2),IT`S ME,"11,669",30054303
94,-32,['10CM'],스토커,3.0,"200,724",5466962
95,-48,['스탠딩 에그'],여름밤에 우린,여름밤에 우린,"96,819",8295867
96,-46,['보이비'],"호랑나비 (Feat. Gill, 리듬파워, 김흥국)",쇼미더머니 5 Episode 3,"55,449",8252409
97,-38,['김영근'],탈진,슈퍼스타K 2016 #1,"35,161",30003331
98,New,['린'],Love Story,푸른 바다의 전설 OST Part.1,"18,593",30099861
99,-4,['방탄소년단'],Begin,WINGS,"88,145",30029174
100,New,['버즈'],넌 살아있다,넌 살아있다,"22,562",30058197
