﻿rank,rank_change,singer,title,album,like,song_code
1,+97,['미쓰에이'],다른 남자 말고 너,Colors,"78,674",5644636
2,+12,"['지민 (AOA)', '아이언']",Puss (Prod.by 라이머),언프리티 랩스타 SEMI FINAL,"71,629",5634219
3,New,['박진영'],어머님이 누구니 (Feat. 제시),24/34,"54,566",5658708
4,+4,['허각'],사월의 눈,사월의 눈,"91,370",5629186
5,+14,['다비치'],두사랑 (Feat. 매드클라운),두사랑,"89,018",5628083
6,+86,['EXO'],CALL ME BABY,The 2nd Album `EXODUS`,"154,253",5644620
7,+54,"['치타 (CHEETAH)', '에일리']",아무도 모르게 (Prod. by MC몽),언프리티 랩스타 Track 6,"44,969",5642918
8,New,['박효신'],Shine Your Light,Shine Your Light,"59,670",5652555
9,New,['EXID'],아예 (Ah Yeah),AH YEAH,"55,649",5660040
10,-7,['나얼'],같은 시간 속의 너,브라운 아이드 소울 싱글 프로젝트 1st. 같은 시간 속의 너 By 나얼,"150,364",5576417
11,+29,['Red Velvet (레드벨벳)'],Ice Cream Cake,The 1st Mini Album `Ice Cream Cake`,"104,832",5629148
12,+74,['케이윌'],꽃이 핀다,[RE:],"72,530",5639931
13,New,['프라이머리'],"조만간 봐요 (Feat. BSK, 개코)",2-1,"30,274",5657052
14,-5,['버스커 버스커'],벚꽃 엔딩,버스커 버스커 1집,"343,123",3753304
15,-14,['MC몽'],사랑 범벅 (Feat. 챈슬러 of the channels),SONG FOR YOU,"55,278",5610343
16,+7,['치타 (CHEETAH)'],"Coma 07` (Prod.by DJ Juice, D.Theo)",언프리티 랩스타 SEMI FINAL,"41,989",5634218
17,New,['지누션'],한번 더 말해줘 (Feat. 장한나),한번 더 말해줘,"31,945",5657227
18,+16,"['HIGH4 (하이포)', '아이유']",봄 사랑 벚꽃 말고,봄 사랑 벚꽃 말고,"175,987",4579468
19,+1,['Mark Ronson'],Uptown Funk (Feat. Bruno Mars),Uptown Funk (Feat. Bruno Mars),"143,113",5459268
20,-13,['가인'],Apple (Feat. 박재범),Hawwah,"40,560",5622359
21,-19,"['지민 (AOA)', '슬옹']",시작이 좋아 2015 (Prod. By 버벌진트),언프리티 랩스타 Track 2,"40,227",5608760
22,-17,"['키썸 (Kisum)', 'San E', '태완 (Taewan)']",슈퍼스타 (Prod. by D.O),언프리티 랩스타 Track 5,"35,721",5616999
23,+77,['백지영'],새벽 가로수길 (With 송유빈),새벽 가로수길,"55,404",5637019
24,-20,"['제시 (Jessi)', '치타 (CHEETAH)', '강남']",My Type (Prod. By 버벌진트),언프리티 랩스타 Track 3,"51,745",5592623
25,-1,['Maroon 5'],Sugar,V (Deluxe Edition),"178,611",4857981
26,New,['San E'],Me You (Feat. 백예린 Of 15&),양치기 소년,"85,429",5674119
27,-17,['노을'],목소리,보이지 않는 것들,"59,602",5536206
28,-16,['EXID'],위아래,위아래,"89,327",4840271
29,-23,"['Zion.T', 'Crush']",그냥 (Just),Young,"141,962",5572312
30,-8,['Sam Smith'],I`m Not The Only One,In The Lonely Hour,"218,001",4660794
31,New,"['로꼬', '유주 (여자친구)']",우연히 봄,냄새를 보는 소녀 OST Part.2,"126,658",5650996
32,New,['블락비 바스타즈'],품행제로,품행제로,"54,730",5661710
33,+21,['제시 (Jessi)'],Unpretty Dreams (Prod.by GRAY),언프리티 랩스타 SEMI FINAL,"18,419",5634221
34,-19,['다비치'],또 운다 또,DAVICHI HUG,"47,889",5555751
35,-19,['매드클라운'],화 (Feat. 진실 Of Mad Soul Child) (Fire),Piece Of Mine,"73,491",5531227
36,New,['이문세'],봄바람 (Feat. 나얼),NEW DIRECTION,"39,216",5653958
37,-26,['4minute'],미쳐,Crazy,"37,921",5584641
38,-1,['박효신'],야생화,야생화,"299,797",4543502
39,New,['키썸 (Kisum)'],To.Mom (Feat. 인순이),언프리티 랩스타 SEMI FINAL 2,"17,917",5647454
40,New,['GRAY (그레이)'],하기나 해 (Feat. Loco),grayground. 01,"88,097",5653497
41,-11,['정승환'],사랑에 빠지고 싶다,K팝 스타 시즌4 `사랑에 빠지고 싶다`,"101,154",5495296
42,-24,['빈지노 (Beenzino)'],어쩌라고 (So What),어쩌라고 (So What),"35,195",5622398
43,New,"['육지담', '백예린']",On & On (Prod.by The Quiett),언프리티 랩스타 SEMI FINAL 2,"13,150",5647453
44,+4,['여자친구 (GFRIEND)'],유리구슬 (Glass Bead),여자친구 1st Mini Album `Season Of Glass`,"69,500",5546489
45,-14,['Ariana Grande'],Problem (Feat. Iggy Azalea),Problem,"102,982",4630555
46,-33,['장재인'],환청 (Feat. 나쑈 (NaShow)),킬미힐미 OST Part.1,"59,068",5545022
47,-30,"['15& (박지민, 백예린)']",사랑은 미친짓 (Feat. 칸토 of 트로이),사랑은 미친짓,"45,797",5584400
48,-21,['규현 (KYUHYUN)'],광화문에서 (At Gwanghwamun),The 1st Mini Album `광화문에서 (At Gwanghwamun)`,"190,956",5458267
49,+30,['민아 (걸스데이)'],나도 여자예요,I am a Woman too,"23,559",5627962
50,-14,['Adam Levine'],Lost Stars,Begin Again - Music From And Inspired By The Original Motion Picture,"245,845",4743560
51,-30,"['소유 (SOYOU)', '기리보이']",팔베개 (Feat. 기현) (Pillow),NO.MERCY (노머시) Part.2,"46,859",5546828
52,-27,['Apink (에이핑크)'],LUV,Pink LUV,"103,735",5473905
53,-21,['가인'],Paradise Lost,Hawwah,"26,999",5620321
54,-25,['AOA'],사뿐사뿐,사뿐사뿐,"53,071",5456521
55,-12,['아이유'],금요일에 만나요 (Feat. 장이정 Of HISTORY),Modern Times - Epilogue,"215,257",4369827
56,New,['박진영'],대낮에 한 이별 (Feat. 선예 (Wonder Girls)),Back To Stage,"41,865",1764208
57,-24,['GD X TAEYANG'],GOOD BOY,GOOD BOY,"81,691",5470838
58,New,['EXO'],EXODUS,The 2nd Album `EXODUS`,"67,312",5644827
59,New,['San E'],모두가 내 발아래 (Feat. MC그리),모두가 내 발아래,"10,147",5663784
60,-34,"['정승환', '박윤하']",슬픔 속에 그댈 지워야만 해,K팝 스타 시즌4 - 캐스팅 오디션 Part.1,"63,518",5551234
61,+4,['러블리즈'],안녕 (Hi~),Hi~,"48,496",5612284
62,-10,['엠씨더맥스'],바라보기,미녀의 탄생 OST Part 4,"65,765",5482064
63,-21,['로꼬'],니가 모르게 (You Don`t Know),LOCOMOTIVE,"99,600",5476552
64,-4,['Maroon 5'],Maps,Maps,"126,214",4688375
65,-19,['포스트맨(Postmen)'],신촌을 못가,신촌을 못가,"100,218",4016085
66,-7,['아이유'],너의 의미 (Feat. 김창완),꽃갈피,"185,223",4646573
67,-22,['토이'],세 사람 (With 성시경),Da Capo,"96,443",5465008
68,-15,['MC몽'],내 생애 가장 행복한 시간 (Feat. 허각),MISS ME OR DISS ME,"76,045",5442687
69,New,['EXO'],PLAYBOY,The 2nd Album `EXODUS`,"75,449",5644829
70,-4,['어쿠스틱 콜라보'],"묘해, 너와",연애의 발견 OST Part 4,"120,063",4864206
71,New,['아이언'],blu (Feat. Babylon),blu,"18,256",5646004
72,+5,['어쿠스틱 콜라보'],너무 보고싶어,연애의 발견 OST Part 6,"98,483",5386171
73,-23,['에픽하이 (EPIK HIGH)'],"BORN HATER (Feat. 빈지노, 버벌진트, B.I, MINO, BOBBY)",신발장,"114,009",5419682
74,New,['프라이머리'],"U (Feat. 권진아, 랩몬스터)",2-1,"26,718",5657054
75,-37,['다비치'],행복해서 미안해,DAVICHI HUG,"27,846",5555752
76,New,['거미'],해줄 수 없는 일,Fall in Memory,"23,025",5667583
77,-5,"['San E', '레이나 (Raina)']",한여름밤의 꿀,"San E, 레이나 Project Single `한여름밤의 꿀`","143,255",4681146
78,-20,"['소유 (SOYOU)', '정기고']",썸 (Feat. 릴보이 Of 긱스),썸,"166,388",4433490
79,New,['프라이머리'],머리 세웠어 (Feat. 정기고),2-1,"10,480",5657053
80,New,['케이윌'],Love Blossom (러브블러썸),The 3rd Album Part.2 `Love Blossom (러브블러썸)`,"107,337",4076051
81,New,['버스커 버스커'],꽃송이가,버스커 버스커 1집,"82,500",3753309
82,New,['EXO'],EL DORADO,The 2nd Album `EXODUS`,"77,613",5644828
83,New,['EXO'],MY ANSWER,The 2nd Album `EXODUS`,"65,184",5644826
84,-56,['KATIE'],니가 있어야 할 곳,K팝 스타 시즌4 TOP10 Part.1,"18,888",5610623
85,New,['박보람'],연예할래,CELEPRETTY,"34,570",5674470
86,-42,"['타이거JK, 윤미래, 비지 (Bizzy)']",Angel,Angel,"45,861",5495681
87,New,"['지아', '이현']",비가 내려와,비가 내려와,"9,643",5655276
88,New,['소녀시대 (GIRLS` GENERATION)'],Catch Me If You Can,Single `Catch Me If You Can`,"14,153",5658744
89,New,"['이진아', '정승환']",벌써 일년 (Live),K팝 스타 시즌4 TOP4 Part.2,"13,396",5647802
90,New,"['Charlie Puth', 'Wiz Khalifa']",See You Again (폴 워커 추모 엔딩곡),분노의 질주: 더 세븐 OST,"191,257",5629279
91,New,['백현 (BAEKHYUN)'],두근거려 (Beautiful),우리 옆집에 EXO가 산다 OST,"86,660",5672392
92,New,['EXO'],"시선 둘, 시선 하나 (What If..)",The 2nd Album `EXODUS`,"56,797",5644825
93,-37,['김범수'],오직 너만,"하이드 지킬, 나 OST Part.5","22,279",5599020
94,New,['EXO'],TRANSFORMER,The 2nd Album `EXODUS`,"54,929",5644824
95,-48,['백지영'],Because Of You,"하이드 지킬, 나 OST Part 2","17,994",5567464
96,-45,"['다이나믹 듀오', '박정현']",싱숭생숭 (SsSs),싱숭생숭 (SsSs),"45,851",5493729
97,-62,['긱스 (Geeks)'],Is You (Feat. 박정현),Is You,"17,615",5617748
98,New,['테이크 (TAKE)'],어느 봄날에,어느 봄날에,"11,185",5647847
99,-42,['비스트'],12시 30분,TIME,"110,771",5413256
100,New,['로이킴'],봄봄봄,봄봄봄,"124,306",4091105
