﻿rank,rank_change,singer,title,album,like,song_code
1,-0,['에일리'],첫눈처럼 너에게 가겠다,도깨비 OST Part.9,"298,831",30190630
2,New,['Zion.T'],노래,OO,"76,194",30227061
3,-0,['Crush'],Beautiful,도깨비 OST Part 4,"201,763",30157753
4,New,['Red Velvet (레드벨벳)'],Rookie,Rookie - The 4th Mini Album,"129,288",30227054
5,+1,"['찬열 (CHANYEOL)', '펀치 (Punch)']",Stay With Me,도깨비 OST Part.1,"202,552",30132687
6,-1,['볼빨간사춘기'],좋다고 말해,Full Album RED PLANET `Hidden Track`,"191,503",30163110
7,New,['Zion.T'],Complex (feat. G-DRAGON),OO,"54,531",30227065
8,New,['블락비 (Block B)'],YESTERDAY,YESTERDAY,"107,052",30232778
9,-5,['BIGBANG'],에라 모르겠다,MADE,"165,610",30147445
10,-3,['AKMU (악동뮤지션)'],오랜 날 오랜 밤,사춘기 하 (思春記 下),"180,965",30181278
11,-3,['소유 (SOYOU)'],I Miss You,도깨비 OST Part.7,"98,938",30177818
12,+38,"['다이나믹 듀오', '첸 (CHEN)']",기다렸다 가,Mixxxture Project Vol.1,"107,117",30215199
13,New,['매드클라운'],우리집을 못 찾겠군요 (Feat. 볼빨간사춘기),우리집을 못 찾겠군요,"86,048",30230986
14,New,['Zion.T'],미안해 (feat. Beenzino),OO,"40,133",30227063
15,-13,['황광희 X 개코'],당신의 밤 (Feat. 오혁),무한도전 위대한 유산,"119,101",30179089
16,New,"['소유 (SOYOU)', '백현 (BAEKHYUN)']",비가와 (Rain),비가와,"124,034",30247520
17,-1,['볼빨간사춘기'],우주를 줄게,Full Album RED PLANET,"251,441",9620469
18,+64,['신현희와김루트'],오빠야,신현희와김루트,"128,163",5605860
19,-10,['에디킴'],이쁘다니까,도깨비 OST Part.5,"91,869",30169608
20,-6,['TWICE (트와이스)'],TT,TWICEcoaster : LANE 1,"191,539",30054344
21,-10,['마마무(Mamamoo)'],Decalcomanie (데칼코마니),MEMORY,"137,838",30079086
22,+1,['수지 (SUZY)'],행복한 척,Yes? No?,"91,210",30205955
23,-13,['샘김 (Sam Kim)'],Who Are You,도깨비 OST Part.6,"93,817",30169383
24,-7,['볼빨간사춘기'],나만 안되는 연애,Full Album RED PLANET,"178,491",9620473
25,New,['방탄소년단'],봄날,YOU NEVER WALK ALONE,"459,262",30244931
26,New,['TWICE (트와이스)'],KNOCK KNOCK,TWICEcoaster : LANE 2,"161,128",30261007
27,-9,['BLACKPINK'],불장난,SQUARE TWO,"155,358",30069773
28,-15,['헤이즈 (Heize)'],저 별,저 별,"127,929",30132701
29,-10,['어반자카파'],소원,도깨비 OST Part.10,"48,458",30191370
30,+1,['볼빨간사춘기'],심술,Half Album RED ICKLE,"126,722",8155478
31,-19,['BIGBANG'],LAST DANCE,MADE,"121,773",30147446
32,+10,['방탄소년단'],피 땀 눈물,WINGS,"275,937",30029173
33,+60,"['마크툽 (MAKTUB)', '구윤회']",Marry Me,마크툽 프로젝트 Vol.03,"172,878",4786735
34,-14,['정준일'],첫 눈,도깨비 OST Part.8,"87,755",30178900
35,-9,['한동근'],그대라는 사치,The 3rd Digital Single `그대라는 사치`,"170,315",9614761
36,+9,['AOA'],Excuse Me,AOA 1st Album ANGEL`S KNOCK,"42,306",30179099
37,-15,['정승환'],이 바보야,목소리,"120,536",30120986
38,-6,['한동근'],이 소설의 끝을 다시 써보려 해,The 1st Digital Single `이 소설의 끝을 다시 써보려 해`,"216,534",5398990
39,-9,['헤이즈 (Heize)'],돌아오지마 (Feat. 용준형 Of 비스트),돌아오지마,"174,034",8143111
40,-3,['박재범'],"All I Wanna Do (K) (Feat. Hoody, Loco)",EVERYTHING YOU WANTED,"153,915",30049271
41,+37,['헤이즈 (Heize)'],Round and round (Feat. 한수지),도깨비 OST Part.14,"43,744",30213419
42,-18,['10CM'],내 눈에만 보여,도깨비 OST Part.2,"49,970",30143498
43,+1,['Red Velvet (레드벨벳)'],러시안 룰렛 (Russian Roulette),Russian Roulette - The 3rd Mini Album,"160,064",9634954
44,-6,['임창정'],내가 저지른 사랑,I`M,"220,823",9631530
45,+3,['볼빨간사춘기'],You(=I),Full Album RED PLANET,"101,611",9620471
46,+6,['비'],최고의 선물 (Prod. by PSY),최고의 선물,"34,692",30202716
47,+14,['아이오아이 (I.O.I)'],소나기,소나기,"159,385",30208070
48,-12,['아이오아이 (I.O.I)'],너무너무너무,miss me?,"113,959",30040810
49,New,['Zion.T'],영화관,OO,"14,857",30227060
50,-21,"['김희철', '민경훈']",나비잠 (Sweet Dream),나비잠 (Sweet Dream) - SM STATION,"118,809",30105621
51,-17,['세정'],꽃길 (Prod. By ZICO),Jelly box 꽃길 (Prod. By 지코(ZICO)) 세정,"152,304",30105590
52,-19,['지코 (ZICO)'],"BERMUDA TRIANGLE (Feat. Crush, DEAN)",BERMUDA TRIANGLE,"106,496",30113165
53,-12,['어반자카파'],널 사랑하지 않아,스틸,"187,987",8199190
54,-27,['Lasse Lindh'],Hush,도깨비 OST Part.3,"83,644",30143605
55,-40,['하하 X MINO'],쏘아,무한도전 위대한 유산,"44,454",30179088
56,-17,['태연 (TAEYEON)'],11:11,11:11,"140,717",30072072
57,-14,['박효신'],숨,I am A Dreamer,"200,090",30011624
58,-11,['TWICE (트와이스)'],CHEER UP,PAGE TWO,"215,356",8158031
59,-13,['정승환'],너였다면,또 오해영 OST Part.5,"182,136",8203900
60,-11,['DEAN'],D (half moon) (Feat. 개코),130 mood : TRBL,"215,612",8109412
61,-6,['엠씨더맥스'],어디에도,pathos,"197,386",8033528
62,-34,['BIGBANG'],GIRLFRIEND,MADE,"61,233",30147447
63,-42,['양세형 X BewhY'],만세,무한도전 위대한 유산,"31,316",30179092
64,-11,['BLACKPINK'],휘파람,SQUARE ONE,"129,041",8304594
65,New,['방탄소년단'],Not Today,YOU NEVER WALK ALONE,"183,382",30244932
66,New,"['샘김 (Sam Kim)', '로꼬']",Think About` Chu (Prod. By 박근태),Boys and Girls Music Vol.1,"56,241",30215674
67,+5,['마마무(Mamamoo)'],LOVE,도깨비 OST Part.13,"36,898",30203331
68,New,['허각'],"혼자, 한잔",戀書 (연서),"46,838",30225056
69,-10,['어반자카파'],목요일 밤 (Feat. 빈지노),목요일 밤,"114,768",9613173
70,-2,['Sam Smith'],I`m Not The Only One,In The Lonely Hour,"218,002",4660794
71,+17,['Justin Bieber'],Love Yourself,Purpose (Deluxe),"210,500",7931286
72,New,['DEAN'],넘어와 (Feat. 백예린),limbo,"101,777",30257703
73,+1,['방탄소년단'],불타오르네 (FIRE),화양연화 Young Forever,"218,185",8167307
74,-12,['BewhY (비와이)'],Day Day (Feat. 박재범) (Prod. by GRAY),쇼미더머니 5 Episode 4,"110,598",8261338
75,-4,['권진아'],끝,웃긴 밤,"109,271",9646572
76,New,['창모 (CHANGMO)'],마에스트로 (Maestro),돈 벌 시간 2,"104,003",8276708
77,-13,['EXO'],Monster,EX`ACT - The 3rd Album,"166,320",8217164
78,-20,['Crush'],어떻게 지내,wonderlust,"128,034",30038185
79,-9,"['로이킴', '김이지']",HEAVEN,도깨비 OST Part.12,"28,929",30203902
80,-26,['EXO'],For Life,"For Life - 겨울 스페셜 앨범, 2016","116,693",30157820
81,-30,"['Ryan Gosling', 'Emma Stone']","City Of Stars (From ""La La Land"" Soundtrack)",라라 랜드 OST,"109,963",30102883
82,-17,['헤이즈 (Heize)'],"And July (Feat. DEAN, DJ Friz)",And July,"133,719",8271355
83,New,['Zion.T'],Comedian,OO,"7,623",30227062
84,New,['Zion.T'],나쁜 놈들,OO,"8,858",30227064
85,-18,"['C JAMM', 'BewhY (비와이)']",puzzle,puzzle,"102,201",8308231
86,-23,['MC몽'],널 너무 사랑해서 (Feat. 정은지 of 에이핑크),U.F.O,"40,962",30072075
87,-31,['로꼬'],남아있어 (Feat. Crush),남아있어,"78,658",30063772
88,-11,['EXO'],Lotto,LOTTO - The 3rd Album Repackage,"128,628",9606657
89,-64,['유재석 X Dok2'],처럼 (Feat. 이하이),무한도전 위대한 유산,"24,865",30179090
90,-24,['지아'],술 한잔해요 오늘,술 한잔해요 오늘,"28,361",30126870
91,-31,['다비치'],내 옆에 그대인 걸,50 X HALF,"61,102",30035555
92,New,['Zion.T'],바람 (2015),OO,"16,351",30227066
93,-17,['정준일'],안아줘,Lo9ve3r4s,"197,453",3620493
94,New,['수지 (SUZY)'],Yes No Maybe,Yes? No?,"23,665",30217810
95,-3,['2NE1'],안녕,안녕,"29,274",30215217
96,-61,['정준하 X ZICO'],지칠 때면 (Feat. 김종완 of Nell),무한도전 위대한 유산,"31,074",30179093
97,-11,['EXO'],Lucky One,EX`ACT - The 3rd Album,"111,748",8217163
98,New,['방탄소년단'],A Supplementary Story : You Never Walk Alone,YOU NEVER WALK ALONE,"109,703",30244934
99,-42,['AKMU (악동뮤지션)'],리얼리티,사춘기 하 (思春記 下),"34,304",30181277
100,New,['김경희 (에이프릴세컨드)'],And I`m here,도깨비 OST Part.11,"30,064",30192354
