﻿rank,rank_change,singer,title,album,like,song_code
1,+28,['엔플라잉 (N.Flying)'],옥탑방 (Rooftop),FLY HIGH PROJECT #2 `옥탑방`,"228,620",31532656
2,+14,['케이시 (Kassy)'],그때가 좋았어,그때가 좋았어,"191,840",31524320
3,+9,['ITZY (있지)'],달라달라,IT`z Different,"138,065",31606729
4,New,['에픽하이 (EPIK HIGH)'],술이 달다 (Feat. Crush),sleepless in __________,"96,029",31658897
5,-0,['화사(Hwa Sa)'],멍청이(twit),멍청이(twit),"118,077",31608765
6,-5,['우디 (Woody)'],이 노래가 클럽에서 나온다면,이 노래가 클럽에서 나온다면,"113,505",31576009
7,-5,['엠씨더맥스'],넘쳐흘러,Circular,"143,525",31532643
8,-5,['청하'],벌써 12시,벌써 12시,"152,149",31532438
9,New,['박봄'],봄 (feat. 산다라박),Spring,"84,520",31663597
10,New,['10CM'],그러나,4.3,"66,682",31652857
11,New,['백예린'],그건 아마 우리의 잘못은 아닐 거야,Our love is great,"127,993",31674786
12,-8,['이소라'],신청곡 (Feat. SUGA of BTS),신청곡 (Feat. SUGA of BTS),"185,421",31571110
13,-4,['윤건'],너도 그냥 날 놓아주면 돼,너도 그냥 날 놓아주면 돼,"112,745",31455159
14,New,['마마무(Mamamoo)'],고고베베 (gogobebe),White Wind,"78,905",31668491
15,-7,['하은'],신용재,신용재,"124,876",31406357
16,New,['장범준'],당신과는 천천히,장범준 3집,"100,657",31684634
17,-10,"['Jvcki Wai', '양홍원', 'Osshun Gum', '한요한']",띵 (Prod. By 기리보이),Dingo X Indigo Music,"120,380",31554317
18,-12,['폴킴'],초록빛,초록빛,"117,323",31565593
19,-8,['폴킴'],너를 만나,너를 만나,"249,511",31388145
20,-6,['폴킴'],"모든 날, 모든 순간 (Every day, Every Moment)",`키스 먼저 할까요?` OST Part.3,"318,708",30962526
21,-11,['벤'],180도,180˚,"154,605",31477685
22,-9,['제니 (JENNIE)'],SOLO,SOLO,"181,044",31417871
23,New,['태연 (TAEYEON)'],사계 (Four Seasons),사계 (Four Seasons),"203,840",31688205
24,+10,['엠씨더맥스'],사계 (하루살이),Circular,"102,152",31532642
25,-8,['케이윌'],내 생에 아름다운,뷰티 인사이드 OST Part.4,"133,010",31373277
26,New,['선미'],누아르 (Noir),누아르 (Noir),"36,124",31644106
27,New,['헤이즈 (Heize)'],SHE`S FINE,She`s Fine,"52,734",31677966
28,-7,['숀 (SHAUN)'],Way Back Home,Take,"285,361",31151836
29,-11,['TWICE (트와이스)'],YES or YES,YES or YES,"142,347",31403163
30,New,['닐로(Nilo)'],미운 날,29,"38,108",31629490
31,-16,['MINO (송민호)'],아낙네,XX,"169,850",31448480
32,-10,['임한별'],이별하러 가는 길,이별하러 가는 길,"118,135",31304766
33,New,['잔나비'],주저하는 연인들을 위해,전설,"241,531",31666417
34,New,['(여자)아이들'],Senorita,I made,"53,528",31635202
35,New,['하은요셉'],여자친구,여자친구,"43,870",31652482
36,-10,['Ariana Grande'],"thank u, next","thank u, next","136,966",31402611
37,-10,['양다일'],고백,고백,"128,453",31356458
38,-19,['WINNER'],MILLIONS,MILLIONS,"137,279",31506637
39,-4,['Ariana Grande'],7 rings,7 rings,"97,752",31567235
40,-15,['아이유'],삐삐,삐삐,"241,408",31346009
41,-17,['허각'],흔한 이별,흔한 이별,"67,153",31453551
42,New,['백예린'],야간비행 (魔女の花),Our love is great,"53,073",31674785
43,-20,['바이브'],가을 타나 봐,가을 타나 봐,"132,573",31314144
44,-14,['방탄소년단'],IDOL,LOVE YOURSELF 結 `Answer`,"285,935",31266290
45,-7,['닐로(Nilo)'],지나오다,About You,"218,050",30699142
46,-15,['벤'],열애중,RECIPE,"171,760",31062863
47,-3,['방탄소년단'],봄날,YOU NEVER WALK ALONE,"459,265",30244931
48,-5,['노을'],너는 어땠을까,별,"87,019",31403156
49,-29,['로꼬'],오랜만이야 (Feat. Zion.T),HELLO,"39,886",31597981
50,-17,['임창정'],하루도 그대를 사랑하지 않은 적이 없었다,하루도 그대를 사랑하지 않은 적이 없었다,"149,555",31316695
51,-23,['EXO'],Love Shot,LOVE SHOT - The 5th Album Repackage,"166,194",31492319
52,-3,['폴킴'],비,비,"241,281",8235260
53,-13,"['pH-1', 'Kid Milli', '루피(Loopy)']",Good Day (Feat. 팔로알토) (Prod. 코드 쿤스트),쇼미더머니 777 Episode 1,"154,791",31340985
54,New,['장덕철'],"시작됐나, 봄","시작됐나, 봄","21,049",31646298
55,-18,['비투비'],아름답고도 아프구나,HOUR MOMENT,"149,025",31417922
56,New,['장범준'],노래방에서,장범준 3집,"159,149",31684636
57,-6,['아이유'],밤편지,밤편지,"352,400",30314784
58,-12,['양다일'],미안해,inside,"166,030",30809895
59,New,['Anne-Marie'],2002,Speak Your Mind (Deluxe),"304,359",31029291
60,-13,['장덕철'],알았다면,알았다면,"42,836",31510409
61,-11,['방탄소년단'],FAKE LOVE,LOVE YOURSELF 轉 `Tear`,"296,567",31085237
62,-30,['여자친구 (GFRIEND)'],해야 (Sunrise),여자친구 The 2nd Album `Time for us`,"60,236",31556500
63,-18,['BLACKPINK'],뚜두뚜두 (DDU-DU DDU-DU),SQUARE UP,"211,587",31131273
64,-8,"['기리보이', 'Kid Milli', 'NO:EL', '스윙스']",flex (Prod. By 기리보이),Dingo X Indigo Music,"145,556",31219546
65,-23,['EXO'],Tempo,DON`T MESS UP MY TEMPO - The 5th Album,"186,564",31399721
66,-30,['세븐틴'],Home,SEVENTEEN 6TH MINI ALBUM `YOU MADE MY DAWN`,"83,225",31570736
67,-13,['TWICE (트와이스)'],Dance The Night Away,Summer Nights,"157,718",31175119
68,New,['우원재'],호불호 (Feat. 기리보이) (Prod. By GRAY),호불호,"49,141",31659570
69,-5,['비투비'],그리워하다,Brother Act.,"237,632",30672529
70,-11,['방탄소년단'],DNA,LOVE YOURSELF 承 `Her`,"359,651",30637982
71,-8,['비투비'],너 없인 안 된다,THIS IS US,"168,985",31133898
72,-19,['펀치 (Punch)'],헤어지는 중,헤어지는 중,"113,101",31302310
73,-32,['헤이즈 (Heize)'],첫눈에,첫눈에,"65,317",31495659
74,-22,['IZ*ONE (아이즈원)'],라비앙로즈 (La Vie en Rose),COLOR*IZ,"106,144",31388213
75,New,['Lauv'],Paris In The Rain,I met you when I was 18. (the playlist),"182,425",31341518
76,-10,['방탄소년단'],I`m Fine,LOVE YOURSELF 結 `Answer`,"192,328",31266289
77,-17,['먼데이 키즈 (Monday Kiz)'],가을 안부,가을 안부,"144,538",30669593
78,New,"['Lil tachi', '호치키스 (김호진)']",눈 (Prod. 기리보이),고등래퍼3 팀대항전 Part 1,"99,861",31671295
79,New,['강민경 (다비치)'],사랑해서 그래,강민경 1집,"25,995",31636358
80,New,['거미'],혼자,혼자,"28,333",31674782
81,New,['에픽하이 (EPIK HIGH)'],새벽에,sleepless in __________,"33,215",31658898
82,-27,['로이킴'],우리 그만하자,우리 그만하자,"122,365",31314142
83,-14,['방탄소년단'],Answer : Love Myself,LOVE YOURSELF 結 `Answer`,"179,277",31266291
84,-23,['선미'],사이렌 (Siren),WARNING,"119,544",31286161
85,-18,"['저스디스 (JUSTHIS)', 'Kid Milli', 'NO:EL', '양홍원']",IndiGO,IM,"111,291",31144690
86,-29,['오반'],행복,행복,"89,783",31470006
87,-29,['로꼬'],시간이 들겠지 (Feat. Colde),시간이 들겠지,"116,371",31344113
88,-18,['방탄소년단'],Euphoria,LOVE YOURSELF 結 `Answer`,"189,392",31266282
89,New,['백예린'],내가 날 모르는 것처럼 (Feat. 카더가든),Our love is great,"38,757",31674789
90,New,['버스커 버스커'],벚꽃 엔딩,버스커 버스커 1집,"343,126",3753304
91,-20,['하성운'],잊지마요 (Feat. 박지훈),잊지마요,"67,596",31584299
92,New,['하성운'],BIRD,My Moment,"48,015",31639947
93,-11,['첸 (CHEN)'],Make it count,진심이 닿다 OST Part.1,"54,244",31597986
94,-20,['방탄소년단'],전하지 못한 진심 (Feat. Steve Aoki),LOVE YOURSELF 轉 `Tear`,"227,713",31085238
95,New,['헤이즈 (Heize)'],그러니까 (Feat. Colde),She`s Fine,"42,381",31677967
96,-48,['Apink (에이핑크)'],%%(응응),PERCENT,"42,007",31542508
97,-35,['Wanna One (워너원)'],봄바람,1¹¹=1 (POWER OF DESTINY),"141,255",31433084
98,-59,['하진'],We all lie,SKY 캐슬 OST Part.4,"78,643",31486544
99,-24,['세븐틴'],아주 NICE,Love&Letter Repackage Album,"112,771",8252573
100,-35,['숀 (SHAUN)'],습관 (Bad Habits),안녕,"36,492",31526249
