﻿rank,rank_change,singer,title,album,like,song_code
1,New,['GG (박명수 & G-Dragon)'],바람났어 (Feat. 박봄),무한도전 서해안 고속도로 가요제,"20,875",3467463
2,+63,['2NE1'],내가 제일 잘 나가,내가 제일 잘 나가 (Digital Single),"23,296",3452769
3,New,['처진 달팽이 (유재석 & 이적)'],압구정 날라리,무한도전 서해안 고속도로 가요제,"15,345",3467466
4,+29,['2PM'],Hands Up,Hands Up,"11,616",3448185
5,New,['티아라'],Roly-Poly,존트라볼타 워너비,"29,231",3457172
6,+17,['f(x)'],Hot Summer,`Hot Summer` f(x) 1st Album Repackage,"28,950",3440448
7,New,['바닷길 (길 & 바다)'],나만 부를 수 있는 노래,무한도전 서해안 고속도로 가요제,"14,343",3467462
8,-7,['시크릿'],별빛달빛,별빛달빛,"20,964",3424822
9,New,['파리돼지앵 (정형돈 & 정재형)'],순정마초,무한도전 서해안 고속도로 가요제,"6,885",3467461
10,-3,['포맨'],살다가 한번쯤,The Artist,"39,865",3427926
11,New,['현아'],Bubble Pop!,Bubble Pop!,"22,686",3468048
12,New,['철싸 (노홍철 & 싸이)'],흔들어 주세요,무한도전 서해안 고속도로 가요제,"9,800",3467467
13,New,['스윗 콧소로우 (정준하 & 스윗소로우)'],정주나요,무한도전 서해안 고속도로 가요제,"8,731",3467465
14,-11,['비스트'],비가 오는 날엔,비가 오는 날엔,"108,445",3397448
15,New,['마이티 마우스'],랄랄라 (Feat. 소야),랄랄라,"20,157",3460102
16,New,['정용화 (CNBLUE)'],넌 내게 반했어,넌 내게 반했어 OST Part.1,"10,502",3460074
17,New,['처진 달팽이 (유재석 & 이적)'],말하는 대로,무한도전 서해안 고속도로 가요제,"57,856",3471644
18,New,['센치한 하하 (하하 & 10cm)'],죽을래 사귈래,무한도전 서해안 고속도로 가요제,"3,939",3467464
19,+12,['김범수'],끝사랑,Solista Part.2,"110,176",3436083
20,-2,['써니힐'],Midnight Circus,Midnight Circus,"13,706",3422448
21,-16,['비스트'],Fiction,Fiction And Fact,"56,301",3403761
22,+36,"['아이유', '김연아']",얼음꽃 (Feat. 김세황),얼음꽃,"48,338",3450190
23,-17,['허각'],나를 잊지 말아요,최고의 사랑 OST Part.5,"22,592",3424854
24,New,['미쓰에이'],Good-bye Baby,A Class,"17,506",3488849
25,+51,['에이트'],그 입술을 막아본다,8eight,"14,584",3446888
26,-22,['2NE1'],Lonely,Lonely,"14,971",3397797
27,+16,['장기하와 얼굴들'],그렇고 그런 사이,장기하와 얼굴들,"9,211",3434891
28,New,['민경훈'],She,소풍,"6,224",3457206
29,+54,['10CM'],사랑은 은하수 다방에서,1.0,"60,415",3136472
30,New,['레인보우'],Sweet Dream,Sweet Dream,"5,875",3450766
31,New,['현아'],A Bitter Day (Feat. 용준형 & G.NA),A Bitter Day (Feat. 용준형 & G.NA),"13,495",3462710
32,-17,['임재범'],사랑,시티헌터 OST Part.1,"26,767",3408448
33,-25,['FTISLAND (FT아일랜드)'],Hello Hello,Return,"8,435",3411459
34,New,['걸스데이'],한번만 안아줘,Everyday,"12,120",3472249
35,-26,['씨스타19'],Ma Boy (마보이),Ma Boy,"25,681",3385548
36,New,['나비'],다이어리,다이어리,"15,444",3459504
37,-35,['아이유'],내 손을 잡아,최고의 사랑 OST Part.4,"41,538",3414749
38,-27,['박봄'],Don`t Cry,Don`t Cry,"22,698",3373007
39,New,['더 네임'],겨우살아 (Feat. 케이윌),겨우살아,"3,345",3458226
40,New,['2NE1'],Hate You,2NE1 2nd Mini Album,"9,748",3488750
41,-13,['JK 김동욱'],조율,[서바이벌 나는 가수다] 경연4-2. `청중평가단 추천곡`,"8,296",3438954
42,New,['김조한'],I Believe (신승훈),[나는 가수다] 경연6-1. `이 무대에서 도전하고 싶은 노래`,"1,387",3478954
43,-26,['F-ve Dolls'],이러쿵 저러쿵,Club Remix Time To Play,"7,372",3395649
44,New,['백지영'],오늘도 사랑해,공주의 남자 OST Part.1,"12,993",3486450
45,New,['돈 스파이크'],Hello (With 나얼),돈스파이크 Presents Vol.1,"5,370",3453622
46,New,['엠블랙'],모나리자 (Mona Lisa),모나리자,"6,986",3480463
47,-37,['김연우'],나와 같다면 (김장훈),[서바이벌 나는 가수다] 경연3-2. `네티즌 추천곡`,"22,750",3411851
48,New,"['먼데이 키즈 (Monday Kiz)', '가비엔제이']",빙빙빙 (Feat. 써니사이드 챙),소울트레인(Soul Train) Part.2,"4,194",3475250
49,-8,['백지영'],아이캔`t 드링크,최고의 사랑 OST,"2,916",3441135
50,New,"['Homme (창민, 이현)']",남자니까 웃는거야,Homme By `Hitman` Bang - 남자니까 웃는거야,"5,372",3485088
51,New,['천상지희 다나&선데이'],나 좀 봐줘 (One More Chance),`나 좀 봐줘 (One More Chance)` The 1st Digital Single,"3,157",3478175
52,-33,['f(x)'],피노키오 (Danger),`피노키오` f(x) The 1st Album,"18,364",3366160
53,-32,['10CM'],아메리카노,아메리카노,"14,331",2793050
54,-38,['김범수'],늪 (조관우),[서바이벌 나는 가수다] 경연3-2. `네티즌 추천곡`,"9,643",3411852
55,+29,['김보경 (NEON)'],Suddenly,시티헌터 OST Part.4,"18,530",3441478
56,-42,['써니힐'],두근두근,최고의 사랑 OST Part.3,"20,669",3405381
57,+3,['박정현'],바보 (박효신),[서바이벌 나는 가수다] 경연5-1. `내가 부르고 싶은 노래`,"2,941",3448851
58,New,['애프터스쿨 RED'],밤 하늘에,The 4th Single Album - RED,"3,388",3492688
59,-46,['백지영'],보통,Pitta,"8,718",3403255
60,-35,['김범수'],제발,[서바이벌 나는 가수다] 경연2. `서로의 노래 바꿔 부르기`,"22,230",3337773
61,-41,['애프터스쿨'],Shampoo,Virgin,"24,273",3379391
62,New,['바비 킴'],사랑이 무서워,스파이 명월 OST Part.1,211,3470969
63,New,['박정현'],나 가거든 (If I Leave) (조수미),[나는 가수다] 경연6-2. `청중 평가단 추천곡`,"6,367",3500554
64,New,['화요비'],I`m Ok,Reborn,"1,690",3462611
65,New,['YB'],빙글빙글 (나미),[서바이벌 나는 가수다] 경연5-2. `청중 평가단 추천곡`,"1,628",3467658
66,-42,['임정희'],Golden Lady (Feat. 현아 Of 4Minute),Golden Lady,"15,839",3391560
67,New,['애프터스쿨 BLUE'],원더보이 (Wonder Boy),The 4th Single Album - BLUE,"3,298",3492660
68,New,['린'],Love Me For Me,Metro Sexy 7.,"1,461",3483744
69,New,['럼블피쉬'],사랑해요 사랑해요,사랑해요 사랑해요,"2,153",3482503
70,New,['장혜진'],술이야 (바이브),[나는 가수다] 경연6-2. `청중 평가단 추천곡`,"2,954",3500548
71,New,['Maroon 5'],Moves Like Jagger (Feat. Christina Aguilera) (Studio Recording From The Voice Performance),Moves Like Jagger,"71,309",3457091
72,New,['민경훈'],짧은 한마디,소풍,"3,784",3450167
73,-51,['지나'],내 사람이라서,최고의 사랑 OST Part.2,"1,914",3394950
74,New,['정용화 (CNBLUE)'],그리워서...,넌 내게 반했어 OST Part.3,"12,214",3482749
75,-16,['BMK'],삐에로는 우릴 보고 웃지 (김완선),[서바이벌 나는 가수다] 경연5-1. `내가 부르고 싶은 노래`,"1,777",3448852
76,New,['박정현'],겨울비 (시나위),[서바이벌 나는 가수다] 경연5-2. `청중 평가단 추천곡`,990,3467657
77,New,"['이기광', '용감한 형제', '일렉트로보이즈']",Break Up,Break Up,"6,254",3483048
78,New,['박정현'],세상 그 누구보다,스파이 명월 OST Part.2,898,3478633
79,-67,['옥주현'],천일동안 (이승환),[서바이벌 나는 가수다] 경연4-1. `내가 좋아하는 뮤지션의 곡 부르기`,"8,483",3422254
80,New,['가비엔제이'],당신을 사랑합니다,내 마음이 들리니 OST,576,3455330
81,New,"['장혜진', '예성 (YESUNG)']",그대뒤에 있습니다.,그대뒤에 있습니다. (Cooperation Part.1),"2,287",3484598
82,New,['Beyonce'],Best Thing I Never Had,Best Thing I Never Had,"4,057",3445271
83,-4,['장혜진'],슬픈인연 (나미),[서바이벌 나는 가수다] 경연5-1. `내가 부르고 싶은 노래`,"3,153",3448853
84,-57,['박정현'],이젠 그랬으면 좋겠네 (조용필),[서바이벌 나는 가수다] 경연3-1. `내가 부르고싶은 남의노래`,"6,011",3394454
85,+11,"['Nari & Milani', 'Cristian Marchi']",I Got My Eye On You (Cristian Marchi & Paolo Sandrini Perfect Edit) (Feat. Luciana),I Got My Eye On You,"15,409",2992122
86,New,['김범수'],사랑하오 (김현철&윤상),[서바이벌 나는 가수다] 경연5-2. `청중 평가단 추천곡`,"2,183",3467659
87,-55,['걸스데이'],반짝반짝,Girl`s Day Party #3,"22,063",3319849
88,New,['2NE1'],UGLY,2NE1 2nd Mini Album,"38,128",3509751
89,-40,['김범수'],님과 함께,[서바이벌 나는 가수다] 경연4-2. `청중평가단 추천곡`,"1,231",3438948
90,+10,['포맨'],내 여친,The Artist,"19,277",3429522
91,-44,['김현중'],Break Down (Feat. Double K),Break Down,"1,379",3429749
92,New,['인피니트'],내꺼하자,Over The Top,"45,276",3488667
93,-63,['BIGBANG'],LOVE SONG,빅뱅 스페셜에디션,"38,018",3349297
94,-68,['임재범'],여러분 (윤복희),[서바이벌 나는 가수다] 경연3-2. `네티즌 추천곡`,"7,249",3411854
95,New,['박유천'],너를 위한 빈자리,미스 리플리 OST Part.3,"3,980",3450280
96,New,['LMFAO'],Party Rock Anthem (Feat. Lauren Bennett & Goon Rock),Party Rock Anthem,"23,090",3135148
97,New,['박정현'],이브의 경고 (박미경),[나는 가수다] 경연6-1. `이 무대에서 도전하고 싶은 노래`,"1,506",3478950
98,New,['김범수'],외톨이야 (씨엔블루),[나는 가수다] 경연6-1. `이 무대에서 도전하고 싶은 노래`,576,3478952
99,New,['마이키'],All For U (With 김종국),All For U (With 김종국),813,3456348
100,-66,['디셈버'],미인,Beautiful Woman,"4,171",3389324
