﻿rank,rank_change,singer,title,album,like,song_code
1,New,['FTISLAND (FT아일랜드)'],사랑사랑사랑,Beautiful Journey,"13,355",2906349
2,+88,['씨스타'],가식걸,가식걸,"10,986",2908515
3,New,['휘성 (Realslow)'],결혼까지 생각했어,Realslow Is Back,"44,625",2903041
4,-3,"['Homme (창민, 이현)']",밥만 잘 먹더라,Homme By `Hitman` Bang,"25,201",2776748
5,New,['포맨'],U,You,"15,544",2910952
6,New,['2NE1'],Can`t Nobody,To Anyone,"18,386",2930967
7,+8,['시크릿'],Madonna,Madonna,"6,696",2797558
8,New,['2NE1'],Go Away,To Anyone,"37,024",2930968
9,+33,['레인보우'],A,A (Digital Single),"16,763",2803451
10,New,"['Supreme Team', '영준 (브라운 아이드 소울)']",왜,왜,"19,916",2924048
11,-9,['DJ DOC'],나 이런사람이야,풍류,"11,792",2783154
12,New,['2NE1'],박수쳐,To Anyone,"8,766",2930969
13,-10,['미쓰에이'],Bad Girl Good Girl,Bad But Good,"27,648",2741416
14,-6,['이승기'],정신이 나갔었나봐,정신이 나갔었나봐,"7,130",2793051
15,-11,['보아 (BoA)'],Hurricane Venus,Hurricane Venus,"10,034",2788757
16,-11,['다비치'],난 너에게,조영수 All Star - 다비치,"19,353",2783260
17,+37,['나르샤 (Brown Eyed Girls)'],맘마미아 (With Sunny Hill),맘마미아,"1,888",2901845
18,-7,['지아'],웃음만..,Difference,"12,251",2792665
19,New,['2NE1'],아파 (Slow),To Anyone,"34,322",2930971
20,+62,['박효신'],널 사랑한다,아테나 OST Part.1,"13,038",2900010
21,-15,['MC몽'],죽을 만큼 아파서 (Feat. 멜로우),블루브랜드 Trauma Part 2,"68,069",2733249
22,-13,['SE7EN'],Better Together,Digital Bounce,"4,354",2772064
23,-11,['DJ DOC'],부치지 못한 편지,풍류,"15,406",2783256
24,New,['미스에스'],이 나이 먹고 뭐했길래 (Feat. 정슬기),Miss Independent,"8,607",2933662
25,-15,['SHINee (샤이니)'],Lucifer,The 2nd Album `Lucifer`,"19,560",2768149
26,-19,['지나'],꺼져 줄게 잘 살아 (Feat. 용준형),Draw G`s First Breath,"11,717",2759748
27,+40,['태양'],I`ll Be There (Korean Ver.),Solar (인터내셔널 릴리즈 앨범),"6,602",2900275
28,-1,['서인국'],애기야 (My Baby U),애기야,"10,555",2801651
29,-12,['아이유'],잔소리 (With 2AM 슬옹),잔소리,"67,811",2705410
30,-2,['이승철'],그 사람,제빵왕 김탁구 OST Part.3,"27,273",2759248
31,New,['임정희'],헤어지러 가는 길 (Feat. 조권),헤어지러 가는 길,"4,941",2940474
32,+24,['이루'],하얀 눈물,Got To Be,"1,275",2896555
33,New,['가비엔제이'],그만하자,그만하자,"2,648",2925029
34,-2,['SE7EN'],Digital Bounce (Feat. T.O.P),Digital Bounce,"3,367",2772063
35,New,['2NE1'],사랑은 아야야,To Anyone,"6,356",2930972
36,-20,['4minute'],I My Me Mine,Hit Your Heart,"4,927",2688951
37,New,['2NE1'],난 바빠,To Anyone,"4,217",2930970
38,New,['브라운 아이드 소울'],그대 (Original Ver.),그대,"5,898",2928874
39,New,"['다비치', '일렉트로보이즈']",너를 그린다,The Classic,"3,275",2801292
40,-5,['디셈버'],혼자 왔어요 (December Ver.),Lonely Night,"2,934",2763048
41,+14,['나비'],끝까지 들어,끝까지 들어,685,2898721
42,-22,['Supreme Team'],땡땡땡,Spin Off (Repackage),"24,914",2705414
43,New,['TraxX (트랙스)'],오! 나의 여신님 (Oh! My Goddess),오! 나의 여신님,"5,714",2919565
44,New,['지나'],키스해줄래,장난스런 키스 OST Part.1,880,2919003
45,-32,['손담비'],queen,The Queen,"9,027",2748528
46,New,['씨야'],미쳤나봐,안영민 Baby Brown,859,2923570
47,New,['KCM'],3년이 지났어,3년이 지났어 (Digital Single),478,2914957
48,New,['이승기'],지금부터 사랑해 (내 여자친구는 구미호 삽입곡),지금부터 사랑해,"6,247",2943430
49,New,['카라'],2Me (투미),We Online Part.2,863,2917440
50,-32,['태양'],I Need A Girl (Feat. G-dragon),Solar,"24,530",2741397
51,New,['안진경'],사랑이 딱해 (Feat. 비스트 이기광),Be The Voice,"2,028",2907204
52,-33,['길미'],미안해 사랑해서...(Feat. 케이윌),Love Actually,"5,029",2782665
53,-27,"['박재범', '용감한 형제']",울고 싶단 말야,The Classic,"4,688",2801290
54,New,['박효신'],안녕 사랑아,안녕 사랑아 (Digital Single),"26,958",2937988
55,-33,"['아이유', '유승호']",사랑을 믿어요,사랑의 리퀘스트,"14,310",2788462
56,-33,['조권'],고백하던 날,고백하던 날,"10,786",2741566
57,-23,['오렌지 캬라멜'],마법소녀 (魔法少女),The First Mini Album,"10,005",2719683
58,New,['V.O.S'],Full Story,The Blue Bird,"1,393",2944387
59,-45,['보아 (BoA)'],Game,Hurricane Venus,"3,178",2782368
60,New,"['박유천', 'XIA (준수)', '김재중']",찾았다,성균관 스캔들 OST,"32,104",2943720
61,-10,['조성모'],바람필래,성모 Meet Brave,392,2802840
62,-41,['나르샤 (Brown Eyed Girls)'],삐리빠빠,Narsha,"4,570",2746858
63,-38,['아이유'],여자라서,로드 넘버원 OST Part.3,"20,619",2759655
64,-34,"['먼데이 키즈 (Monday Kiz)', 'V.O.S']",미치겠다 (With V.O.S),Summer,"3,531",2773066
65,New,['정엽'],Love You (Feat. Piano By Eco Bridge),Love You / Without You (Digital Single),"2,874",2944162
66,+2,['이루'],사랑아 (`제빵왕 김탁구` 삽입곡),사랑아,657,2897374
67,New,['럼블피쉬'],기분 좋은 말,기분 좋은 말,948,2929086
68,New,['구피'],못난 남자야,Unplugged Soul,"1,030",2916590
69,New,['비스트'],주먹을 꽉 쥐고,주먹을 꽉 쥐고,"14,156",2944748
70,New,['2PM'],Nori For U,Nori For U,941,2931072
71,-14,['남격밴드'],사랑해서 사랑해서,사랑해서 사랑해서,260,2896740
72,-36,['DJ DOC'],투게더,풍류,"3,428",2783156
73,New,['이적'],빨래,빨래,"34,484",2936289
74,+15,['이선희'],여우비,내 여자친구는 구미호 OST Part.1,"34,468",2804028
75,New,"['지오 (G.O)', '낯선']",O-IWI-O,O-IWI-O,"2,574",2921860
76,-12,['Eminem'],Love The Way You Lie (Feat. Rihanna),Recovery,"47,986",2728462
77,+9,['신민아'],샤랄라,내 여자친구는 구미호 OST Part.3,"1,141",2901993
78,-54,['박재범'],믿어줄래 (Full Melody Korean Ver.),믿어줄래,"13,295",2757170
79,New,['장혜진'],가려진 시간 사이로,가려진 시간 사이로,843,2939099
80,-41,['환희'],...하다가,H-hour,"1,972",2795074
81,-11,['Usher'],DJ Got Us Fallin' In Love (feat. Pitbull),Versus,"12,953",2756660
82,New,['오종혁'],가슴이 뛰잖아,Oj,"1,849",2944381
83,New,['포맨'],Say I Love You,You,"18,798",2910953
84,-53,['씨스타'],Push Push (푸시 푸시),Push Push,"8,290",2705407
85,-20,['Supreme Team'],너 때문이야 (Feat. Soulman),블루브랜드 Trauma Part 2,"26,625",2733251
86,-53,['DJ DOC'],오늘밤 (Feat. 아이비),풍류,"2,608",2783155
87,New,['Kelly Clarkson'],Because Of You,Because Of You (Remixes),"28,950",2183857
88,New,['린'],둘이 하나 (Love Theme) (With 봉구 Of 길구봉구),내 여자친구는 구미호 OST Part.4,"7,613",2908275
89,New,['San E'],맛좋은산 (Feat. Min),Everybody ready?,"12,320",2937631
90,New,['문지은'],히비예 히비요 (Hibiye Hibiyo),Hibiye Hibiyo,94,2925863
91,-54,['백지영'],시간이 지나면,Timeless : The Best,"2,934",2738241
92,New,['2NE1'],You And I,To Anyone,"11,511",2930973
93,New,['2AM'],L.O.V.E,어쿠스틱 OST Part.1,557,2942674
94,-11,['브라운 아이드 소울'],Nothing Better,"The Wind, The Sea, The Rain","14,956",1757006
95,New,['비'],W Song,W Song,31,2918432
96,-55,['지나'],애인이 생기면 하고 싶은 일 (With 비),애인이 생기면 하고 싶은 일 (With 비),"14,857",2745357
97,New,['써니사이드'],나쁜남자 착한여자 (Feat. 허가윤 Of 4minute),나쁜남자 착한여자,"1,012",2919019
98,-54,['디셈버'],별이될께,Tears In Heaven,"12,798",2682148
99,-39,['2PM'],Thank You,Thank You,"1,210",2897689
100,-47,['CNBLUE (씨엔블루)'],사랑 빛,Bluelove,"35,317",2675871
