﻿rank,rank_change,singer,title,album,like,song_code
1,+25,['TWICE (트와이스)'],KNOCK KNOCK,TWICEcoaster : LANE 2,"161,128",30261007
2,-1,['에일리'],첫눈처럼 너에게 가겠다,도깨비 OST Part.9,"298,831",30190630
3,New,['태연 (TAEYEON)'],Fine,My Voice - The 1st Album,"142,290",30278209
4,New,['정키'],부담이 돼 (Feat. 휘인 Of 마마무),EMPTY,"123,707",30290011
5,-1,['Red Velvet (레드벨벳)'],Rookie,Rookie - The 4th Mini Album,"129,289",30227054
6,-0,['볼빨간사춘기'],좋다고 말해,Full Album RED PLANET `Hidden Track`,"191,503",30163110
7,+26,"['마크툽 (MAKTUB)', '구윤회']",Marry Me,마크툽 프로젝트 Vol.03,"172,878",4786735
8,+2,['AKMU (악동뮤지션)'],오랜 날 오랜 밤,사춘기 하 (思春記 下),"180,965",30181278
9,-1,['블락비 (Block B)'],YESTERDAY,YESTERDAY,"107,052",30232778
10,-7,['Crush'],Beautiful,도깨비 OST Part 4,"201,763",30157753
11,+14,['방탄소년단'],봄날,YOU NEVER WALK ALONE,"459,262",30244931
12,+4,"['소유 (SOYOU)', '백현 (BAEKHYUN)']",비가와 (Rain),비가와,"124,035",30247520
13,-11,['Zion.T'],노래,OO,"76,194",30227061
14,-9,"['찬열 (CHANYEOL)', '펀치 (Punch)']",Stay With Me,도깨비 OST Part.1,"202,553",30132687
15,+3,['신현희와김루트'],오빠야,신현희와김루트,"128,163",5605860
16,-7,['BIGBANG'],에라 모르겠다,MADE,"165,610",30147445
17,-0,['볼빨간사춘기'],우주를 줄게,Full Album RED PLANET,"251,441",9620469
18,-5,['매드클라운'],우리집을 못 찾겠군요 (Feat. 볼빨간사춘기),우리집을 못 찾겠군요,"86,048",30230986
19,+1,['TWICE (트와이스)'],TT,TWICEcoaster : LANE 1,"191,539",30054344
20,New,['비투비'],MOVIE,Feel`eM,"121,293",30286429
21,+3,['볼빨간사춘기'],나만 안되는 연애,Full Album RED PLANET,"178,491",9620473
22,-1,['마마무(Mamamoo)'],Decalcomanie (데칼코마니),MEMORY,"137,838",30079086
23,-12,['소유 (SOYOU)'],I Miss You,도깨비 OST Part.7,"98,938",30177818
24,New,['여자친구 (GFRIEND)'],FINGERTIP,여자친구 The 4th Mini Album `THE AWAKENING`,"59,284",30285450
25,New,['아이유'],밤편지,밤편지,"352,395",30314784
26,-14,"['다이나믹 듀오', '첸 (CHEN)']",기다렸다 가,Mixxxture Project Vol.1,"107,117",30215199
27,+3,['볼빨간사춘기'],심술,Half Album RED ICKLE,"126,722",8155478
28,-1,['BLACKPINK'],불장난,SQUARE TWO,"155,358",30069773
29,New,['하이라이트 (Highlight)'],얼굴 찌푸리지 말아요,CAN YOU FEEL IT?,"122,811",30310862
30,-11,['에디킴'],이쁘다니까,도깨비 OST Part.5,"91,869",30169608
31,+4,['한동근'],그대라는 사치,The 3rd Digital Single `그대라는 사치`,"170,315",9614761
32,+40,['DEAN'],넘어와 (Feat. 백예린),limbo,"101,777",30257703
33,-26,['Zion.T'],Complex (feat. G-DRAGON),OO,"54,531",30227065
34,-19,['황광희 X 개코'],당신의 밤 (Feat. 오혁),무한도전 위대한 유산,"119,102",30179089
35,+41,['창모 (CHANGMO)'],마에스트로 (Maestro),돈 벌 시간 2,"104,003",8276708
36,-8,['헤이즈 (Heize)'],저 별,저 별,"127,930",30132701
37,New,['비투비'],언젠가 (SOMEDAY),Feel`eM,"85,372",30272285
38,+2,['박재범'],"All I Wanna Do (K) (Feat. Hoody, Loco)",EVERYTHING YOU WANTED,"153,915",30049271
39,-1,['한동근'],이 소설의 끝을 다시 써보려 해,The 1st Digital Single `이 소설의 끝을 다시 써보려 해`,"216,534",5398990
40,+5,['볼빨간사춘기'],You(=I),Full Album RED PLANET,"101,611",9620471
41,-18,['샘김 (Sam Kim)'],Who Are You,도깨비 OST Part.6,"93,817",30169383
42,New,['버스커 버스커'],벚꽃 엔딩,버스커 버스커 1집,"343,124",3753304
43,-11,['방탄소년단'],피 땀 눈물,WINGS,"275,937",30029173
44,-5,['헤이즈 (Heize)'],돌아오지마 (Feat. 용준형 Of 비스트),돌아오지마,"174,034",8143111
45,-11,['정준일'],첫 눈,도깨비 OST Part.8,"87,755",30178900
46,-24,['수지 (SUZY)'],행복한 척,Yes? No?,"91,210",30205955
47,-11,['AOA'],Excuse Me,AOA 1st Album ANGEL`S KNOCK,"42,306",30179099
48,-34,['Zion.T'],미안해 (feat. Beenzino),OO,"40,133",30227063
49,-18,['BIGBANG'],LAST DANCE,MADE,"121,773",30147446
50,-6,['임창정'],내가 저지른 사랑,I`M,"220,823",9631530
51,-14,['정승환'],이 바보야,목소리,"120,536",30120986
52,-9,['Red Velvet (레드벨벳)'],러시안 룰렛 (Russian Roulette),Russian Roulette - The 3rd Mini Album,"160,065",9634954
53,-0,['어반자카파'],널 사랑하지 않아,스틸,"187,987",8199190
54,-25,['어반자카파'],소원,도깨비 OST Part.10,"48,458",30191370
55,+3,['TWICE (트와이스)'],CHEER UP,PAGE TWO,"215,357",8158031
56,+15,['Justin Bieber'],Love Yourself,Purpose (Deluxe),"210,500",7931286
57,+3,['DEAN'],D (half moon) (Feat. 개코),130 mood : TRBL,"215,612",8109412
58,+7,['방탄소년단'],Not Today,YOU NEVER WALK ALONE,"183,382",30244932
59,-3,['태연 (TAEYEON)'],11:11,11:11,"140,718",30072072
60,-12,['아이오아이 (I.O.I)'],너무너무너무,miss me?,"113,960",30040810
61,-0,['엠씨더맥스'],어디에도,pathos,"197,386",8033528
62,-3,['정승환'],너였다면,또 오해영 OST Part.5,"182,136",8203900
63,-12,['세정'],꽃길 (Prod. By ZICO),Jelly box 꽃길 (Prod. By 지코(ZICO)) 세정,"152,304",30105590
64,New,['하이라이트 (Highlight)'],아름답다,CAN YOU FEEL IT?,"56,160",30294629
65,-8,['박효신'],숨,I am A Dreamer,"200,090",30011624
66,New,['Ed Sheeran'],Shape of You,÷ (Deluxe),"275,772",30188113
67,-17,"['김희철', '민경훈']",나비잠 (Sweet Dream),나비잠 (Sweet Dream) - SM STATION,"118,809",30105621
68,-16,['지코 (ZICO)'],"BERMUDA TRIANGLE (Feat. Crush, DEAN)",BERMUDA TRIANGLE,"106,496",30113165
69,+1,['Sam Smith'],I`m Not The Only One,In The Lonely Hour,"218,003",4660794
70,-28,['10CM'],내 눈에만 보여,도깨비 OST Part.2,"49,970",30143498
71,New,"['HIGH4 (하이포)', '아이유']",봄 사랑 벚꽃 말고,봄 사랑 벚꽃 말고,"175,988",4579468
72,-3,['어반자카파'],목요일 밤 (Feat. 빈지노),목요일 밤,"114,768",9613173
73,-26,['아이오아이 (I.O.I)'],소나기,소나기,"159,385",30208070
74,New,"['박원', '수지 (SUZY)']",기다리지 말아요,기다리지 말아요,"25,068",30269908
75,-11,['BLACKPINK'],휘파람,SQUARE ONE,"129,041",8304594
76,-30,['비'],최고의 선물 (Prod. by PSY),최고의 선물,"34,692",30202716
77,New,['비투비'],기도 (I`ll Be Your Man),NEW MEN,"85,357",30079094
78,New,"['MC몽', '허각']",반창고,반창고,"20,516",30254786
79,New,['정준일'],바램,더 아름다운 것,"39,278",30301700
80,New,['CHEEZE (치즈)'],좋아해 (bye),좋아해 (bye),"80,193",30259844
81,New,['헨리 (HENRY)'],그리워요 (Girlfriend),그리워요 (Girlfriend),"49,097",30310702
82,New,['The Chainsmokers'],Closer (Feat. Halsey),Collage EP,"194,847",8287788
83,-6,['EXO'],Monster,EX`ACT - The 3rd Album,"166,320",8217164
84,New,['창모 (CHANGMO)'],아름다워,돈 벌 시간 2,"149,822",8276709
85,New,['비투비'],봄날의 기억,Remember that,"95,996",8115192
86,New,['러블리즈'],WoW!,Lovelyz 2nd Album `R U Ready?`,"24,706",30274893
87,New,"['에릭남 (Eric Nam)', '전소미']","유후 (You, Who?)","유후 (You, Who?)","30,306",30293567
88,-47,['헤이즈 (Heize)'],Round and round (Feat. 한수지),도깨비 OST Part.14,"43,744",30213419
89,New,"['정기고', '찬열 (CHANYEOL)']",Let Me Love You,Let Me Love You,"46,256",30269298
90,-36,['Lasse Lindh'],Hush,도깨비 OST Part.3,"83,644",30143605
91,-23,['허각'],"혼자, 한잔",戀書 (연서),"46,838",30225056
92,-12,['EXO'],For Life,"For Life - 겨울 스페셜 앨범, 2016","116,693",30157820
93,New,"['기리보이', '서출구', '양홍원']",Bunzi (번지),고등래퍼 지역대항전 Part.2,"31,589",30310624
94,New,['태연 (TAEYEON)'],Cover Up,My Voice - The 1st Album,"31,167",30278210
95,-2,['정준일'],안아줘,Lo9ve3r4s,"197,453",3620493
96,-22,['BewhY (비와이)'],Day Day (Feat. 박재범) (Prod. by GRAY),쇼미더머니 5 Episode 4,"110,598",8261338
97,-42,['하하 X MINO'],쏘아,무한도전 위대한 유산,"44,454",30179088
98,-36,['BIGBANG'],GIRLFRIEND,MADE,"61,233",30147447
99,New,['장덕철'],"그때, 우리로","그때, 우리로","38,597",5542797
100,New,['비투비'],ABOUT TIME,Feel`eM,"31,746",30286430
