﻿rank,rank_change,singer,title,album,like,song_code
1,New,['f(x)'],첫 사랑니 (Rum Pum Pum Pum),`Pink Tape` f(x) The 2nd Album,"64,100",4184826
2,+28,['크레용팝'],빠빠빠,빠빠빠,"60,935",4148967
3,New,['San E'],아는사람 얘기,아는사람 얘기,"101,408",4192787
4,+4,['에일리'],U & I,A`s Doll House,"71,256",4171462
5,-0,['Apink (에이핑크)'],NoNoNo,Secret Garden,"96,567",4163116
6,New,['브라운아이드걸스'],Kill Bill,Black Box,"24,979",4188687
7,-5,['다비치'],오늘따라 보고싶어서 그래,여름날의 추억,"66,748",4163613
8,+34,['비스트'],Shadow (그림자),"Hard to love, How to love","69,199",4180409
9,-8,['다이나믹 듀오'],BAAAM (Feat. Muzie Of UV),Luckynumbers,"82,021",4160246
10,New,['EXO'],으르렁 (Growl),The 1st Album `XOXO` Repackage,"180,286",4193337
11,-7,['이승철'],My Love,MY LOVE,"91,288",4142913
12,+19,['유성은'],Be OK (Feat. 배치기),Be OK,"58,798",4172962
13,-10,['씨스타'],Give It To Me,Give It To Me,"59,051",4138606
14,New,['2NE1'],DO YOU LOVE ME,DO YOU LOVE ME,"22,627",4195859
15,-9,['2NE1'],Falling In Love,Falling In Love,"36,547",4165390
16,-4,['범키'],미친연애 (Bad Girl) (Feat. E-Sens Of 슈프림팀),미친연애,"86,113",4130922
17,+6,['강승윤'],비가 온다,비가 온다,"43,687",4175139
18,-7,"['허각', '정은지']",짧은머리,`A Cube` For Season # Blue,"71,545",4129672
19,+17,['인피니트'],Destiny,Destiny,"54,897",4175021
20,-11,['걸스데이'],여자 대통령,여자 대통령,"38,611",4152253
21,New,['범키'],갖고놀래 (Feat. 다이나믹 듀오),갖고놀래,"88,986",4205993
22,New,['허각'],넌 내꺼라는걸 (Feat. 스윙스),넌 내꺼라는걸,"24,327",4204339
23,-16,['Lim Kim'],All Right,A Voice,"42,410",4144408
24,New,['임정희'],Luv is (Feat. 배치기),Luv is,"14,036",4195236
25,-10,['씨스타'],넌 너무 야해 (Feat. 긱스) (The Way You Make Me Melt),Give It To Me,"34,416",4138607
26,-16,['아웃사이더'],슬피 우는 새 (Feat. 이수영),슬피 우는 새,"38,976",4153450
27,-2,['정엽'],왜 이제야 왔니,너의 목소리가 들려 OST Part.2,"40,847",4143937
28,-8,['긱스 (Geeks)'],Fly,Fly,"30,583",4168688
29,+5,['프라이머리'],자니 (Feat. Dynamic Duo),자니,"155,966",3726617
30,-12,['브라운아이드걸스'],레시피,레시피,"14,684",4167370
31,New,['걸스데이'],말해줘요,Girl`s Day Party #6,"22,873",4190076
32,-16,['포맨'],너 하나야,구가의 서 OST Part.7,"44,692",4132144
33,-14,['버벌진트'],비범벅 (Feat. 범키),비범벅,"32,920",4150987
34,New,['거미'],낮과 밤,주군의 태양 OST Part.1,"26,701",4198784
35,-21,['다이나믹 듀오'],쌔끈해 (Three Dopeboyz) (Feat. Zion.T),Luckynumbers,"32,000",4160243
36,-19,['4minute'],물 좋아?,물 좋아?,"14,607",4154505
37,-13,['다이나믹 듀오'],날개뼈 (Hot Wings) (Feat. 효린 Of Sistar),Luckynumbers,"51,618",4160250
38,-17,['4minute'],이름이 뭐예요?,Name Is 4minute,"50,446",4099280
39,-13,['포맨'],청혼하는 거예요,The 5th Album Vol.2 `Thank You`,"59,862",4108714
40,-27,['로이킴'],Love Love Love,Love Love Love,"50,952",4153481
41,-0,['쥬얼리'],핫 앤 콜드 (Hot & Cold),Hot & Cold,"10,157",4164425
42,+19,"['DJ Gollum', 'Empyre One']",The Bad Touch (Gordon & Doyle Edit),The Bad Touch,"46,074",4070694
43,+12,['빈지노 (Beenzino)'],Boogie On & On,2 4 : 2 6,"95,965",3843565
44,New,['f(x)'],미행 (그림자: Shadow),`Pink Tape` f(x) The 2nd Album,"39,837",4184827
45,-23,['씨스타'],바빠 (Bad Boy),Give It To Me,"25,569",4138608
46,+13,['손승연'],미친게 아니라구요 (Feat. MC 스나이퍼),미친게 아니라구요,"26,165",4168680
47,New,['VIXX (빅스)'],대.다.나.다.너,Jekyll,"31,815",4191445
48,New,"['티아라', '다비치']",비키니 (Feat. 스컬),비키니,"14,226",4189582
49,-10,['긱스 (Geeks)'],Wash Away (Feat. 에일리),Backpack,"65,735",4100521
50,New,['f(x)'],Goodbye Summer (f(Amber+Luna+Krystal) (Feat. D.O. Of EXO-K),`Pink Tape` f(x) The 2nd Album,"86,762",4184832
51,-18,['The One (더원)'],잘 있나요,구가의 서 OST Part.6,"34,028",4117702
52,+15,['프라이머리'],"? (물음표) (Feat. 최자 Of 다이나믹듀오, Zion.T)",Primary And The Messengers LP,"116,990",3947371
53,New,['미스에스'],니가 아니었기를 (Narr. 버벌진트),Lo$t & Found,"9,159",4178683
54,New,['2BIC(투빅)'],사랑하고 있습니다,굿닥터 OST Part.2,"26,859",4204459
55,-20,['로이킴'],봄봄봄,봄봄봄,"124,306",4091105
56,New,['SHINee (샤이니)'],너와 나의 거리 (Selene 6.23),The 3rd Album `The Misconceptions Of Us`,"45,718",4200513
57,New,['스윙스'],"A Real Lady (Feat. Beenzino, Gray & Zion.T)",A Real Lady,"54,606",4203057
58,-26,['써니힐'],만인의 연인 (Feat. 하림),Young Folk,"17,405",4147352
59,-30,['애프터스쿨'],첫사랑,After School The 6th Maxi Single `첫사랑`,"16,505",4141700
60,+12,['신용재'],가수가 된 이유,24,"89,676",3864961
61,-14,['씨스타'],Crying,Give It To Me,"25,193",4138611
62,-34,['다이나믹 듀오'],"거품 안 넘치게 따라줘 (Life Is Good) (Feat. Crush, DJ Friz)",Luckynumbers,"28,855",4160245
63,New,['AOA'],MOYA (모야),MOYA,"21,144",4186480
64,-4,['다비치'],녹는 중 (Feat. 버벌진트),녹는 중,"56,818",4072715
65,+12,['프라이머리'],"씨스루 (Feat. Zion.T, 개코 Of 다이나믹듀오)",Primary And The Messengers LP,"89,975",3948908
66,New,['효린'],미치게 만들어,주군의 태양 OST Part.3,"52,115",4212782
67,-18,['바이브'],꼭 한번 만나고 싶다,Organic Sound,"46,087",4100925
68,+14,"['긱스 (Geeks)', '소유 (SOYOU)']","Officially Missing You, Too",re;code Episode I,"112,057",3946867
69,+11,['에일리'],No No No,A`s Doll House,"13,360",4171463
70,New,['하동균'],그대 내 품에,불후의 명곡 - 전설을 노래하다 (유재하 편),"10,478",4181739
71,New,['이적'],그땐 미처 알지 못했지,Do You Remember,"40,846",3060824
72,New,['KYT (코요태)'],Hollywood (Feat. 정준하),Hollywood,"4,367",4181878
73,New,['딕펑스 (DICKPUNKS)'],썬글라스,썬글라스,"12,404",4192474
74,-8,['린'],오늘 밤 (Feat. 배치기),8th #1 유리 심장,"50,713",4082435
75,New,['프리스타일'],"썸머시즌 (Feat. 이퀄리티, XOXO)",썸머시즌,"4,450",4183832
76,-33,['비스트'],괜찮겠니,괜찮겠니,"44,116",4126905
77,-23,['2BIC(투빅)'],"회복이 급해 (Feat. 하림, 호투)",회복이 급해,"23,876",4133615
78,-27,['시크릿'],YooHoo (유후),Letter From Secret,"30,202",4101639
79,-52,['다이나믹 듀오'],진격의 거인 둘 (Return Of The Kings),Luckynumbers,"16,717",4160242
80,-42,['달샤벳'],내 다리를 봐 (Be Ambitious),Be Ambitious,"13,823",4149064
81,New,['소진 (Sojin)'],여름안에서 (Feat. 지조),듀스 20주년 헌정앨범 Part.1,"7,304",4201766
82,New,['레이디스 코드'],Hate You,Hate You,"8,582",4196647
83,-27,['AKMU (악동뮤지션)'],I Love You,내 연애의 모든 것 OST Part.3,"85,511",4097003
84,New,['강승윤'],Wild And Young,Wild And Young,"11,117",4191389
85,-28,['걸스데이'],기대해,기대,"48,948",4054983
86,New,['승리'],할말 있어요 (Gotta Talk To U),LET`S TALK ABOUT LOVE,"19,323",4209693
87,-23,['싸이 (PSY)'],GENTLEMAN,GENTLEMAN,"104,962",4085875
88,New,['강승윤'],맘도둑,맘도둑,"15,830",4205615
89,+9,['JUNIEL'],감동이 중요해 (Feat. 한해 Of 팬텀),DOKKUN Project Pt.3,"11,774",4178692
90,New,['디셈버'],Fire,Fire,"3,934",4182986
91,New,['미스터 파파'],Papa Don`t Cry,슈퍼스타K5 - 미스터 파파,"8,256",4202922
92,-27,"['이창민', '다희']",한 사람만 보여요,최고다 이순신 OST Part.4,"10,672",4160255
93,-45,['AKMU (악동뮤지션)'],콩떡빙수,콩떡빙수,"39,347",4121653
94,New,['이영현'],미라클,굿닥터 OST Part.1,"3,974",4195244
95,New,['홍대광'],너와 나,주군의 태양 OST Part.2,"13,341",4206159
96,New,['포맨'],사랑해 사랑해 사랑해,황금의 제국 OST Part.3,"7,861",4210875
97,New,['김그림'],"우리만 있어 (Feat. 지환 Of 투빅, 칸토)",우리만 있어,"3,025",4188704
98,New,['B.A.P'],Badman,Badman,"10,186",4196651
99,New,['아웃사이더'],Bye U (Feat. 지오 Of MBLAQ),Rebirth Outsider,"7,536",4182898
100,New,['쿨 (COOL)'],이별 앞에 서다,이별 앞에 서다,"5,720",4194287
