﻿rank,rank_change,singer,title,album,like,song_code
1,New,"['서인국', '정은지']",All For You,응답하라 1997 Love Story Part 1,"154,819",3890826
2,+42,"['허각', '지아']",I Need You,I Need You,"97,530",3884575
3,-2,['싸이 (PSY)'],강남스타일,싸이6甲 Part.1,"153,288",3853978
4,New,['G-DRAGON'],그XX,One Of A Kind,"90,357",3894730
5,+67,['카라'],Pandora,PANDORA,"21,508",3886294
6,New,['G-DRAGON'],크레용 (Crayon),One Of A Kind,"63,907",3906377
7,New,['나얼'],바람기억,Principle Of My Soul,"212,321",3910821
8,New,['티아라'],SEXY LOVE,MIRAGE,"32,551",3893934
9,-7,['씨스타'],Loving U (러빙유),Summer Special `Loving U`,"82,321",3837683
10,New,['오렌지 캬라멜'],립스틱 (LIPSTICK),립스틱 (LIPSTICK),"36,884",3903316
11,New,['시크릿'],POISON,POISON,"18,049",3904614
12,New,['G-DRAGON'],Missing You (Feat. 김윤아 Of 자우림),One Of A Kind,"100,951",3906383
13,-1,['싸이 (PSY)'],어땠을까 (Feat. 박정현),싸이6甲 Part.1,"115,834",3853980
14,New,['백아연'],느린노래,I`m Baek,"25,991",3900836
15,-7,['비스트'],아름다운 밤이야,Midnight Sun,"65,944",3860282
16,New,"['정은지', '서인국']",우리 사랑 이대로,응답하라 1997 Love Story Part 2,"72,278",3895885
17,-10,['싸이 (PSY)'],뜨거운 안녕 (Feat. 성시경),싸이6甲 Part.1,"62,232",3853977
18,-15,['보아 (BoA)'],Only One,Only One,"83,156",3859894
19,-14,['이종현 (CNBLUE)'],내 사랑아,신사의 품격 OST Part 5,"63,852",3848972
20,New,['허각'],아프다,아프다,"23,204",3905489
21,-15,['다비치'],남자도 우나요,THE S Part.1,"36,756",3866006
22,-18,['2NE1'],I Love You,I Love You,"68,641",3847197
23,-13,['JUNIEL'],illa illa (일라 일라),My First June,"75,078",3820647
24,New,['어반자카파'],니가 싫어,니가 싫어,"57,796",3897152
25,-12,['버스커 버스커'],정말로 사랑한다면,버스커 버스커 1집 마무리,"106,792",3832101
26,-17,['비스트'],Midnight (별 헤는 밤),Midnight (별 헤는 밤),"62,771",3854238
27,-11,['버벌진트'],충분히 예뻐 (feat. 산체스 Of 팬텀),10년동안의오독 I,"66,117",3832079
28,New,['FTISLAND (FT아일랜드)'],좋겠어 (I wish),FIVE TREASURE BOX,"23,474",3900853
29,New,['태연 (TAEYEON)'],가까이,아름다운 그대에게 OST `가까이`,"24,509",3897155
30,New,['G-DRAGON'],One Of A Kind,One Of A Kind,"40,847",3889745
31,-16,['신용재'],자꾸만 자꾸만,24,"20,035",3864962
32,-18,['이현'],가슴이 시린 게,신사의 품격 OST Part 3,"50,195",3822632
33,-22,['티아라'],DAY BY DAY,DAY BY DAY,"41,898",3840800
34,New,['나얼'],Missing You,Principle Of My Soul,"19,523",3910819
35,-16,['허각'],한사람,한사람 (빅 OST),"46,442",3834908
36,New,['G-DRAGON'],결국 (Feat. 로제 of BLACKPINK),One Of A Kind,"36,642",3906382
37,-10,['버벌진트'],굿모닝 (Feat. 권정열 Of 10cm),굿모닝,"62,138",3820695
38,-18,['버스커 버스커'],그댈 마주하는건 힘들어 (그마힘),버스커 버스커 1집 마무리,"67,838",3832098
39,New,['B.A.P'],대박사건 (Crash),대박사건,"31,012",3891852
40,New,['럼블피쉬'],너 그렇게 살지마,너 그렇게 살지마,"5,475",3892808
41,-17,['레게 강 같은 평화'],부산 바캉스,Ya Man !!,"25,028",3866219
42,New,['The One (더원)'],그 남자 (원곡가수 현빈),`나는 가수다 2` 9월 B조 경연,"13,689",3906453
43,New,['백지영'],사랑아 또 사랑아,아랑사또전 OST Part.4,"6,547",3896376
44,New,['별'],두 뺨에 닿기 전에,골든타임 OST Part.6,"5,717",3890546
45,+43,['서인영'],ANYMORE,ANYMORE,"6,902",3883073
46,New,['나얼'],기억리듬,Principle Of My Soul,"8,700",3910816
47,-19,['포맨'],안되겠더라,각시탈 OST Part.2,"24,551",3837815
48,New,['G-DRAGON'],Today (Feat. 김종완 Of Nell),One Of A Kind,"20,578",3906384
49,-32,['브라운아이드걸스'],한 여름 밤의 꿈,Brown Eyed Girls The Original,"24,264",3853074
50,-19,['김진표'],미안해서 미안해 (Feat. G.NA),JP6,"40,028",3840677
51,-29,['싸이 (PSY)'],청개구리 (Feat. G-Dragon),싸이6甲 Part.1,"20,918",3853976
52,New,['나얼'],이별시작,Principle Of My Soul,"14,063",3910822
53,-30,"['아이유', '피에스타']",달빛바다,LOEN TREE Summer Story,"42,563",3863651
54,-13,['Maroon 5'],One More Night,Overexposed (Deluxe Edition),"24,419",3835666
55,-25,['싸이 (PSY)'],"77학개론 (Feat. 리쌍, 김진표)",싸이6甲 Part.1,"27,578",3853979
56,+10,['신용재'],가수가 된 이유,24,"89,676",3864961
57,-32,['BIGBANG'],MONSTER,BIGBANG SPECIAL EDITION `STILL ALIVE`,"74,290",3818487
58,New,['나윤권'],나를 불러,나를 불러...,"7,339",3897133
59,-33,['틴탑'],나랑 사귈래?,Summer Special `나랑 사귈래?`,"14,939",3869344
60,New,['형돈이와 대준이'],"오,예!","오,예!","7,282",3899439
61,New,['마이티 마우스'],이럴때면 (Feat. 린),네비게이션,"11,732",3909685
62,New,['가비엔제이'],가로수길에서 (Feat. Ara),가로수길에서,"3,347",3905501
63,-28,['씨스타'],나혼자 (Alone),ALONE,"56,014",3763493
64,-5,['Maroon 5'],Payphone (Feat. Wiz Khalifa),Payphone,"95,952",3774133
65,-8,['프라이머리'],"씨스루 (Feat. 개코, Zion.T)",Primary And The Messengers Part 3,"39,478",3779134
66,New,"['장혜진', 'MC 스나이퍼']",나쁜사람,신의 OST Part.3,"5,111",3901827
67,-33,['아이유'],하루 끝,스무 살의 봄,"123,143",3795586
68,New,['나얼'],여전히 난,Principle Of My Soul,"10,361",3910823
69,New,['윤하 (YOUNHA)'],눈물이 한방울,신의 OST Part.4,"7,235",3906524
70,New,['윤하 (YOUNHA)'],서쪽 하늘 (원곡가수 이승철),`나는 가수다 2` 9월 A조 경연,"11,220",3900683
71,-50,['f(x)'],Electric Shock,`Electric Shock` The 2nd Mini Album,"37,878",3822622
72,-54,['용감한 녀석들'],봄 여름 여름 여름,용감한 녀석들 Summer Single,"12,874",3859717
73,New,['긱스 (Geeks)'],Officially Missing You,Officially Missing You,"125,153",3170749
74,New,['신용재'],걸음이 느려서,신의 OST Part.2,"8,838",3894959
75,-39,['제국의아이들 (ZE:A)'],후유증,SPECTACULAR,"24,259",3846001
76,New,['성훈 (브라운 아이드 소울)'],아무리 (Feat. 김진표),아무리,"3,100",3903327
77,-8,['허각'],나를 사랑했던 사람아,LACRIMOSO,"91,315",3758104
78,New,['Carly Rae Jepsen'],Call Me Maybe,Call Me Maybe,"120,453",3726439
79,New,['알리 (ALi)'],Carry On,신의 OST Part.1,"9,274",3884595
80,-31,['버스커 버스커'],벚꽃 엔딩,버스커 버스커 1집,"343,122",3753304
81,New,['피에스타'],Vista,VISTA,"9,772",3889710
82,New,['The One (더원)'],지나간다 (원곡가수 김범수),`나는 가수다 2` 새가수 초대전,"15,306",3894754
83,New,['4minute'],Over And Over (R.Tee Mix),신사동호랭이 프로젝트앨범 슈퍼마켓,"2,249",3892828
84,New,['지나'],Tell Me Now,천번째 남자 OST Part 3,"4,105",3892773
85,-56,['원더걸스'],Like this,Wonder Party,"35,419",3815739
86,-9,['Maroon 5'],Moves Like Jagger (Feat. Christina Aguilera) (Studio Recording From The Voice Performance),Moves Like Jagger,"71,309",3457091
87,New,['나얼'],You & Me,Principle Of My Soul,"6,226",3910817
88,New,['이영현'],사랑아 (With 서지우) (원곡가수 더 원),`나는 가수다 2` 9월 A조 경연,"4,113",3900682
89,-9,['10CM'],사랑이 방울지네,오렌지 레볼루션 페스티벌 Part.1,"8,106",3876875
90,New,['나얼'],My Girl,Principle Of My Soul,"4,123",3910818
91,New,['바이브'],My All (Dear My Fan),VIBE 10Th Anniversary Live Edition,"10,377",3907644
92,-54,['2BIC(투빅)'],Love Again (Feat. 에일리),HU+MAN,"17,810",3833409
93,New,['걸스데이'],Blue Rain 2012,THE S Part.2,"5,678",3889519
94,New,['팬텀'],BURNING,Phantom City,"9,831",3879559
95,-58,['김태우'],High High,신사의 품격 OST Part 1,"23,496",3814176
96,-64,['길미'],내가 먼저 (Feat. 은지원),내가 먼저,"9,322",3852737
97,-23,['비스트'],니가 보고 싶어지면,Midnight Sun,"39,804",3860284
98,New,"['버벌진트', '애즈원']",가까이 가까이,천번째 남자 OST Part 5,"3,310",3904975
99,New,['이장우'],차마 하지 못한 말,차마 하지 못한 말,"4,357",3889384
100,New,['XIA (준수)'],사랑은 눈꽃처럼,세상 어디에도 없는 착한남자 OST Part.1,"65,028",3914860
