﻿rank,rank_change,singer,title,album,like,song_code
1,New,['아이유'],너랑 나,Last Fantasy,"116,384",3625504
2,+11,['티아라'],Cry Cry,Black Eyes,"19,451",3607859
3,-0,['원더걸스'],Be My Baby,Wonder World,"31,246",3600223
4,New,['트러블메이커'],Trouble Maker,Trouble Maker,"38,877",3630755
5,-3,['노을'],그리워 그리워,그리움,"64,297",3585793
6,-5,['울랄라세션'],서쪽 하늘,슈퍼스타K 3 Top11 Part 5,"57,521",3593455
7,-0,['허각'],죽고 싶단 말 밖에,죽고 싶단 말 밖에,"21,360",3602154
8,New,['아이유'],비밀,Last Fantasy,"45,499",3628477
9,+20,['버스커 버스커'],서울사람들,서울사람들,"17,973",3614345
10,-4,"['포맨', '미(MIIII)']",그 남자 그 여자,그 남자 그 여자,"24,452",3590149
11,New,['아이유'],삼촌 (Feat. 이적),Last Fantasy,"24,864",3628515
12,-7,['소녀시대 (GIRLS` GENERATION)'],The Boys,`The Boys` The 3rd Album,"20,608",3565193
13,New,['노을'],살기 위해서,빠담빠담 OST Part.1,"35,551",3633511
14,-10,['버스커 버스커'],막걸리나,슈퍼스타K 3 Top11 Part 5,"18,959",3593454
15,New,['아이유'],잠자는 숲 속의 왕자 (Feat. 윤상),Last Fantasy,"19,175",3628512
16,New,"['허각', 'LE (EXID)']",그 노래를 틀때마다,그 노래를 틀때마다,"16,791",3639713
17,-9,['이승기'],친구잖아,Tonight,"11,023",3589429
18,-7,['버스커 버스커'],동경소녀,슈퍼스타K 3 Top11 Part 1,"39,530",3565240
19,-9,['브라운아이드걸스'],클렌징크림,클렌징크림,"17,428",3597417
20,New,['아이유'],별을 찾는 아이 (Feat. 김광진),Last Fantasy,"33,449",3628513
21,-12,['시크릿'],사랑은 Move,Moving In Secret,"9,691",3573326
22,+64,['일렉트로보이즈'],Ma Boy 2 (Feat. 효린),Rebirth,"18,809",3611633
23,New,['울랄라세션'],너와 함께,너와 함께,"5,863",3624137
24,New,['다이나믹 듀오'],불타는 금요일 (Friday Night),Dynamicduo 6th Digilog 1/2,"15,206",3624810
25,-10,['허각'],Hello,LIKE 1st MINI ALBUM `First Story`,"81,491",3549031
26,New,['아이유'],벽지무늬,Last Fantasy,"28,925",3628514
27,New,['김연우'],행복했다...안녕,Mr. Big,"5,684",3623496
28,New,['아이유'],사랑니,Last Fantasy,"19,522",3628516
29,-15,['이승기'],연애시대 (Feat. Ra.D) (Narr. 한효주),연애시대,"20,183",3573175
30,-12,['버스커 버스커'],정류장,슈퍼스타K 3 Top11 Part 3,"64,857",3576486
31,New,['수지 (SUZY)'],눈물이 많아서,나도 꽃 OST Part.2,"17,308",3620973
32,-12,['울랄라세션'],Swing Baby,슈퍼스타K 3 Top11 Part 6,"6,538",3601573
33,New,['아이유'],Everything`s Alright (Feat. 김현철),Last Fantasy,"18,849",3628517
34,New,"['케이윌', '씨스타', '보이프렌드']",핑크빛 로맨스 (Pink Romance),스타쉽 플래닛 (Starship Planet),"7,108",3624746
35,New,['아이유'],Last Fantasy,Last Fantasy,"26,496",3628518
36,+7,['원더걸스'],G.N.O.,Wonder World,"7,940",3600222
37,+8,['김동률'],Replay,kimdongrYULE,"46,823",3610158
38,New,['Apink (에이핑크)'],My My,Snow Pink,"34,372",3618293
39,-27,['윤미래'],"Get It In (Feat. Tiger JK, 정인) (Korean Ver.)",Get It In (The Creators Project),"10,292",3588757
40,+19,['다이나믹 듀오'],해뜰때까지만 (Girl),Dynamicduo 6th Digilog 1/2,"5,183",3615589
41,-5,['버스커 버스커'],그댄 달라요,슈퍼스타K 3 Top11 Part 6,"21,615",3601574
42,New,['아이유'],Teacher (Feat. Ra.D),Last Fantasy,"17,768",3628519
43,New,['미스에스'],"오죽하면 이럴까 (Feat. 정슬기, 임다혜)",Miss_Terious,"2,620",3619347
44,-3,['LMFAO'],Party Rock Anthem (Feat. Lauren Bennett & Goon Rock),Party Rock Anthem,"23,090",3135148
45,+12,['버스커 버스커'],I Believe,슈퍼스타K 3 Top11 Part 7,"11,835",3609249
46,New,['알리 (ALi)'],촌스럽게 굴지마 (Feat. 용준형),SOUL-RI : 영혼이 있는 마을,"17,233",3642699
47,-31,['Tablo'],Tomorrow (feat. 태양),"열꽃, Part 2","22,335",3594993
48,-29,['울랄라세션'],달의 몰락,슈퍼스타K 3 Top11 Part 1,"11,400",3565242
49,New,['아이유'],4AM,Last Fantasy,"18,606",3628521
50,-23,['다비치'],안녕이라고 말하지마,Love Delight,"61,904",3536905
51,-18,['소녀시대 (GIRLS` GENERATION)'],MR.TAXI (Korean Ver.),`The Boys` The 3rd Album,"11,246",3579341
52,New,['인피니트'],하얀 고백 (Lately),하얀 고백 (Lately),"41,487",3635328
53,-30,['울랄라세션'],Open Arms (Journey) (Feat. 크리스티나),슈퍼스타K 3 Top11 Part 2,"7,857",3570032
54,New,['장재인'],겨울밤,겨울밤,"6,172",3638253
55,New,['먼데이 키즈 (Monday Kiz)'],미행,The Ballad,"13,649",3641162
56,-35,['투개월'],여우야,슈퍼스타K 3 Top11 Part 1,"19,355",3565243
57,New,"['손담비', '애프터스쿨']","Love Letter (Feat. 아라, 혜림, 정현, 민현, 동호)",Happy Pledis 2012 `Love Letter`,"1,284",3625421
58,-26,['원더걸스'],"Me, in",Wonder World,"4,944",3600225
59,New,['아이유'],길 잃은 강아지,Last Fantasy,"14,838",3628520
60,-36,['오렌지 캬라멜'],샹하이 로맨스 (上海之戀),샹하이 로맨스 (上海之戀),"12,150",3570725
61,-0,['Maroon 5'],Moves Like Jagger (Feat. Christina Aguilera) (Studio Recording From The Voice Performance),Moves Like Jagger,"71,309",3457091
62,-7,['버벌진트'],좋아보여 (Feat. 검정치마),Go Easy,"63,408",3538775
63,-41,['씨스타'],Hot Place (Feat. Brave Sound),Hot Place,"2,280",3593080
64,-39,['브라운아이드걸스'],Sixth Sense,Sixth Sense,"25,309",3557196
65,New,['임재범'],사랑..그놈,풀이 (Free),"7,553",3638135
66,-49,['Tablo'],나쁘다 (feat. 진실),"열꽃, Part 1","15,131",3584075
67,New,['에이트'],한사람,천일의 약속 OST,"3,432",3628236
68,+30,['Bueno Clinic'],Sex Apeal (Max Farenthide Radio Edit) (Feat. Mike W.),Sex Apeal,"25,240",3559879
69,-39,['울랄라세션'],미인,슈퍼스타K 3 Top11 Part 3,"5,369",3576488
70,-36,['다비치'],사랑 사랑아,Love Delight,"12,413",3536906
71,-5,['제이세라'],그댄 정말 모를거예요,Tears Of Crystal,"7,187",3604726
72,-18,['투개월'],Romantico,슈퍼스타K 3 Top11 Part 6,"13,096",3601575
73,-31,['김경호'],사랑과 우정 사이 (With 김연우) (피노키오),[나는 가수다] 경연10-1. `듀엣곡 부르기`,"17,986",3569458
74,-37,['버스커 버스커'],어쩌다 마주친 그대,슈퍼스타K 3 Top11 Part 4,"11,271",3585863
75,New,['베이비소울 (러블리즈)'],남보다 못한 사이 (Feat. 휘성),남보다 못한 사이,"6,628",3618369
76,-29,['씨스타'],So Cool (쏘쿨),So Cool,"28,645",3521672
77,-33,['원더걸스'],Girls Girls,Wonder World,"16,664",3600224
78,-40,['지아'],내가 이렇지 (Feat. 하동균),Avancer,"14,091",3561276
79,New,['보이프렌드'],내가 갈게 (I`ll Be There),I`ll Be There,"10,422",3638234
80,New,['아이유'],라망 (L`amant),Last Fantasy,"16,952",3628522
81,-55,['먼데이 키즈 (Monday Kiz)'],고장난 열차 (Feat. 쥬비트레인 Of 부가킹즈),단선율 (單旋律),"1,442",3596191
82,New,['제이스'],좋아보여 Part.2 (Feat. 오수민),좋아보여 Part.2,"10,375",3610213
83,-52,['투개월'],Brown City,슈퍼스타K 3 Top11 Part 3,"7,503",3576490
84,New,['오렌지 캬라멜'],Funny Hunny,조영수 All Star - 오렌지캬라멜,"2,768",3647093
85,New,['브라운 아이드 소울'],Gone,Brown Eyed Soul Live Album `SOUL FEVER`,"3,114",3645642
86,+8,['가비엔제이'],가세요,가세요,"1,182",3615536
87,New,"['성시경', '브라이언', '서인국', '박학기', '박장현 (VROMANCE)', '황 프로젝트']",모두에게 크리스마스,Jelly Christmas 2011,"4,981",3632715
88,-60,['Tablo'],Airbag (feat. 나얼),"열꽃, Part 1","27,955",3574100
89,New,"['이재훈 (쿨)', '제이']",둘이서,둘이서,654,3626913
90,New,['스윗소로우 (SWEET SORROW)'],첫 데이트,Sweet Sorrow 3 Single Part 1,"4,773",3623509
91,New,['나비'],Missing You (Feat. 누리 Of F.I.X),왔어 왔어 제대로 왔어 OST Part.1,749,3636875
92,-53,['투개월'],Poker Face (Lady GaGa),슈퍼스타K 3 Top11 Part 2,"3,084",3570030
93,New,"['버스커 버스커', '투개월']",줄리엣,NEXT 11,"7,258",3628918
94,New,['슈퍼스타K 3'],너에게 주는 선물,NEXT 11,"1,341",3627782
95,New,"['방용국', 'ZELO (젤로)']",Never Give Up (Feat. Heritage),BANG & ZELO,"4,824",3632319
96,-7,['성시경'],한번의 사랑,천일의 약속 OST Part.3,"6,372",3610384
97,-46,['사이먼 도미닉'],짠해 (Cheerz),Simon Dominic Presents `SNL LEAGUE BEGINS`,"33,526",3565173
98,New,"['박정아', '서인영', '제국의아이들 (ZE:A)', '쥬얼리', '나인뮤지스']",Shooting Star,Star Empire,"1,142",3629613
99,New,"['서인국', 'Take#1']",Love Again,Take#1 - Vol.3,"3,605",3644594
100,-54,['리쌍'],"TV를 껐네... (Feat. t윤미래, 권정열 Of 10cm)",AsuRa BalBalTa,"51,076",3527235
