﻿rank,rank_change,singer,title,album,like,song_code
1,New,['소녀시대-태티서 (Girls` Generation-TTS)'],Twinkle,`Twinkle` Mini Album,"46,275",3783041
2,+4,['씨스타'],나혼자 (Alone),ALONE,"56,014",3763493
3,-2,['버스커 버스커'],벚꽃 엔딩,버스커 버스커 1집,"343,122",3753304
4,New,['백지영'],목소리 (Feat. 개리 Of 리쌍),Good Boy,"35,100",3791867
5,New,['박진영'],너뿐이야 (You`re The One),Spring 새로운 사랑에게 보내는 다섯곡의 노래,"28,950",3786914
6,New,['아이유'],복숭아,스무 살의 봄,"91,885",3791293
7,+5,['4minute'],Volume Up,Volume Up,"21,192",3764899
8,New,['아이유'],하루 끝,스무 살의 봄,"123,143",3795586
9,-7,['버스커 버스커'],첫사랑,버스커 버스커 1집,"98,033",3753302
10,-5,['허각'],나를 사랑했던 사람아,LACRIMOSO,"91,315",3758104
11,+48,['박진영'],다른 사람 품에 안겨서 (Someone Else) (Duet With 가인),Spring 새로운 사랑에게 보내는 다섯곡의 노래,"11,549",3779252
12,New,['울랄라세션'],아름다운 밤,ULALA SENSATION Part 1,"37,772",3798160
13,-10,['버스커 버스커'],여수 밤바다,버스커 버스커 1집,"140,276",3753303
14,New,['디셈버'],She`s Gone,She`s Gone,"25,073",3787653
15,-11,['BIGBANG'],FANTASTIC BABY,빅뱅 미니앨범 5집 `ALIVE`,"88,413",3715676
16,New,['아이비'],찢긴 가슴,Interview,"7,989",3776153
17,-8,['버스커 버스커'],꽃송이가,버스커 버스커 1집,"82,500",3753309
18,+26,['노을'],떠나간다,떠나간다,"18,971",3772625
19,-11,['태연 (TAEYEON)'],미치게 보고싶은,더킹 투하츠 OST Part.1,"32,081",3750173
20,+30,['Maroon 5'],Payphone (Feat. Wiz Khalifa),Payphone,"95,952",3774133
21,+17,['배치기'],두 마리,두 마리,"24,298",3763333
22,New,['마이티 마우스'],나쁜놈 (Feat. 소야),나쁜놈,"21,081",3796159
23,New,['가비엔제이'],연락하지마 (Feat. LE Of EXID),연락하지마,"4,510",3787033
24,New,['용감한 녀석들'],I 돈 Care (Feat. 서수민PD),용감한 녀석들,"17,773",3800393
25,-15,['버스커 버스커'],외로움증폭장치 (브래드 드럼 한판 쉬기),버스커 버스커 1집,"54,562",3753305
26,-19,['버스커 버스커'],이상형,버스커 버스커 1집,"33,313",3743293
27,-12,"['양파', '다비치', 'HANNA']",사랑은 다 그런거래요,Together,"18,906",3759927
28,-15,['에일리'],Heaven,Heaven,"69,395",3701333
29,New,['프라이머리'],"씨스루 (Feat. 개코, Zion.T)",Primary And The Messengers Part 3,"39,478",3779134
30,-19,['2AM'],너도 나처럼,F.Scott Fitzgerald`s Way Of Love,"24,649",3731994
31,+29,['걸스데이'],Oh! My God,Everyday II,"8,319",3771082
32,New,['백지영'],Good Boy (Feat. 용준형 Of 비스트),Good Boy,"15,882",3804268
33,New,['Apink (에이핑크)'],HUSH,UNE ANNEE,"30,764",3796613
34,-18,['버스커 버스커'],전활 거네,버스커 버스커 1집,"31,409",3753308
35,+45,['써니힐'],백마는 오고 있는가,백마는 오고 있는가,"7,549",3775013
36,-22,['CNBLUE (씨엔블루)'],Hey You,EAR FUN,"19,529",3747933
37,-18,['린'],곰인형 (Feat. 해금),LoveFiction,"54,637",3736176
38,New,['블락비 (Block B)'],눈감아줄께,`Welcome to the BLOCK` Repackage,"32,020",3786630
39,-22,['BIGBANG'],BLUE,빅뱅 미니앨범 5집 `ALIVE`,"80,655",3715672
40,-22,['SHINee (샤이니)'],Sherlock.셜록 (Clue+Note),`Sherlock` SHINee The 4th Mini Album,"47,102",3735693
41,-7,"['양요섭', '정은지']",LOVE DAY,`A Cube` For Season # Green,"79,415",3734735
42,New,"['양파', '이보람', '소연']",알아요,Together,"10,162",3796596
43,-23,['버스커 버스커'],골목길 어귀에서,버스커 버스커 1집,"30,332",3753307
44,New,['리쌍'],겸손은 힘들어,Unplugged,"15,845",3805780
45,-4,['Maroon 5'],Moves Like Jagger (Feat. Christina Aguilera) (Studio Recording From The Voice Performance),Moves Like Jagger,"71,309",3457091
46,-25,['BIGBANG'],BAD BOY,빅뱅 미니앨범 5집 `ALIVE`,"59,940",3715674
47,-11,['백지영'],한참 지나서,옥탑방 왕세자 OST Part.1,"17,298",3744700
48,-18,['케이윌'],사랑이 운다,더킹 투하츠 OST Part.2,"8,902",3767703
49,-26,['버스커 버스커'],향수,버스커 버스커 1집,"39,044",3753310
50,-28,['넬 (NELL)'],"그리고, 남겨진 것들",Slip Away,"40,184",3765798
51,New,['인피니트'],추격자,INFINITIZE,"63,620",3801396
52,-26,['미쓰에이'],Touch,Touch,"16,929",3713013
53,New,['일렉트로보이즈'],웃을까 울을까 (Feat. 백지영),Electrify,"4,072",3781653
54,-29,['용감한 녀석들'],기다려 그리고 준비해,용감한 녀석들,"15,282",3747293
55,-31,['김수현'],그대 한 사람,해를 품은 달 OST Part.6,"32,106",3733443
56,+29,['이하이'],시간이 흐른뒤 (윤미래),SBS K팝 스타 Top 4,"11,823",3772555
57,-11,['서인국'],밀고 당겨줘 (Tease Me),Perfect Fit,"15,620",3768214
58,New,"['2BIC(투빅)', '다비치']",오늘같은 밤이면,조영수 All Star - 투빅&다비치,"23,783",3805813
59,New,['노라조'],여자사람,여자사람,"6,387",3791294
60,-33,['신화'],Venus,The Return,"22,470",3745234
61,New,['XIA (준수)'],사랑이 싫다구요,Tarantallegra,"23,245",3798890
62,New,['울랄라세션'],다 쓰고 없다,ULALA SENSATION Part 2,"8,240",3804405
63,New,['손승연'],물들어,보이스 코리아 Part 2,"20,190",3772618
64,-8,['Adele'],Rolling In The Deep,21,"75,591",3143265
65,New,['인피니트'],눈물만,눈물만,"21,699",3795529
66,-3,['백아연'],보고싶다 (김범수),SBS K팝 스타 Top 4,"5,878",3772553
67,New,['아이유'],그 애 참 싫다,스무 살의 봄,"49,879",3796969
68,New,['헬로비너스'],Venus,1st Mini Album `Venus`,"11,014",3786713
69,-24,['티아라'],Lovey-Dovey,Funky Town,"29,276",3663978
70,-41,['수펄스'],Fame (Fame OST),SBS K팝 스타 Special No.2,"8,349",3750466
71,-34,['존박'],Falling,Knock,"58,428",3714473
72,-15,['아이유'],너랑 나,Last Fantasy,"116,384",3625504
73,-40,['박지민'],Over The Rainbow (영화 `오즈의 마법사` OST),SBS K팝 스타 Top 7,"12,604",3747899
74,+3,"['LMFAO', 'Steve Aoki']",Livin' My Love (개그콘서트 `시청률의 제왕` 삽입곡),Livin` My Love,"14,470",3671433
75,-44,['버스커 버스커'],봄바람,버스커 버스커 1집,"31,094",3753301
76,-34,['다비치'],생각날거야,LOVE CALL (With 다비치),"19,095",3699257
77,-29,['블락비 (Block B)'],난리나,Welcome to the BLOCK,"41,676",3692955
78,-43,['케이윌'],니가 필요해 (I Need You),니가 필요해 (I Need You),"41,948",3706380
79,New,['B.A.P'],Power,Power,"8,903",3777592
80,-18,['이승철'],잊었니,신들의 만찬 OST Part.1,"23,353",3710333
81,-10,['LMFAO'],Party Rock Anthem (Feat. Lauren Bennett & Goon Rock),Party Rock Anthem,"23,090",3135148
82,New,['이영현'],사랑은 이렇게,패션왕 OST Part.4,"3,290",3777353
83,New,['지나'],2HOT,BLOOM,"14,755",3808405
84,-35,['10CM'],애상,윤일상 작곡가 21주년 기념 앨범 I`m 21,"66,766",3666573
85,New,['박지민'],Music Is My Life (임정희),SBS K팝 스타 Top 2,"1,844",3787294
86,-58,['버스커 버스커'],골목길,버스커 버스커 1집,"9,211",3753306
87,New,['이수영'],인연,`나는 가수다 2` 5월 6일 A조 경연 - 네티즌 추천곡,"3,912",3797003
88,New,['버블 시스터즈'],아프지않게,아프지않게,"1,126",3795532
89,New,['손승연'],비와 당신의 이야기,보이스 코리아 Part 4,"4,494",3786880
90,-51,['BIGBANG'],사랑먼지,빅뱅 미니앨범 5집 `ALIVE`,"32,656",3715673
91,New,['리쌍'],너에게 배운다 (My Love),Unplugged,"15,687",3809215
92,-34,['트러블메이커'],Trouble Maker,Trouble Maker,"38,877",3630755
93,New,['김건모'],알 수 없는 인생 (Feat. 조PD & 윤일상 (PDIS)),윤일상 작곡가 21주년 기념 앨범 I`m 21,"5,842",3774882
94,New,"['알렉스', '호란']",어쩌면 어쩌면,MBC 뮤직 `그 여자 작사 그 남자 작곡` Part.4 존박-진희,"5,111",3794235
95,New,['이하이'],U Go Girl (이효리),SBS K팝 스타 Top 3,"3,730",3781211
96,-14,['이하이'],Love (키샤콜),SBS K팝 스타 Top 5,"9,833",3765097
97,-65,['CNBLUE (씨엔블루)'],아직 사랑한다,EAR FUN,"11,003",3736524
98,New,['손승연'],미운오리새끼,Voice Korea The Final,"29,282",3800744
99,New,['씨스타'],Lead Me,ALONE,"10,606",3768715
100,New,['손승연'],안녕,보이스 코리아 Part 5,"3,289",3794400
