﻿rank,rank_change,singer,title,album,like,song_code
1,+22,['2AM'],죽어도 못 보내,죽어도 못 보내,"17,840",2549955
2,+43,['소녀시대 (GIRLS` GENERATION)'],Oh!,`Oh!` The Second Album,"19,594",2554001
3,+14,['CNBLUE (씨엔블루)'],외톨이야,Bluetory,"23,832",2540268
4,+45,['2AM'],웃어 줄 수 없어서 미안하다,죽어도 못 보내,"6,669",2549956
5,+46,['포맨'],못해 (Feat. 美),The 3rd Generation (Special Album),"67,255",2544949
6,+2,['현아'],Change (Feat. 용준형 From Beast),Change,"9,490",2529931
7,+34,['이승기'],사랑이 술을 가르쳐 (Feat. 백찬 From 8eight),Shadow (Repackage),"24,819",2546258
8,+3,"['씨야', '다비치', '티아라']",원더우먼,원더우먼,"15,550",2534748
9,New,['민경훈'],아프니까 사랑이죠,재회 (再會),"16,224",2566853
10,-9,"['가인', '조권']",우리 사랑하게 됐어요.,우리 사랑하게 됐어요,"23,590",2511561
11,-6,['티아라'],처음처럼,Absolute First Album,"13,190",2371261
12,+60,['가비엔제이'],해바라기 (Feat. 써니사이드 MJ),해바라기,"27,813",2537464
13,New,['2NE1'],날 따라 해봐요,날 따라 해봐요 (Digital Single),"2,319",2572678
14,New,['소녀시대 (GIRLS` GENERATION)'],별별별 (☆★☆),`Oh!` The Second Album,"8,073",2558735
15,New,['언터쳐블'],가슴에 살아 (Feat. 나르샤 Of Brown Eyed Girls),Untouchable Mini Album 2nd,"22,043",2566835
16,-13,['티아라'],Bo Peep Bo Peep,Absolute First Album,"9,283",2371262
17,-15,['애프터스쿨'],너 때문에,너 때문에,"16,701",2366796
18,+30,['김종국'],잘해 주지 마요,Eleventh Story,"3,292",2542751
19,New,['김종국'],이 사람이다,Eleventh Story,"8,671",2542748
20,+6,['2PM'],Tik Tok,Tik Tok,"4,066",2537461
21,-9,['비스트'],Mystery,Beast Is The B2ST,"18,351",2320882
22,-18,['윤하 (YOUNHA)'],오늘 헤어졌어요,3rd Album Part.B `Growing Season`,"61,183",2425271
23,-16,['지아'],술 한잔 해요,술 한잔 해요,"65,987",2425149
24,+13,['임재범'],낙인,추노 OST,"29,380",2535055
25,New,['소녀시대 (GIRLS` GENERATION)'],Show! Show! Show!,`Oh!` The Second Album,"2,990",2558729
26,-20,['이승기'],처음처럼 그때처럼 (Feat. 강민경 From Davichi),처음처럼 그때처럼,"8,402",2517998
27,New,['카라'],루팡 (Lupin),루팡 (Lupin),"16,144",2579459
28,+61,['TraxX (트랙스)'],가슴이 차가운 남자 (Let You Go),가슴이 차가운 남자,"9,351",2552034
29,+37,['2AM'],"I Love You (Feat. 백찬, 주희 Of 8eight)",죽어도 못 보내,"2,064",2549957
30,-21,['2PM'],Heartbeat,1:59PM,"9,592",2352749
31,-15,['쥬얼리'],Love Story,End And.. (Repackage),"7,391",2512058
32,-13,['디셈버'],사랑 참...,Dear My Lover,"12,815",2335459
33,+36,['은지원'],160 (Feat. 이수근),Platonic,"5,440",2388949
34,-19,['유키스'],만만하니,Conti Ukiss,"6,223",2349352
35,-21,['박봄'],YOU AND I,YOU AND I,"44,458",2338186
36,New,['케이윌'],사랑까진 안돼요 (드라마 `산부인과`삽입곡),산부인과 OST Part.1,"3,992",2569008
37,+33,['2AM'],그녀에게 (Feat. 찬성 Of 2PM),죽어도 못 보내,442,2549958
38,-13,['길미'],넌 나를 왜 (Feat. 정엽),The 2nd Purple Dream Sound,"10,839",2507672
39,+43,['대성'],솜사탕,솜사탕 (Digital Single),"2,989",2555764
40,-30,"['CL', '민지']",Please Don`t Go,Please Don`t Go (Digital Single),"3,526",2361466
41,-13,['2PM'],기다리다 지친다,1:59PM,"4,997",2343748
42,-13,['SHINee (샤이니)'],JoJo,"2009, Year Of Us","15,600",2326351
43,+7,['가비엔제이'],사랑이 그렇습니다,해바라기,"1,306",2537463
44,+10,"['아이유', '나윤권']",첫사랑이죠,첫사랑이죠,"49,928",2537575
45,-23,['거미'],그대라서,크리스마스에 눈이 올까요? OST,"27,643",2511579
46,New,['타이푼'],운명,안녕.. 타이푼,843,2558448
47,New,['임창정'],잊혀지는 이별,Remind,"3,671",2575585
48,-35,['은지원'],싸이렌 (Siren) (Feat. 미스터타이푼),Platonic,"6,491",2388945
49,New,['KCM'],꽃을 든 남자 (Feat. MC몽),Color Flower,936,2572448
50,New,['버블 시스터즈'],가시리,가시리,"2,926",2569048
51,New,['BIGBANG'],Lollipop Pt.2,Lollipop Pt.2 (Digital Single),"6,986",2584058
52,New,['럼블피쉬'],좋은 사람 있으면 소개시켜줘,좋은 사람 있으면 소개시켜줘,"7,266",2573848
53,New,['유키스'],빙글빙글,U-Kiss Only One Album,"1,619",2565275
54,New,['소녀시대 (GIRLS` GENERATION)'],뻔 & Fun (Sweet Talking Baby),`Oh!` The Second Album,"2,883",2558730
55,-35,['지아'],그녀처럼,Atelier,"3,950",2523763
56,+21,"['리사', '미료']",우리 결혼할까?,우리 결혼할까? (Digital Single),"4,812",2542649
57,-36,['브라운아이드걸스'],Sign,Sound-G Sign,"18,039",2339048
58,New,['제이'],No.5 (Rap Feat. 은지원),Sentimental,"5,373",2565248
59,+36,['지연'],또르르,공부의 신 OST,"12,032",2530643
60,New,['소녀시대 (GIRLS` GENERATION)'],영원히 너와 꿈꾸고 싶다 (Forever),`Oh!` The Second Album,"8,083",2558731
61,New,['소녀시대 (GIRLS` GENERATION)'],화성인 바이러스 (Boys & Girls) (Feat. Key Of SHINee),`Oh!` The Second Album,"2,535",2558733
62,+9,"['제아', '이영현']",하모니,하모니 OST,"16,388",2517760
63,-45,['박진영'],No Love No More,Sad Freedom,"3,053",2374593
64,+19,['제국의아이들 (ZE:A)'],Mazeltov,Nativity,"4,793",2533327
65,-38,['백지영'],잊지 말아요,아이리스 OST (Part 1),"41,322",2319548
66,+33,['빅마마'],아파,천만번 사랑해 OST Part.3,"1,675",2552016
67,New,['티아라'],너 때문에 미쳐,Breaking Heart (Repackage),"15,543",2587788
68,-36,['원투'],못된 여자 II (With 서인영),못된 여자 II,"14,725",2331974
69,New,['소녀시대 (GIRLS` GENERATION)'],웃자 (Be Happy),`Oh!` The Second Album,"2,026",2558732
70,New,['화요비'],늦은사랑,산부인과 OST (Part 2),"1,641",2578965
71,-47,['서인영'],사랑하면 안되나요,아이리스 OST (Part 6),"6,217",2384348
72,-36,['케이윌'],그립고 그립고 그립다,그립고 그립고 그립다,"58,164",2347151
73,-43,['씨야'],그 놈 목소리,Rebloom,"6,292",2334774
74,New,['f(x)'],"날개를 펴고 (Vocal By Luna, Krystal, Amber)",공부의 신 OST Part 2,"5,130",2553760
75,New,['소녀시대 (GIRLS` GENERATION)'],카라멜 커피 (Talk To Me),`Oh!` The Second Album,"2,372",2558734
76,New,['2PM'],오픈 해피니스 (코카-콜라 CF `미니코-크`편),Open Happiness,878,2579850
77,-43,['아이유'],마쉬멜로우,IU...IM,"25,048",2354532
78,-47,"['SG 워너비', 'V.O.S']",사랑합니다,사랑합니다,"3,934",2511470
79,-4,['Lady GaGa'],Telephone (Feat. Beyonce),The Fame Monster,"13,456",2363261
80,+20,['포맨'],Baby Baby,First Kiss,"6,126",1935298
81,-37,['디셈버'],돌아올순 없나요,아이리스 OST (Part 5),"19,121",2379811
82,-47,['f(x)'],Chu~♡,`Chu~♡` The 1st Single,"10,371",2345593
83,New,['Kesha'],TiK ToK,Animal,"1,139",2530461
84,New,['안진경'],못된사람 (Feat.엠블랙 미르),An Jin Kyoung 1st Mini Album,691,2581291
85,New,['조pd (ZoPD)'],보란듯이 (Feat.정슬기),보란듯이,"1,184",2585956
86,-5,['Beyonce'],Honesty,I Am... Sasha Fierce (Platinum Edition),"11,513",2291014
87,-22,['럼블피쉬'],남잔 다 그래,남잔 다 그래,"1,013",2540358
88,New,['소녀시대 (GIRLS` GENERATION)'],좋은 일만 생각하기 (Day by Day),`Oh!` The Second Album,"8,440",2558737
89,New,['소녀시대 (GIRLS` GENERATION)'],무조건 해피엔딩 (Stick Wit U),`Oh!` The Second Album,"2,045",2558736
90,New,['서영은'],후두둑,후두둑,608,2563148
91,-5,['Ab 에비뉴'],사랑 둘이서..,Love For 2,"2,451",2516879
92,-24,['김진표'],로맨틱 겨울 (Feat. 김진호 Of SG워너비),Romantic 겨울,"24,614",2511767
93,-47,['SHINee (샤이니)'],Ring Ding Dong,"2009, Year Of Us","22,985",2320988
94,-55,"['화요비', '고유진 (플라워)']",Ghost (고스트),Ghost,"7,527",2513619
95,-57,['김태우'],꿈을 꾸다 (Main Ver.),아이리스 OST (Part 4),"3,059",2353708
96,-56,['H-유진'],사랑경보 (Feat. 주희 Of 에이트),사랑경보,"6,519",2359820
97,New,['선민'],놓치다,놓치다,"7,115",2579716
98,-4,['김동희'],죽을 것 같아,Episode,730,2549796
99,-47,['리쌍'],"헤어지지 못하는 여자, 떠나가지 못하는 남자 (Feat. 정인)",Hexagonal,"88,378",2312253
100,New,['빅마마'],하루만,하루만 (Digital Single),551,2586103
