﻿rank,rank_change,singer,title,album,like,song_code
1,+46,"['가인', '조권']",우리 사랑하게 됐어요.,우리 사랑하게 됐어요,"23,590",2511561
2,-1,['애프터스쿨'],너 때문에,너 때문에,"16,701",2366796
3,-0,['티아라'],Bo Peep Bo Peep,Absolute First Album,"9,283",2371262
4,+17,['윤하 (YOUNHA)'],오늘 헤어졌어요,3rd Album Part.B `Growing Season`,"61,183",2425271
5,+20,['티아라'],처음처럼,Absolute First Album,"13,190",2371261
6,+69,['이승기'],처음처럼 그때처럼 (Feat. 강민경 From Davichi),처음처럼 그때처럼,"8,402",2517998
7,+13,['지아'],술 한잔 해요,술 한잔 해요,"65,987",2425149
8,New,['현아'],Change (Feat. 용준형 From Beast),Change,"9,490",2529931
9,-7,['2PM'],Heartbeat,1:59PM,"9,592",2352749
10,-6,"['CL', '민지']",Please Don`t Go,Please Don`t Go (Digital Single),"3,526",2361466
11,New,"['씨야', '다비치', '티아라']",원더우먼,원더우먼,"15,550",2534748
12,+65,['비스트'],Mystery,Beast Is The B2ST,"18,351",2320882
13,+23,['은지원'],싸이렌 (Siren) (Feat. 미스터타이푼),Platonic,"6,491",2388945
14,-9,['박봄'],YOU AND I,YOU AND I,"44,458",2338186
15,-8,['유키스'],만만하니,Conti Ukiss,"6,223",2349352
16,+52,['쥬얼리'],Love Story,End And.. (Repackage),"7,391",2512058
17,New,['CNBLUE (씨엔블루)'],외톨이야,Bluetory,"23,832",2540268
18,-8,['박진영'],No Love No More,Sad Freedom,"3,053",2374593
19,-3,['디셈버'],사랑 참...,Dear My Lover,"12,815",2335459
20,New,['지아'],그녀처럼,Atelier,"3,950",2523763
21,-15,['브라운아이드걸스'],Sign,Sound-G Sign,"18,039",2339048
22,+43,['거미'],그대라서,크리스마스에 눈이 올까요? OST,"27,643",2511579
23,New,['2AM'],죽어도 못 보내,죽어도 못 보내,"17,840",2549955
24,-6,['서인영'],사랑하면 안되나요,아이리스 OST (Part 6),"6,217",2384348
25,+35,['길미'],넌 나를 왜 (Feat. 정엽),The 2nd Purple Dream Sound,"10,839",2507672
26,New,['2PM'],Tik Tok,Tik Tok,"4,066",2537461
27,-18,['백지영'],잊지 말아요,아이리스 OST (Part 1),"41,322",2319548
28,-6,['2PM'],기다리다 지친다,1:59PM,"4,997",2343748
29,+51,['SHINee (샤이니)'],JoJo,"2009, Year Of Us","15,600",2326351
30,-22,['씨야'],그 놈 목소리,Rebloom,"6,292",2334774
31,+25,"['SG 워너비', 'V.O.S']",사랑합니다,사랑합니다,"3,934",2511470
32,-19,['원투'],못된 여자 II (With 서인영),못된 여자 II,"14,725",2331974
33,New,"['애프터스쿨', '브라운아이드걸스', '케이윌', '간미연', '테이', '숙희', '안영민']",눈 내리는 마을,눈 내리는 마을,"3,631",2517654
34,-17,['아이유'],마쉬멜로우,IU...IM,"25,048",2354532
35,-21,['f(x)'],Chu~♡,`Chu~♡` The 1st Single,"10,371",2345593
36,-24,['케이윌'],그립고 그립고 그립다,그립고 그립고 그립다,"58,164",2347151
37,New,['임재범'],낙인,추노 OST,"29,380",2535055
38,-23,['김태우'],꿈을 꾸다 (Main Ver.),아이리스 OST (Part 4),"3,059",2353708
39,+28,"['화요비', '고유진 (플라워)']",Ghost (고스트),Ghost,"7,527",2513619
40,-10,['H-유진'],사랑경보 (Feat. 주희 Of 에이트),사랑경보,"6,519",2359820
41,New,['이승기'],사랑이 술을 가르쳐 (Feat. 백찬 From 8eight),Shadow (Repackage),"24,819",2546258
42,-16,['MC 스나이퍼'],마법의 성,Museum,"22,496",2357924
43,+10,['브라이언'],내 여자 (Feat. 슈프림팀),Manifold,940,2388877
44,-2,['디셈버'],돌아올순 없나요,아이리스 OST (Part 5),"19,121",2379811
45,New,['소녀시대 (GIRLS` GENERATION)'],Oh!,`Oh!` The Second Album,"19,594",2554001
46,-27,['SHINee (샤이니)'],Ring Ding Dong,"2009, Year Of Us","22,985",2320988
47,-36,['서인국'],부른다,부른다,"18,425",2336218
48,New,['김종국'],잘해 주지 마요,Eleventh Story,"3,292",2542751
49,New,['2AM'],웃어 줄 수 없어서 미안하다,죽어도 못 보내,"6,669",2549956
50,New,['가비엔제이'],사랑이 그렇습니다,해바라기,"1,306",2537463
51,New,['포맨'],못해 (Feat. 美),The 3rd Generation (Special Album),"67,255",2544949
52,-29,['리쌍'],"헤어지지 못하는 여자, 떠나가지 못하는 남자 (Feat. 정인)",Hexagonal,"88,378",2312253
53,-18,['디셈버'],여자는 나쁜남자를 좋아한다,Dear My Lover,"2,116",2335458
54,New,"['아이유', '나윤권']",첫사랑이죠,첫사랑이죠,"49,928",2537575
55,-28,['2PM'],My Color,My Color,"1,039",2378354
56,-4,['김태우'],"사랑눈 (Feat. 드로플렛, 슬라임)",사랑눈,"2,040",2508682
57,New,['김남길'],사랑하면 안 되니,사랑하면 안 되니,"2,514",2535554
58,+16,['송지은'],어젠 (Duet. 환희),어젠,"5,312",2508660
59,-20,['레인보우'],Gossip Girl,Gossip Girl,"2,359",2355016
60,-31,['아이비'],눈물아 안녕,I Be..,"5,760",2328153
61,-24,['린'],실화,6½ New Celebration,"28,146",2335491
62,-38,['SS501'],Love Like This (네게로),SS501 / Rebirth,"8,943",2328191
63,-35,['태양'],웨딩드레스 (Wedding Dress),웨딩드레스,"19,635",2355858
64,-30,['김태우'],사랑비,T-Virus,"43,998",2276194
65,New,['럼블피쉬'],남잔 다 그래,남잔 다 그래,"1,013",2540358
66,New,['2AM'],"I Love You (Feat. 백찬, 주희 Of 8eight)",죽어도 못 보내,"2,064",2549957
67,-35,['비스트'],Bad Girl,Beast Is The B2ST,"27,830",2320881
68,New,['김진표'],로맨틱 겨울 (Feat. 김진호 Of SG워너비),Romantic 겨울,"24,614",2511767
69,New,['은지원'],160 (Feat. 이수근),Platonic,"5,440",2388949
70,New,['2AM'],그녀에게 (Feat. 찬성 Of 2PM),죽어도 못 보내,442,2549958
71,New,"['제아', '이영현']",하모니,하모니 OST,"16,388",2517760
72,New,['가비엔제이'],해바라기 (Feat. 써니사이드 MJ),해바라기,"27,813",2537464
73,-27,['다이나믹 듀오'],죽일 놈 (Guilty),Band Of Dynamic Brothers,"104,095",2314377
74,-31,"['티아라', '초신성']",TTL (Time To Love),TTL (Time To Love),"27,383",2289852
75,-2,['Lady GaGa'],Telephone (Feat. Beyonce),The Fame Monster,"13,456",2363261
76,New,['티맥스'],한번쯤은,공부의 신 OST,"1,321",2530641
77,New,"['리사', '미료']",우리 결혼할까?,우리 결혼할까? (Digital Single),"4,812",2542649
78,-37,['박효신'],사랑한 후에,Gift (Part.1),"34,957",2289924
79,-41,['소녀시대 (GIRLS` GENERATION)'],Chocolate Love (Retro Pop Ver.),Chocolate Love,"6,666",2315961
80,-47,['아이비'],Touch Me,I Be..,"1,937",2328152
81,-0,['Beyonce'],Honesty,I Am... Sasha Fierce (Platinum Edition),"11,513",2291014
82,New,['대성'],솜사탕,솜사탕 (Digital Single),"2,989",2555764
83,New,['제국의아이들 (ZE:A)'],Mazeltov,Nativity,"4,793",2533327
84,-53,['BIGBANG'],할렐루야,아이리스 OST (Part 3),"8,871",2345418
85,-41,['2PM'],너에게 미쳤었다,1:59PM,"2,472",2349948
86,New,['Ab 에비뉴'],사랑 둘이서..,Love For 2,"2,451",2516879
87,-38,['케이윌'],최면 (Feat. 아웃사이더),그립고 그립고 그립다,"8,189",2347153
88,New,['김연우'],축가 (祝歌),정 (情),"4,663",2530638
89,New,['TraxX (트랙스)'],가슴이 차가운 남자 (Let You Go),가슴이 차가운 남자,"9,351",2552034
90,New,['디셈버'],희재 Part.2,Dear My Lover,"3,690",2335460
91,-41,['엠블랙'],Oh Yeah,Just Blaq,"3,322",2320849
92,-31,['4minute'],Muzik,For Muzik,"10,553",2269959
94,New,['김동희'],죽을 것 같아,Episode,730,2549796
95,New,['지연'],또르르,공부의 신 OST,"12,032",2530643
96,-48,['거미'],이별은 사랑 뒤를 따라와,텔레시네마 프로젝트 Vol.3 - 이별은 사랑 뒤를 따라와,"1,736",2334208
97,New,['4minute'],Dreams Come True,공부의 신 OST,"3,886",2530642
98,-4,['리쌍'],우리 지금 만나 (Feat. 장기하와 얼굴들),Hexagonal,"14,326",2312252
99,New,['빅마마'],아파,천만번 사랑해 OST Part.3,"1,675",2552016
100,New,['포맨'],Baby Baby,First Kiss,"6,126",1935298
