﻿rank,rank_change,singer,title,album,like,song_code
1,New,['4minute'],이름이 뭐예요?,Name Is 4minute,"50,446",4099280
2,+29,['로이킴'],봄봄봄,봄봄봄,"124,306",4091105
3,-2,['싸이 (PSY)'],GENTLEMAN,GENTLEMAN,"104,962",4085875
4,+52,['AKMU (악동뮤지션)'],I Love You,내 연애의 모든 것 OST Part.3,"85,511",4097003
5,New,['바이브'],꼭 한번 만나고 싶다,Organic Sound,"46,087",4100925
6,New,['이효리'],미스코리아,MONOCHROME,"38,610",4095862
7,New,['시크릿'],YooHoo (유후),Letter From Secret,"30,202",4101639
8,+5,['조용필'],Bounce,Bounce,"66,670",4089360
9,New,['긱스 (Geeks)'],Wash Away (Feat. 에일리),Backpack,"65,735",4100521
10,-2,['린'],오늘 밤 (Feat. 배치기),8th #1 유리 심장,"50,713",4082435
11,-8,['케이윌'],Love Blossom (러브블러썸),The 3rd Album Part.2 `Love Blossom (러브블러썸)`,"107,337",4076051
12,New,['포맨'],청혼하는 거예요,The 5th Album Vol.2 `Thank You`,"59,862",4108714
13,-11,['다비치'],녹는 중 (Feat. 버벌진트),녹는 중,"56,818",4072715
14,New,['윤하 (YOUNHA)'],우리가 헤어진 진짜 이유,Just Listen,"71,018",4103251
15,New,['티아라 N4'],전원일기 (田園日記) (Feat. 이단옆차기 & 태운),전원일기,"33,258",4100916
16,+38,['조용필'],Hello (Feat. 버벌진트),Hello,"31,986",4095729
17,-13,['긱스 (Geeks)'],어때 (Feat. 하림),어때,"54,069",4074419
18,-11,['다비치'],거북이,Mystic Ballad Part.1,"84,625",4047160
19,New,['린'],유리 심장 (Feat. 용준형 Of 비스트),8th #1 유리 심장,"37,000",4099386
20,-14,['이하이'],Rose,First Love,"61,125",4070103
21,-11,['AKMU (악동뮤지션)'],외국인의 고백,SBS K팝 스타 시즌2 TOP 3 Part.2,"59,358",4076109
22,-17,['버스커 버스커'],벚꽃 엔딩,버스커 버스커 1집,"343,122",3753304
23,-14,['AKMU (악동뮤지션)'],Crescendo (크레셴도),SBS K팝 스타 시즌2 TOP 6,"77,216",4053240
24,New,['JUNIEL'],귀여운 남자,Fall in L,"29,055",4098101
25,New,['2PM'],이 노래를 듣고 돌아와,Grown,"16,555",4105677
26,New,['수지 (SUZY)'],나를 잊지말아요,구가의 서 OST Part.5,"27,916",4105693
27,-16,"['15& (박지민, 백예린)']",Somebody,Somebody,"28,430",4079025
28,New,['유승우'],헬로,첫번째 소풍,"17,968",4108627
29,-9,['서인국'],웃다 울다,웃다 울다,"34,954",4084675
30,+38,['백지영'],봄비,구가의 서 OST Part.4,"16,437",4094355
31,New,['바이브'],이 나이 먹도록,Organic Sound,"26,376",4115610
32,-16,['걸스데이'],기대해,기대,"48,948",4054983
33,-14,['Zion.T'],Babay (Feat. Gaeko),Red Light,"44,247",4081054
34,New,['유승우'],너와 나,첫번째 소풍,"20,099",4100688
35,New,['SHINee (샤이니)'],Why So Serious?,SHINee The 3rd Album Chapter 2. `Why So Serious?,"33,900",4099465
36,+15,['박재범'],좋아 (JOAH),JOAH,"91,759",4082812
37,-8,['AKMU (악동뮤지션)'],Officially Missing You,SBS K팝 스타 시즌2 Top 2 Special,"35,849",4082947
38,-16,['허각'],모노드라마 (With 유승우),LITTLE GIANT,"96,990",4019298
39,New,['B1A4'],이게 무슨 일이야,이게 무슨 일이야,"45,698",4105654
40,+6,['프라이머리'],자니 (Feat. Dynamic Duo),자니,"155,966",3726617
41,-13,['리쌍'],눈물 (Feat. 유진 Of 더 씨야),이단옆차기 프로젝트 Vol.02,"106,603",4020215
42,-28,['거미'],눈꽃,"그 겨울, 바람이 분다 OST Part.3","56,712",4044859
43,-17,"['써니힐', '데이브레이크 (DAYBREAK)']",들었다 놨다 (Love Actually),re;code Episode III,"39,061",4074795
44,New,"['오렌지 캬라멜', '10CM']",안아줘요 (Hug Song),re;code Episode IV,"7,776",4111207
45,-20,['씨스타19'],있다 없으니까 (Gone Not Around Any Longer),있다 없으니까,"69,266",4024692
46,-34,['태연 (TAEYEON)'],그리고 하나,"그 겨울, 바람이 분다 OST Part.5","49,377",4056159
47,-29,['The One (더원)'],겨울사랑,"그 겨울, 바람이 분다 OST Part.2","62,244",4038857
48,New,['UV'],너 때문에 (Feat. 성훈 Of 브라운아이드소울),너 때문에,"8,824",4105688
49,New,['이효리'],Bad Girls,MONOCHROME,"30,453",4118143
50,-20,['배치기'],눈물샤워 (Feat. 에일리),4집 Part.2,"91,430",4011596
51,-36,['홍대광'],굿바이 (With 소유 Of 씨스타),멀어진다,"29,419",4076648
52,-2,['포맨'],Thank You,Thank You,"10,766",4091085
53,New,"['양요섭', 'Cube Girls']",Perfume,Cube Voice Project `Perfume`,"17,702",4102546
54,-37,['다비치'],둘이서 한잔해,Mystic Ballad Part.2,"26,395",4060136
55,-34,"['배치기', '신보라']",사랑하니까,내 연애의 모든 것 OST Part.1,"17,902",4076105
56,-12,['신용재'],가수가 된 이유,24,"89,676",3864961
57,New,['디셈버'],Going Home,Going Home,"5,016",4104368
58,New,['서인영'],헤어지자,Forever Young,"29,546",4115516
59,New,['신화'],This Love,The Classic,"32,512",4116789
60,New,['딕펑스 (DICKPUNKS)'],VIVA청춘,Viva Primavera,"52,851",4098052
61,-6,['프라이머리'],"? (물음표) (Feat. 최자 Of 다이나믹듀오, Zion.T)",Primary And The Messengers LP,"116,990",3947371
62,-35,['인피니트'],Man In Love (남자가 사랑할때),New Challenge,"61,371",4064020
63,New,['나인뮤지스'],와일드 (Wild),Wild,"21,850",4109798
64,-7,['어반자카파'],그냥 조금,나인 OST Part 4,"21,129",4088114
65,-31,['버벌진트'],이게 사랑이 아니면 (Feat. 에일리),이게 사랑이 아니면,"45,818",4038121
66,-21,"['긱스 (Geeks)', '소유 (SOYOU)']","Officially Missing You, Too",re;code Episode I,"112,057",3946867
67,-44,['Supreme Team'],그대로 있어도 돼 (Feat. Crush),Thanks 4 The Wait,"49,601",4061513
68,New,['헬로비너스'],차 마실래?,3rd Mini Album (차 마실래?),"23,240",4103138
69,New,['김보경 (NEON)'],사랑 끝,사랑 끝,"7,437",4110432
70,-35,['틴탑'],긴 생머리 그녀 (Miss Right),No.1,"31,870",4042480
71,-28,['포맨'],안녕 나야,The 5th Album Vol.1 (실화),"53,862",4021445
72,-48,['2AM'],어느 봄날,어느 봄날,"34,237",4048381
73,New,['긱스 (Geeks)'],집앞에서 (전화 받지 마 Pt. 2) (Feat. Crucial Star),Backpack,"19,836",4100522
74,-35,['AKMU (악동뮤지션)'],사랑은 은하수 다방에서,SBS K팝 스타 시즌2 TOP 4,"27,752",4066001
75,-3,['프라이머리'],"씨스루 (Feat. Zion.T, 개코 Of 다이나믹듀오)",Primary And The Messengers LP,"89,975",3948908
76,New,['AKMU (악동뮤지션)'],콩떡빙수,콩떡빙수,"39,347",4121653
77,New,['신용재'],평범한 사랑,내 연애의 모든 것 OST Part.4,"6,833",4103215
78,-19,['Carly Rae Jepsen'],Call Me Maybe,Call Me Maybe,"120,453",3726439
79,-41,['허각'],1440,LITTLE GIANT,"48,971",4027904
80,New,['지아'],꿈에서라도,"장옥정, 사랑에 살다 OST Part.2","8,897",4095738
81,-14,['이상곤 (노을)'],사랑이 아프다,구가의 서 OST Part.2,"16,405",4081009
82,-46,['다비치'],모르시나요,아이리스Ⅱ OST Part 1,"28,966",4033059
83,New,['2PM'],하.니.뿐.,Grown,"20,238",4105676
84,-7,['긱스 (Geeks)'],Officially Missing You,Officially Missing You,"125,153",3170749
85,New,['The One (더원)'],잘 있나요,구가의 서 OST Part.6,"34,028",4117702
86,-45,['SHINee (샤이니)'],Dream Girl,SHINee The 3rd Album Chapter 1. `Dream Girl - The Misconceptions Of You`,"55,045",4037314
87,-38,['레인보우'],Tell Me Tell Me,Rainbow Syndrome,"26,558",4033065
88,New,"['지아', '장한별']",With Coffee,With Coffee,"4,441",4114207
89,New,['더블케이 (Double K)'],Rewind (Feat. 이미쉘),Rewind,"6,460",4103882
90,New,['긱스 (Geeks)'],비가오네 (Feat. 박수민),Backpack,"26,610",4100524
91,-59,['이하이'],It`s Over,First Love,"27,587",4050612
92,New,['이예준'],그대가 그대를,보이스코리아2 Part 6,"11,654",4097000
93,+4,['가비엔제이'],이별극장,이별극장,"7,075",4093313
94,New,['애즈원'],사랑이 어색해,사랑이 어색해,"8,105",4108167
95,New,['조용필'],Bounce,Hello,"37,321",4095728
96,-10,['Zion.T'],She (Feat. Beenzino),Red Light,"31,064",4081052
97,New,['스윙스'],줄래 (Feat. 서인국),줄래 (Feat. 서인국),"12,318",4112339
98,New,"['비스트', '비투비']",Bye Bye Love,남자가 사랑할 때 OST Part.4,"28,976",4102619
99,-46,['AKMU (악동뮤지션)'],라면인건가,SBS K팝 스타 시즌2 TOP 10 (1회),"42,544",4036019
100,New,['틴탑'],길을 걷다가... (Walk By...),`No.1` 리패키지 스페셜 에디션,"7,978",4098113
