﻿rank,rank_change,singer,title,album,like,song_code
1,New,['원더걸스'],Why So Lonely,Why So Lonely,"129,133",8254545
2,New,['BewhY (비와이)'],Forever (Prod. By GRAY),쇼미더머니 5 Episode 3,"104,480",8252408
3,New,['BewhY (비와이)'],Day Day (Feat. 박재범) (Prod. by GRAY),쇼미더머니 5 Episode 4,"110,598",8261338
4,New,['언니쓰'],Shut Up (Feat. 유희열),언니들의 슬램덩크,"67,771",8250334
5,+19,['씨스타'],I Like That,沒我愛(몰아애),"46,867",8236055
6,-4,['TWICE (트와이스)'],CHEER UP,PAGE TWO,"215,356",8158031
7,New,['여자친구 (GFRIEND)'],너 그리고 나 (NAVILLERA),여자친구 The 1st Album `LOL`,"110,083",8262125
8,+40,"['사이먼 도미닉', 'GRAY (그레이)', 'ONE']",맘 편히 (Comfortable),쇼미더머니 5 Episode 2,"80,518",8243823
9,-8,['어반자카파'],널 사랑하지 않아,스틸,"187,987",8199190
10,-3,"['사이먼 도미닉', 'ONE', '지투 (G2)', 'BewhY (비와이)']",니가 알던 내가 아냐 (Prod. By GRAY),쇼미더머니 5 Episode 1,"65,511",8233291
11,+89,['Zion.T'],쿵,쇼미더머니 5 Special,"48,705",8247080
12,New,['보이비'],"호랑나비 (Feat. Gill, 리듬파워, 김흥국)",쇼미더머니 5 Episode 3,"55,449",8252409
13,New,['비스트'],리본 (Ribbon),Highlight,"75,743",8252588
14,+38,['백예린'],Bye bye my blue,Bye bye my blue,"156,205",8233373
15,+65,"['매드클라운', '#Gun']",비행소년 (Feat. 거미),쇼미더머니 5 Episode 2,"42,089",8243822
16,-0,"['The Quiett', '수퍼비', 'myunDo', '플로우식 (Flowsik)', 'Dok2']",공중도덕 (Air DoTheQ),쇼미더머니 5 Episode 1,"38,154",8233292
17,+11,['BewhY (비와이)'],The Time Goes On,Time Travel,"106,089",5620266
18,New,['#Gun'],미친놈 (Feat. 제시),쇼미더머니 5 Episode 4,"36,959",8261334
19,-16,['백아연'],쏘쏘,쏘쏘,"88,530",8189661
20,-0,"['Zion.T', 'C JAMM', '레디 (Reddy)', '서출구']",신사 ($insa),쇼미더머니 5 Episode 1,"32,533",8233293
21,New,['태연 (TAEYEON)'],Why,Why - The 2nd Mini Album,"93,552",8244030
22,+51,['태연 (TAEYEON)'],Starlight (Feat. DEAN),Why - The 2nd Mini Album,"71,140",8244031
23,New,['C JAMM'],아름다워 (Beautiful) (Feat. 지코 (ZICO)),쇼미더머니 5 Episode 4,"31,371",8261335
24,-18,['정은지'],하늘바라기 (Feat. 하림),Dream,"135,739",8148487
25,-21,['벤'],꿈처럼,또 오해영 OST Part.2,"113,619",8174429
26,New,"['KUSH', 'Zion.T']",Machine Gun (Feat. MINO),쇼미더머니 5 Special,"26,917",8247081
27,-19,['DEAN'],D (half moon) (Feat. 개코),130 mood : TRBL,"215,612",8109412
28,-16,['엠씨더맥스'],어디에도,pathos,"197,386",8033528
29,New,"['C JAMM', '레디 (Reddy)']",현상수배 (Wanted),쇼미더머니 5 Episode 3,"16,800",8252404
30,New,['수퍼비'],냉탕에 상어 (Feat. 블랙넛),냉탕에 상어,"60,577",7899303
31,-26,['박경'],자격지심 (Feat. 은하 Of 여자친구),자격지심,"112,408",8184472
32,-7,"['San E', '레이나 (Raina)']",달고나,달고나,"30,163",8225127
33,New,['수지 (SUZY)'],Ring My Bell,함부로 애틋하게 OST Part.1,"33,868",8250335
34,-25,['EXO'],Monster,EX`ACT - The 3rd Album,"166,319",8217164
35,-18,"['로꼬', 'GRAY (그레이)']",GOOD (Feat. ELO),GOOD,"48,566",8219168
36,-18,['정승환'],너였다면,또 오해영 OST Part.5,"182,136",8203900
37,New,['비스트'],Butterfly,Highlight,"49,919",8244052
38,-28,"['서현진', '유승우']",사랑이 뭔데,또 오해영 OST Part.3,"52,338",8182907
39,-10,['여자친구 (GFRIEND)'],시간을 달려서 (Rough),여자친구 3rd Mini Album `SNOWFLAKE`,"152,983",8028701
40,-25,['EXID'],L.I.E,STREET,"38,110",8206881
41,New,"['Zion.T', '서출구']",드러머 (Drummer) (Feat. 올티),쇼미더머니 5 Episode 3,"15,342",8252407
42,-0,['정준일'],안아줘,Lo9ve3r4s,"197,452",3620493
43,-20,['다비치'],이 사랑,태양의 후예 OST Part.3,"139,282",8071102
44,-33,['AOA'],Good Luck,Good Luck,"35,346",8181755
45,-26,['에디킴'],내 입술 따뜻한 커피처럼 (Feat. 이성경) (Prod. by 박근태),내 입술 따뜻한 커피처럼,"71,367",8161257
46,-19,['거미'],You Are My Everything,태양의 후예 OST Part.4,"119,202",8089568
47,-10,['TWICE (트와이스)'],OOH-AHH하게,THE STORY BEGINS,"147,272",7891119
48,New,"['권순일 (어반자카파)', '박용인 (어반자카파)']",No Way,닥터스 OST Part.1,"27,552",8233466
49,-17,['지코 (ZICO)'],너는 나 나는 너,Break Up 2 Make Up,"140,226",8028724
50,-11,['지코 (ZICO)'],Boys And Girls (Feat. Babylon),Boys and Girls,"148,638",7911687
51,-30,['10CM'],봄이 좋냐??,3.2,"142,163",8124417
52,-2,['이하이'],한숨,SEOULITE,"227,220",8086947
53,-40,['AKMU (악동뮤지션)'],RE-BYE,사춘기 상 (思春記 上),"70,262",8170828
54,-18,['마마무(Mamamoo)'],넌 is 뭔들,Melting,"106,012",8068881
55,-4,['여자친구 (GFRIEND)'],오늘부터 우리는 (Me Gustas Tu),여자친구 2nd Mini Album `Flower Bud`,"129,756",5791706
56,-18,['이적'],걱정말아요 그대,응답하라 1988 OST Part.2,"160,607",7921208
57,-43,['Dok2'],1llusion,1llusion,"44,990",8190803
58,-4,['Justin Bieber'],Love Yourself,Purpose (Deluxe),"210,500",7931286
59,-26,['케이윌'],말해! 뭐해?,태양의 후예 OST Part.6,"95,911",8102386
60,-15,['Crush'],잊어버리지마 (Feat. 태연),잊어버리지마,"156,910",8026677
61,-6,['10CM'],스토커,3.0,"200,724",5466962
62,-19,['SG 워너비'],사랑하자,태양의 후예 OST Part.8,"59,766",8122589
63,New,"['키썸 (Kisum)', '슬옹']",틀린그림찾기,함부로 애틋하게 OST Part.2,"15,957",8257689
64,New,['김나영'],가슴이 말해,함부로 애틋하게 OST Part.3,"23,519",8259473
65,-35,['블락비 (Block B)'],Toy,Blooming Period,"105,566",8138940
66,-8,['임창정'],또 다시 사랑,또 다시 사랑,"194,726",7861392
67,-36,['EXO'],Lucky One,EX`ACT - The 3rd Album,"111,748",8217163
68,-42,['Crush'],우아해 (woo ah),Interlude,"66,712",8172437
69,-5,['태연 (TAEYEON)'],Rain,Rain - SM STATION,"152,650",8042553
70,New,"['수퍼비', 'myunDo']",Beverly 1lls,쇼미더머니 5 Episode 3,"14,614",8252405
71,New,['레디 (Reddy)'],Like this (Feat. BOBBY),쇼미더머니 5 Episode 4,"16,341",8261339
72,-25,"['보아 (BoA)', '빈지노 (Beenzino)']",No Matter What,No Matter What - SM STATION,"36,700",8231453
73,New,"['허각', '정은지']",바다,`PLAN A` FIRST EPISODE,"36,503",8275728
74,-7,['Sam Smith'],I`m Not The Only One,In The Lonely Hour,"218,002",4660794
75,New,['세븐틴'],아주 NICE,Love&Letter Repackage Album,"112,770",8252573
76,-30,['윤미래'],ALWAYS,태양의 후예 OST Part.1,"107,443",8053157
77,New,['정엽'],그 애 (愛),닥터스 OST Part.3,"20,041",8252139
78,-44,['아이오아이 (I.O.I)'],Dream Girls,아이오아이 (I.O.I) 1st Mini Album `Chrysalis`,"49,703",8171202
79,-11,"['매드클라운', '도넛맨 (Donutman)', '보이비', '#Gun']",무궁화,쇼미더머니 5 Episode 1,"15,671",8233294
80,-36,['방탄소년단'],불타오르네 (FIRE),화양연화 Young Forever,"218,185",8167307
81,New,['손승연'],보란듯이 (Feat. 앤덥),보란듯이,"20,584",8254504
82,-5,['헤이즈 (Heize)'],돌아오지마 (Feat. 용준형 Of 비스트),돌아오지마,"174,034",8143111
83,-42,['로이킴'],어쩌면 나,또 오해영 OST Part.4,"38,816",8193236
84,-27,['하현우 (국카스텐)'],Don`t Cry (우리 동네 음악대장),복면가왕 50회,"42,625",8094566
85,New,['윤하 (YOUNHA)'],Sunflower,닥터스 OST Part.2,"21,161",8243908
86,New,['존박'],네 생각,네 생각,"99,243",8268275
87,-52,['AKMU (악동뮤지션)'],사람들이 움직이는 게,사춘기 상 (思春記 上),"47,053",8170829
88,New,['에릭남 (Eric Nam)'],못참겠어 (Feat. 로꼬),못참겠어,"27,991",8266230
89,-36,"['매드클라운', '김나영']",다시 너를,태양의 후예 OST Part.5,"73,038",8100402
90,-31,['정키'],바라지 않아 (Feat. 소정 Of 레이디스 코드),LISH,"36,986",8217129
91,New,"['플로우식 (Flowsik)', 'The Quiett', 'Dok2']",RAPSTAR (remix),쇼미더머니 5 Episode 3,"10,023",8252406
92,New,"['BewhY (비와이)', '사이먼 도미닉']",쌈박자 (XamBaqJa) (Prod. by BewhY),쇼미더머니 5 Episode 5,"13,613",8271314
93,New,['헤이즈 (Heize)'],"And July (Feat. DEAN, DJ Friz)",And July,"133,719",8271355
94,New,"['플로우식 (Flowsik)', 'Hash Swan', '보이비', '우태운', '지투 (G2)']",도깨비,쇼미더머니 5 Episode 5,"15,610",8271318
95,-32,['지코 (ZICO)'],유레카 (Feat. Zion.T),GALLERY,"91,778",7965449
96,-74,['iKON'],오늘 모해 (#WYD),오늘 모해 (#WYD),"51,536",8201572
97,New,['효린'],보고싶어,함부로 애틋하게 OST Part.5,"8,169",8269335
98,New,['수퍼비'],썬 블락 (Sun Block) (Feat. Microdot),쇼미더머니 5 Episode 4,"9,231",8261337
99,New,['정기고'],Only U,함부로 애틋하게 OST Part.4,"9,772",8267596
100,-29,['DEAN'],21,130 mood : TRBL,"91,141",8109414
