﻿rank,rank_change,singer,title,album,like,song_code
1,New,['이하이'],"1,2,3,4 (원,투,쓰리,포)","1,2,3,4 (원,투,쓰리,포)","84,156",3946768
2,New,"['긱스 (Geeks)', '소유 (SOYOU)']","Officially Missing You, Too",re;code Episode I,"112,057",3946867
3,+15,['에일리'],보여줄게,Invitation,"92,756",3929469
4,+2,['케이윌'],이러지마 제발 (Please Don`t...),The 3rd Album Part.1,"83,432",3922071
5,+4,"['로이킴', '정준영']",먼지가 되어,슈퍼스타 K4 Top 12 Part.1,"79,700",3928293
6,New,['프라이머리'],"? (물음표) (Feat. 최자 Of 다이나믹듀오, Zion.T)",Primary And The Messengers LP,"116,990",3947371
7,+53,['별'],귀여워 (With 권정열 Of 10cm),귀여워,"52,754",3940533
8,+9,['미쓰에이'],남자 없이 잘 살아,Independent Women pt.Ⅲ,"34,389",3928294
9,-8,['가인'],피어나,Talk About S.,"65,198",3911750
10,+34,['현아'],Ice Cream (Feat. Maboos),MELTING,"23,006",3935594
11,-8,['에픽하이 (EPIK HIGH)'],춥다 (Feat. 이하이),99,"75,366",3922586
12,New,['로이킴'],휘파람,슈퍼스타 K4 Top 12 Part.2,"60,443",3936237
13,New,['노을'],하지 못한 말,TIME FOR LOVE,"97,638",3953192
14,+8,['J.Lee'],말리꽃 (원곡가수 이승철),`나는 가수다 2` 10월 B조 경연,"33,057",3928194
15,-13,['나얼'],바람기억,Principle Of My Soul,"212,321",3910821
16,+24,['블락비 (Block B)'],닐리리맘보,BLOCKBUSTER,"54,187",3928713
17,New,['어반자카파'],똑같은 사랑 똑같은 이별,[02],"55,666",3940755
18,-14,"['서인국', '정은지']",All For You,응답하라 1997 Love Story Part 1,"154,819",3890826
19,+1,['유승우'],My Son,슈퍼스타 K4 Top 12 Part.1,"23,387",3928290
20,-13,['오렌지 캬라멜'],립스틱 (LIPSTICK),립스틱 (LIPSTICK),"36,884",3903316
21,-16,['G-DRAGON'],크레용 (Crayon),One Of A Kind,"63,907",3906377
22,New,['노을'],여인,여인,"6,452",3947815
23,-15,['G-DRAGON'],Missing You (Feat. 김윤아 Of 자우림),One Of A Kind,"100,951",3906383
24,-8,['10CM'],Fine Thank You And You?,2.0,"48,578",3922575
25,-12,['XIA (준수)'],사랑은 눈꽃처럼,세상 어디에도 없는 착한남자 OST Part.1,"65,028",3914860
26,-16,"['허각', '지아']",I Need You,I Need You,"97,530",3884575
27,New,['프라이머리'],독 (Feat. E-Sens Of 슈프림팀),Primary And The Messengers LP,"108,278",3940613
28,New,['김종국'],남자가 다 그렇지 뭐,Journey Home,"12,270",3949994
29,New,['걸스데이'],나를 잊지마요,Girl`s Day Party #5,"28,737",3939070
30,+24,['에픽하이 (EPIK HIGH)'],UP (Feat. 박봄 Of 2NE1),99,"20,188",3935148
31,New,"['박명수', '정엽']",꿈이었을까,꿈이었을까,"10,551",3940593
32,New,['NS 윤지'],If You Love Me (Feat. 박재범),If You Love Me (Feat. 박재범),"46,696",3948917
33,New,['어반자카파'],River,[02],"55,625",3940684
34,+9,['긱스 (Geeks)'],Officially Missing You,Officially Missing You,"125,153",3170749
35,-24,['티아라'],SEXY LOVE,MIRAGE,"32,551",3893934
36,New,['정준영'],응급실,슈퍼스타K4 Top 12 Part.5,"26,158",3957743
37,+22,['에픽하이 (EPIK HIGH)'],Don`t Hate Me,99,"31,614",3935149
38,New,['홍대광'],가족,슈퍼스타K4 Top12 Part.3,"11,030",3946754
39,-27,['싸이 (PSY)'],강남스타일,싸이6甲 Part.1,"153,288",3853978
40,-26,['G-DRAGON'],그XX,One Of A Kind,"90,357",3894730
41,New,['별'],나빠,NOSTALGIA,"10,324",3955148
42,-16,['어반자카파'],니가 싫어,니가 싫어,"57,796",3897152
43,New,['로이킴'],청개구리,슈퍼스타K4 Top12 Part.3,"11,767",3946756
44,-23,['싸이 (PSY)'],어땠을까 (Feat. 박정현),싸이6甲 Part.1,"115,834",3853980
45,-30,['시크릿'],POISON,POISON,"18,049",3904614
46,New,['존박'],철부지,철부지,"24,511",3932733
47,-20,"['15& (박지민, 백예린)']",I Dream,I Dream,"39,870",3913733
48,New,['지아'],눈물이 툭 (Feat. 박경 Of 블락비),눈물이 툭,"14,383",3963395
49,-30,['허각'],아프다,아프다,"23,204",3905489
50,New,['더 씨야'],내 맘은 죽어가요 (Feat. Speed),Good To Seeya,"8,655",3955584
51,+35,['윤건'],걷다,Far East 2 Bricklane,"26,017",3931559
52,New,['이승기'],되돌리다,숲,"173,089",3968836
53,New,['B.A.P'],하지마 (Stop it),하지마,"22,942",3938434
54,New,['송중기'],정말,세상 어디에도 없는 착한남자 OST Part.4,"11,652",3948834
55,+39,['에일리'],저녁 하늘,Invitation,"146,779",3929471
56,-33,"['정은지', '서인국']",우리 사랑 이대로,응답하라 1997 Love Story Part 2,"72,278",3895885
57,New,['김종국'],남자도 슬프다 (Feat. 마이티 마우스),Journey Home,"5,103",3934516
58,New,['로이킴'],힐링이 필요해,슈퍼스타K4 Top 12 Part.6,"46,557",3964483
59,New,['먼데이 키즈 (Monday Kiz)'],확률,Healing Activity,"7,575",3942841
60,New,['로이킴'],서울의 달,슈퍼스타K4 Top 12 Part.4,"15,652",3952367
61,-37,['이승철'],아마추어,아마추어,"36,192",3917048
62,New,['홍대광'],이미 넌 고마운 사람,슈퍼스타 K4 Top 12 Part.2,"11,201",3936235
63,-21,['포맨'],Hello!,Sorry,"26,054",2994360
64,New,['손담비'],눈물이 주르륵,눈물이 주르륵,"12,463",3953475
65,-29,['씨스타'],Loving U (러빙유),Summer Special `Loving U`,"82,321",3837683
66,-31,['싸이 (PSY)'],뜨거운 안녕 (Feat. 성시경),싸이6甲 Part.1,"62,233",3853977
67,New,['딕펑스 (DICKPUNKS)'],같이 걸을까,슈퍼스타K4 Top12 Part.3,"16,777",3946753
68,New,['프라이머리'],"축하해 (Feat. 다이나믹듀오, 박재범)",Primary And The Messengers LP,"23,709",3948918
69,-2,['Carly Rae Jepsen'],Call Me Maybe,Call Me Maybe,"120,453",3726439
70,New,['왁스'],떨어진다 눈물이,보고싶다 OST Part.1,"14,700",3947816
71,-43,['FTISLAND (FT아일랜드)'],좋겠어 (I wish),FIVE TREASURE BOX,"23,474",3900853
72,New,['딕펑스 (DICKPUNKS)'],Muzik,슈퍼스타K4 Top 12 Part.4,"9,087",3952370
73,-44,['The One (더원)'],아시나요 (원곡가수 조성모),`나는 가수다 2` 9월의 가수전,"12,222",3918121
74,New,['이하이'],허수아비,허수아비,"43,276",3968900
75,New,['딕펑스 (DICKPUNKS)'],연극이 끝난 후,슈퍼스타K4 Top 12 Part.5,"12,580",3957742
76,New,['이기찬'],새벽 한시,Convince Myself,"2,614",3948794
77,New,['에일리'],사랑 첫 느낌,풀하우스 테이크2 OST Part.1,"4,714",3952361
78,-45,['마이티 마우스'],이럴때면 (Feat. 린),네비게이션,"11,732",3909685
79,-34,['2NE1'],I Love You,I Love You,"68,641",3847197
80,New,['박보영'],나의 왕자님 (My Prince),늑대소년 OST,"40,254",3958499
81,-43,['이승철'],말리꽃,청연 OST,"44,822",1046282
82,New,['JUNIEL'],나쁜 사람,원앤원 (1&1),"50,422",3966128
83,-49,['The One (더원)'],그 남자 (원곡가수 현빈),`나는 가수다 2` 9월 B조 경연,"13,689",3906453
84,New,['미스에스'],안자고 뭐해 (Good Night),Miss Us?,"5,825",3942834
85,-14,['쥬얼리'],룩앳미 (Look At Me),Look At Me,"5,137",3924527
86,-33,['버스커 버스커'],정말로 사랑한다면,버스커 버스커 1집 마무리,"106,792",3832101
87,-41,['이종현 (CNBLUE)'],내 사랑아,신사의 품격 OST Part 5,"63,852",3848972
88,-63,['휘성 (Realslow)'],너라는 명작,DOKKUN Project Pt.1,"21,311",3915868
89,New,['B1A4'],걸어 본다,IN THE WIND,"34,711",3957639
90,New,['소울스타 (SOULSTAR)'],Baby You (Feat. C-Real Ann J),Baby You,"4,431",3946499
91,New,['김종국'],"너에게 하고 싶은 말 (Feat. 개리, 하하)",Journey Home,"8,185",3938453
92,New,['포지션'],죽을 만큼,다섯손가락 OST Part.5,"3,763",3951524
93,New,['달샤벳'],있기 없기,있기 없기,"11,776",3958817
94,New,['프라이머리'],"3호선 매봉역 (Feat. Paloalto, Beenzino)",Primary And The Messengers LP,"59,195",3948893
95,-14,['Jessica (제시카)'],My Lifestyle (Feat. Dok2),Younique Album My Lifestyle,"6,343",3932701
96,New,['지나'],그만해요,신사동호랭이 프로젝트앨범 슈퍼마켓,"1,841",3956112
97,New,['손승연'],가슴아 가슴아,미운 오리의 날개 짓,"11,994",3937856
98,-66,['카라'],Pandora,PANDORA,"21,508",3886294
99,-50,['동방신기 (TVXQ!)'],Catch Me,Catch Me,"21,196",3913042
100,-69,['백아연'],느린노래,I`m Baek,"25,991",3900836
