﻿rank,rank_change,singer,title,album,like,song_code
1,+29,['윤종신'],좋니,LISTEN 010 좋니,"326,752",30486509
2,-1,['헤이즈 (Heize)'],비도 오고 그래서 (Feat. 신용재),/// (너 먹구름 비),"241,349",30492279
3,New,"['넉살', '한해', 'RYNO (라이노)', '조우찬']",N분의1 (Feat. 다이나믹듀오),쇼미더머니 6 Episode 1,"89,078",30566061
4,+2,['Red Velvet (레드벨벳)'],빨간 맛 (Red Flavor),The Red Summer - Summer Mini Album,"218,916",30512671
5,+2,['황치열'],매일 듣는 노래 (A Daily Song),Be Ordinary,"176,630",30467550
6,New,"['행주', '양홍원', 'Hash Swan', '킬라그램 (KILLAGRAMZ)']","요즘것들 (Feat. ZICO, DEAN)",쇼미더머니 6 Episode 1,"78,715",30566064
7,New,['Wanna One (워너원)'],에너제틱 (Energetic),1X1=1(TO BE ONE),"297,841",30568338
8,-5,['BLACKPINK'],마지막처럼,마지막처럼,"183,856",30481578
9,-7,['헤이즈 (Heize)'],널 너무 모르고,/// (너 먹구름 비),"137,970",30492276
10,+2,['지코 (ZICO)'],Artist,TELEVISION,"121,884",30519033
11,-6,"['볼빨간사춘기', '스무살']",남이 될 수 있을까,남이 될 수 있을까,"161,999",30468654
12,+5,['아이유'],밤편지,밤편지,"352,396",30314784
13,+14,['EXO'],Ko Ko Bop,THE WAR - The 4th Album,"323,114",30529996
14,New,['여자친구 (GFRIEND)'],귀를 기울이면 (LOVE WHISPER),여자친구 The 5th Mini Album `PARALLEL`,"82,329",30558525
15,-11,['마마무(Mamamoo)'],나로 말할 것 같으면 (Yes I am),Purple,"113,172",30488202
16,-5,['Ed Sheeran'],Shape of You,÷ (Deluxe),"275,772",30188113
17,New,['WINNER'],LOVE ME LOVE ME,OUR TWENTY FOR,"109,854",30565334
18,-9,['볼빨간사춘기'],처음부터 너와 나,군주 - 가면의 주인 OST Part.2,"136,105",30414090
19,-11,['G-DRAGON'],"무제(無題) (Untitled, 2014)",권지용,"186,719",30461396
20,New,['버즈'],사랑하지 않은 것처럼,`Be One` - Buzz The 1st Mini Album,"119,469",30550293
21,New,['Wanna One (워너원)'],활활 (Burn It Up),1X1=1(TO BE ONE),"163,827",30568337
22,-12,['Apink (에이핑크)'],FIVE,Pink UP,"76,187",30492606
23,-10,['싸이 (PSY)'],New Face,PSY 8th 4X2=8,"87,706",30403590
24,-8,['아이유'],팔레트 (Feat. G-DRAGON),Palette,"214,540",30378156
25,+19,['지코 (ZICO)'],FANXY CHILD (Feat. FANXY CHILD),TELEVISION,"72,353",30519035
26,-12,['SURAN (수란)'],오늘 취하면 (Feat. 창모) (Prod. SUGA),WINE,"196,742",30390068
27,New,['선미'],가시나,SUNMI SPECIAL EDITION `가시나`,"154,568",30587846
28,-7,['청하'],Why Don`t You Know (Feat. 넉살),Hands on Me,"131,146",30457690
29,+57,['AKMU (악동뮤지션)'],DINOSAUR,SUMMER EPISODE,"125,976",30536155
30,-12,['WINNER'],REALLY REALLY,FATE NUMBER FOR,"220,672",30341745
31,-16,['TWICE (트와이스)'],SIGNAL,SIGNAL,"122,471",30413326
32,New,['박원'],all of my life,0M,"212,891",30550388
33,-9,['에일리'],첫눈처럼 너에게 가겠다,도깨비 OST Part.9,"298,831",30190630
34,-14,['한동근'],미치고 싶다,한동근 1ST ALBUM `Your Diary`,"73,444",30399360
35,New,['소녀시대 (GIRLS` GENERATION)'],Holiday,Holiday Night - The 6th Album,"72,154",30565630
36,-10,"['마크툽 (MAKTUB)', '구윤회']",Marry Me,마크툽 프로젝트 Vol.03,"172,878",4786735
37,-14,"['효린', '창모 (CHANGMO)']",BLUE MOON (Prod. GroovyRoom),BLUE MOON,"145,243",30367365
38,-19,['싸이 (PSY)'],I LUV IT,PSY 8th 4X2=8,"75,358",30403589
39,New,['Wanna One (워너원)'],Wanna Be (My Baby),1X1=1(TO BE ONE),"129,872",30568339
40,-12,['아이유'],사랑이 잘 (With 오혁),사랑이 잘,"169,968",30349593
41,-10,['양홍원'],아침에 (Feat. Bryn),아침에,"59,189",30495638
42,-1,['헤이즈 (Heize)'],돌아오지마 (Feat. 용준형 Of 비스트),돌아오지마,"174,034",8143111
43,-11,['볼빨간사춘기'],좋다고 말해,Full Album RED PLANET `Hidden Track`,"191,503",30163110
44,+2,['DEAN'],D (half moon) (Feat. 개코),130 mood : TRBL,"215,612",8109412
45,New,"['Ja Mezz', 'ness (네스)', 'Woodie Gochild', 'Junoflo (주노플로)']","도박 (Life Is a Gamble) (Feat. 박재범, Dok2)",쇼미더머니 6 Episode 1,"24,099",30566063
46,-6,['BLACKPINK'],불장난,SQUARE TWO,"155,358",30069773
47,-25,['국민의 아들'],NEVER,PRODUCE 101 - 35 Boys 5 Concepts,"148,422",30453635
48,+37,['EXO'],전야 (前夜) (The Eve),THE WAR - The 4th Album,"202,787",30529995
49,-6,['The Chainsmokers'],Closer (Feat. Halsey),Collage EP,"194,847",8287788
50,New,['킬라그램 (KILLAGRAMZ)'],"어디 (Feat. DEAN, ZICO)",쇼미더머니 6 Episode 2,"39,913",30576771
51,-14,['볼빨간사춘기'],나만 안되는 연애,Full Album RED PLANET,"178,491",9620473
52,-13,['볼빨간사춘기'],우주를 줄게,Full Album RED PLANET,"251,441",9620469
53,New,['뉴이스트 W'],있다면,NU`EST W `있다면`,"121,560",30543235
54,-21,['창모 (CHANGMO)'],아름다워,돈 벌 시간 2,"149,822",8276709
55,-4,['Justin Bieber'],Love Yourself,Purpose (Deluxe),"210,501",7931286
56,-18,['박재범'],"All I Wanna Do (K) (Feat. Hoody, Loco)",EVERYTHING YOU WANTED,"153,916",30049271
57,-3,['뉴이스트'],여보세요,THE SECOND MINI ALBUM `여보세요`,"131,156",4032981
58,New,['Wanna One (워너원)'],이 자리에 (Acoustic Ver.),1X1=1(TO BE ONE),"112,965",30568340
59,-7,['엠씨더맥스'],어디에도,pathos,"197,386",8033528
60,-35,['씨스타'],LONELY,LONELY,"60,276",30447547
61,-5,"['The Chainsmokers', 'Coldplay']",Something Just Like This,Memories...Do Not Open,"143,962",30271730
62,-26,['TWICE (트와이스)'],KNOCK KNOCK,TWICEcoaster : LANE 2,"161,128",30261007
63,-28,['혁오 (HYUKOH)'],TOMBOY,23,"147,397",30383949
64,-22,['방탄소년단'],봄날,YOU NEVER WALK ALONE,"459,261",30244931
65,-10,['한동근'],그대라는 사치,The 3rd Digital Single `그대라는 사치`,"170,315",9614761
66,-13,['정승환'],너였다면,또 오해영 OST Part.5,"182,137",8203900
67,+30,['EXO'],What U do?,THE WAR - The 4th Album,"157,640",30529997
68,-20,['정키'],부담이 돼 (Feat. 휘인 Of 마마무),EMPTY,"123,707",30290011
69,+2,['길구봉구'],바람이 불었으면 좋겠어,바람이 불었으면 좋겠어,"117,129",4383833
70,-36,['FTISLAND (FT아일랜드)'],사랑앓이 (With 김나영),FTISLAND 10th Anniversary Special Digital Single,"43,075",30440430
71,-42,['언니쓰'],맞지?,언니들의 슬램덩크 시즌 2,"97,674",30408193
72,-10,['AKMU (악동뮤지션)'],오랜 날 오랜 밤,사춘기 하 (思春記 下),"180,966",30181278
73,-9,['아이오아이 (I.O.I)'],소나기,소나기,"159,385",30208070
74,-5,['PRODUCE 101'],나야 나 (PICK ME),PRODUCE 101 - 나야 나 (PICK ME),"101,207",30294022
75,+24,['EXO'],Forever,THE WAR - The 4th Album,"160,014",30529998
76,+24,['EXO'],기억을 걷는 밤 (Walk On Memories),THE WAR - The 4th Album,"155,825",30530002
77,-20,['마마무(Mamamoo)'],Decalcomanie (데칼코마니),MEMORY,"137,839",30079086
78,-13,['싸이 (PSY)'],어땠을까 (Feat. 박정현),싸이6甲 Part.1,"115,834",3853980
79,New,"['넉살', '조우찬']","부르는게 값이야 (Feat. 개코, 던밀스)",쇼미더머니 6 Episode 3,"24,522",30588629
80,New,['WINNER'],ISLAND,OUR TWENTY FOR,"94,354",30565335
81,New,['김나영'],그럴걸,연애플레이리스트2 OST Part.3,"33,386",30551005
82,-33,['신현희와김루트'],오빠야,신현희와김루트,"128,164",5605860
83,-22,['TWICE (트와이스)'],TT,TWICEcoaster : LANE 1,"191,540",30054344
84,New,"['행주', '양홍원']",SEARCH (Feat. 카더가든),쇼미더머니 6 Episode 3,"33,252",30588628
85,New,['EXO'],너의 손짓 (Touch It),THE WAR - The 4th Album,"147,422",30530000
86,New,['태양'],DARLING,WHITE NIGHT,"40,498",30581595
87,-28,['볼빨간사춘기'],심술,Half Album RED ICKLE,"126,723",8155478
88,New,['EXO'],다이아몬드 (Diamond),THE WAR - The 4th Album,"145,917",30529999
89,-19,"['Charlie Puth', 'Wiz Khalifa']",See You Again (폴 워커 추모 엔딩곡),분노의 질주: 더 세븐 OST,"191,258",5629279
90,-24,['하이라이트 (Highlight)'],얼굴 찌푸리지 말아요,CAN YOU FEEL IT?,"122,812",30310862
91,-2,['딥플로우'],"작두 (Feat. 넉살, Huckleberry P)",양화,"39,349",5659728
92,New,['EXO'],소름 (Chill),THE WAR - The 4th Album,"143,641",30530001
93,New,['Wanna One (워너원)'],To Be One (Intro.),1X1=1(TO BE ONE),"92,057",30568336
94,New,['행주'],"Red Sun (Feat. ZICO, Swings)",쇼미더머니 6 Episode 4,"67,552",30601121
95,New,['EXO'],내가 미쳐 (Going Crazy),THE WAR - The 4th Album,"146,362",30530003
96,New,['우원재'],"또 (Feat. Tiger JK, Bizzy, 마샬(MRSHLL))",쇼미더머니 6 Episode 3,"41,250",30588627
97,New,"['MAN1AC', '블랙나인 (BLACK NINE)', '에이솔', '우원재']","젓가락 (Feat. Tiger JK, Bizzy, Ann One)",쇼미더머니 6 Episode 1,"12,025",30566062
98,-35,['Crush'],Beautiful,도깨비 OST Part 4,"201,764",30157753
99,New,['한해'],"로비로모여 (Feat. 다이나믹듀오, 청하, 뮤지)",쇼미더머니 6 Episode 2,"17,647",30576772
100,New,['소녀시대 (GIRLS` GENERATION)'],All Night,Holiday Night - The 6th Album,"42,647",30565629
