﻿rank,rank_change,singer,title,album,like,song_code
1,New,['다비치'],이 사랑,태양의 후예 OST Part.3,"139,282",8071102
2,+66,['마마무(Mamamoo)'],넌 is 뭔들,Melting,"106,012",8068881
3,+62,"['첸 (CHEN)', '펀치 (Punch)']",Everytime,태양의 후예 OST Part.2,"126,181",8067023
4,+90,['윤미래'],ALWAYS,태양의 후예 OST Part.1,"107,443",8053157
5,New,['거미'],You Are My Everything,태양의 후예 OST Part.4,"119,202",8089568
6,-5,['여자친구 (GFRIEND)'],시간을 달려서 (Rough),여자친구 3rd Mini Album `SNOWFLAKE`,"152,982",8028701
7,-5,['엠씨더맥스'],어디에도,pathos,"197,386",8033528
8,New,['이하이'],한숨,SEOULITE,"227,220",8086947
9,-6,['지코 (ZICO)'],너는 나 나는 너,Break Up 2 Make Up,"140,226",8028724
10,New,['지민 (AOA)'],야 하고 싶어 (Feat. 시우민 of EXO),야 하고 싶어,"58,752",8075429
11,-7,['태연 (TAEYEON)'],Rain,Rain - SM STATION,"152,650",8042553
12,New,"['에릭남 (Eric Nam)', '웬디 (WENDY)']",봄인가 봐 (Spring Love),봄인가 봐 (Spring Love) - SM STATION,"90,161",8077712
13,+38,['PRODUCE 101'],PICK ME,PRODUCE 101 - PICK ME,"55,300",7982920
14,New,"['매드클라운', '김나영']",다시 너를,태양의 후예 OST Part.5,"73,038",8100402
15,-10,['Crush'],잊어버리지마 (Feat. 태연),잊어버리지마,"156,910",8026677
16,-8,['TWICE (트와이스)'],OOH-AHH하게,THE STORY BEGINS,"147,272",7891119
17,New,['케이윌'],말해! 뭐해?,태양의 후예 OST Part.6,"95,911",8102386
18,New,['버스커 버스커'],벚꽃 엔딩,버스커 버스커 1집,"343,123",3753304
19,-13,"['수지 (SUZY)', '백현 (BAEKHYUN)']",Dream (Prod. by 박근태),Dream,"175,617",8005879
20,-7,['여자친구 (GFRIEND)'],오늘부터 우리는 (Me Gustas Tu),여자친구 2nd Mini Album `Flower Bud`,"129,756",5791706
21,-14,['이적'],걱정말아요 그대,응답하라 1988 OST Part.2,"160,607",7921208
22,-11,['마마무(Mamamoo)'],I Miss You,I Miss You,"71,926",8036303
23,+22,['마마무(Mamamoo)'],1cm의 자존심,1cm의 자존심,"43,822",8049264
24,-9,['임창정'],또 다시 사랑,또 다시 사랑,"194,725",7861392
25,New,['이하이'],손잡아 줘요,SEOULITE,"40,802",8086946
26,-8,['지코 (ZICO)'],Boys And Girls (Feat. Babylon),Boys and Girls,"148,638",7911687
27,-15,['WINNER'],센치해,EXIT : E,"75,214",8038492
28,New,['장범준'],그녀가 곁에 없다면 (결혼 행진곡을 활용한 신곡),장범준 2집,"58,437",8104514
29,New,['장범준'],사랑에 빠졌죠 (당신만이),장범준 2집,"66,639",8104509
30,-20,['오혁'],소녀,응답하라 1988 OST Part.3,"177,372",7942948
31,-17,['개리'],또 하루 (Feat. 개코),또 하루,"76,776",7999021
32,-23,['케이윌'],니가 하면 로맨스 (Feat. 다비치),니가 하면 로맨스,"48,503",8004377
33,-17,['지코 (ZICO)'],유레카 (Feat. Zion.T),GALLERY,"91,778",7965449
34,+6,['김범수'],그댄 행복에 살텐데,투유 프로젝트 - 슈가맨 Part.16,"37,241",8042169
35,New,['에디킴'],팔당댐 (Feat. 빈지노),팔당댐,"26,172",8068854
36,-12,['러블리즈'],Ah-Choo,Lovelyz8,"79,108",7870472
37,-20,['김나영'],어땠을까,어땠을까,"72,328",7998349
38,-19,['김필'],청춘 (Feat. 김창완),응답하라 1988 OST Part.1,"81,287",7909196
39,-13,['백예린'],우주를 건너,FRANK,"128,821",7953958
40,New,"['백지영', '치타 (CHEETAH)']",사랑이 온다,Girl Crush,"10,025",8070061
41,New,['소녀온탑'],같은 곳에서,PRODUCE 101 - 35 Girls 5 Concepts,"81,587",8104431
42,-10,['거미'],친구라도 될 걸 그랬어,Like Them,"75,843",418598
43,-23,['지코 (ZICO)'],사랑이었다 (Feat. 루나 of f(x)),Break Up 2 Make Up,"100,453",8028725
44,-13,['장범준'],회상,시그널 OST Part.1,"48,895",8038458
45,-24,['노을'],함께,응답하라 1988 OST Part.7,"64,209",7985298
46,-17,['태연 (TAEYEON)'],I (Feat. 버벌진트),I - The 1st Mini Album,"181,677",7877917
47,-19,['Adele'],Hello,Hello,"149,760",7899235
48,-18,['iKON'],취향저격,WELCOME BACK,"148,428",7854179
49,New,['정준영'],공감 (Feat. 서영은),공감,"88,626",8065398
50,New,"['HIGH4 (하이포)', '아이유']",봄 사랑 벚꽃 말고,봄 사랑 벚꽃 말고,"175,987",4579468
51,-28,['싸이 (PSY)'],DADDY (Feat. CL of 2NE1),칠집싸이다,"61,633",7956304
52,-16,['Zion.T'],No Make Up,No Make Up,"128,288",7881505
53,-19,['아이유'],스물셋,CHAT-SHIRE,"145,030",7896508
54,-17,"['Crush', '로꼬']",아마도 그건,투유 프로젝트 - 슈가맨 Part.3,"80,553",7912749
55,-9,['Sam Smith'],I`m Not The Only One,In The Lonely Hour,"218,002",4660794
56,-29,['EXID'],HOT PINK,HOT PINK,"44,645",7935396
57,New,"['Jessie J', 'Ariana Grande', 'Nicki Minaj']",Bang Bang,Bang Bang,"79,311",4774191
58,-33,['박보람'],혜화동 (혹은 쌍문동),응답하라 1988 OST Part.4,"71,153",7953577
59,-16,['AOA'],심쿵해 (Heart Attack),Heart Attack,"87,469",5748406
60,New,['7 go up'],Yum-Yum (얌얌),PRODUCE 101 - 35 Girls 5 Concepts,"35,633",8104430
61,-14,['MINO (송민호)'],겁 (Feat. 태양),쇼미더머니 4 Episode 5,"145,794",5826447
62,New,['장범준'],빗속으로,장범준 2집,"25,909",8104512
63,New,"['로꼬', '유주 (여자친구)']",우연히 봄,냄새를 보는 소녀 OST Part.2,"126,658",5650996
64,New,['이하이'],WORLD TOUR (비행) (Feat. MINO of WINNER),SEOULITE,"34,326",8086945
65,-27,"['San E', '매드클라운']",못먹는 감 (Sour Grapes),못먹는 감,"66,684",7933703
66,New,['서인국'],너 라는 계절,너 라는 계절,"22,939",8084079
67,+31,['Justin Bieber'],Love Yourself,Purpose (Deluxe),"210,500",7931286
68,-35,['싸이 (PSY)'],나팔바지,칠집싸이다,"59,175",7956303
69,New,"['유주 (여자친구)', '선율']",보일 듯 말 듯,보일 듯 말 듯,"16,766",8091963
70,-35,['윤미래'],사랑이 맞을거야,사랑이 맞을거야,"47,558",7975242
71,-4,"['MINO (송민호)', '지코 (ZICO)']",Okey Dokey,쇼미더머니 4 Episode 6,"83,967",5835766
72,-18,['박효신'],야생화,야생화,"299,799",4543502
73,-13,['BIGBANG'],뱅뱅뱅 (BANG BANG BANG),A,"192,528",5719286
74,-13,['백아연'],이럴거면 그러지말지 (Feat. Young K),이럴거면 그러지말지,"188,156",5704397
75,-19,['Red Velvet (레드벨벳)'],Dumb Dumb,The Red - The 1st Album,"96,462",7847861
76,New,['Red Velvet (레드벨벳)'],7월 7일 (One Of These Nights),The Velvet - The 2nd Mini Album,"65,432",8098471
77,-36,['EXO'],Sing For You,"SING FOR YOU - 겨울 스페셜 앨범, 2015","122,412",7971052
78,New,['하현우 (국카스텐)'],Don`t Cry (우리 동네 음악대장),복면가왕 50회,"42,625",8094566
79,-21,['Zion.T'],꺼내 먹어요,Eat,"151,527",5702706
80,-28,['개리'],바람이나 좀 쐐 (Feat. 우혜미),2002,"102,596",7858908
81,New,['윤미래'],Because of You,Because of You - SM STATION,"12,058",8068877
82,-20,['엠씨더맥스'],그 남잔 말야,냄새를 보는 소녀 OST Part.5,"74,492",5668985
83,New,['윤아 (YOONA)'],덕수궁 돌담길의 봄 (Feat. 10cm),덕수궁 돌담길의 봄 - SM STATION,"25,030",8091961
84,New,['솔지하니 (EXID)'],ONLY ONE,ONLY ONE,"12,211",8075490
85,New,['스탠딩 에그'],무지개 (Feat. 윤닭 Of 오브로젝트),The Artist Diary Project Part.12,"48,181",8094460
86,New,['기리보이'],예쁘잖아,예쁘잖아,"69,561",8101027
87,-34,['DEAN'],"what2do (Feat. Crush, Jeff Bernat)","what2do (Feat. Crush, Jeff Bernat)","90,326",8034004
88,New,['Pinkrush'],Fingertips,PRODUCE 101 - 35 Girls 5 Concepts,"36,140",8104428
89,-20,['박경'],보통연애 (Feat. 박보람),보통연애,"102,350",7860122
90,-48,['기현 (Kihyun)'],세월이 가면,응답하라 1988 OST Part.9,"31,389",7999470
91,-69,['WINNER'],BABY BABY,EXIT : E,"45,911",8038491
92,-35,['박효신'],기억속의 먼 그대에게,Neo Classicism,"74,824",851429
93,-3,['여자친구 (GFRIEND)'],유리구슬 (Glass Bead),여자친구 1st Mini Album `Season Of Glass`,"69,500",5546489
94,-31,['방탄소년단'],RUN,화양연화 pt.2,"165,902",7953785
95,New,['버스커 버스커'],꽃송이가,버스커 버스커 1집,"82,500",3753309
96,New,['장범준'],봄비,장범준 2집,"40,318",8104513
97,-19,['EXO'],LOVE ME RIGHT,LOVE ME RIGHT - The 2nd Album Repackage,"180,818",5721440
98,New,['이하이'],FXXK WIT US (Feat. DOK2),SEOULITE,"12,730",8086949
99,-55,['디셈버'],네게 줄 수 있는건 오직 사랑뿐,응답하라 1988 OST Part.5,"31,546",7964823
100,New,"['임세준', '벤']",오늘은 가지마 (Duet Ver.),오늘은 가지마 (Made in THE VIBE),"16,787",8090058
