﻿rank,rank_change,singer,title,album,like,song_code
1,+50,['장덕철'],그날처럼,그날처럼,"228,023",30755375
2,+56,['DEAN'],instagram,instagram,"208,342",30806580
3,+7,['문문 (MoonMoon)'],비행운,LIFE IS BEAUTY FULL,"201,282",30086173
4,-2,['멜로망스'],선물,Moonlight,"288,466",30514366
5,New,['볼빨간사춘기'],#첫사랑,#첫사랑,"107,361",30829858
6,+1,['TWICE (트와이스)'],Heart Shaker,Merry & Happy,"139,615",30781481
7,New,['박효신'],겨울소리,겨울소리,"82,300",30810765
8,+1,['펀치 (Punch)'],밤이 되니까,밤이 되니까,"175,362",30659630
9,-8,['나얼'],기억의 빈자리,기억의 빈자리,"114,162",30757693
10,New,['김동률'],답장,답장,"86,216",30833270
11,+36,['Camila Cabello'],Havana (Feat. Young Thug),Camila,"183,713",30567963
12,-9,"['민서', '윤종신']",좋아,2017 월간 윤종신 11월호,"135,224",30729198
13,-5,['윤종신'],좋니,LISTEN 010 좋니,"326,753",30486509
14,+7,['종현 (JONGHYUN)'],Lonely (Feat. 태연),종현 소품집 `이야기 Op.2`,"209,973",30383758
15,-10,['Red Velvet (레드벨벳)'],피카부 (Peek-A-Boo),Perfect Velvet - The 2nd Album,"150,287",30736437
16,New,['선미'],주인공,주인공,"94,766",30838076
17,-6,['TWICE (트와이스)'],LIKEY,twicetagram,"137,634",30700708
18,-2,['박원'],all of my life,0M,"212,892",30550388
19,+4,['방탄소년단'],DNA,LOVE YOURSELF 承 `Her`,"359,651",30637982
20,-14,['어반자카파'],"그때의 나, 그때의 우리","그때의 나, 그때의 우리","103,678",30709103
21,New,['EXO'],Universe,"Universe - 겨울 스페셜 앨범, 2017","189,195",30806536
22,-0,['길구봉구'],이 별,Star,"141,354",30637776
23,-11,['Wanna One (워너원)'],Beautiful,1-1=0 (NOTHING WITHOUT YOU),"238,187",30725482
24,-10,['비투비'],그리워하다,Brother Act.,"237,633",30672529
25,-10,['볼빨간사춘기'],썸 탈꺼야,Red Diary Page.1,"177,700",30657307
26,-22,['Zion.T'],눈 (Feat. 이문세),눈,"94,323",30753021
27,-10,['우원재'],시차 (We Are) (Feat. 로꼬 & GRAY),시차 (We Are),"265,655",30613202
28,-15,['에픽하이 (EPIK HIGH)'],연애소설 (Feat. 아이유),WE`VE DONE SOMETHING WONDERFUL,"144,025",30688500
29,+4,['아이유'],밤편지,밤편지,"352,400",30314784
30,-3,['선미'],가시나,SUNMI SPECIAL EDITION `가시나`,"154,568",30587846
31,-5,['허각'],바보야,바보야,"66,238",30753213
32,-0,['Ed Sheeran'],Shape of You,÷ (Deluxe),"275,774",30188113
33,-15,['임창정'],그 사람을 아나요,그 사람을 아나요,"69,743",30688990
34,-4,['헤이즈 (Heize)'],비도 오고 그래서 (Feat. 신용재),/// (너 먹구름 비),"241,349",30492279
35,-1,['에일리'],첫눈처럼 너에게 가겠다,도깨비 OST Part.9,"298,833",30190630
36,+16,['이하이'],한숨,SEOULITE,"227,220",8086947
37,+3,['박원'],노력,1/24,"159,526",30099927
38,+1,['방탄소년단'],봄날,YOU NEVER WALK ALONE,"459,264",30244931
39,-14,['볼빨간사춘기'],나의 사춘기에게,Red Diary Page.1,"214,356",30657311
40,New,['수지 (SUZY)'],다른사람을 사랑하고 있어,Faces of Love,"74,588",30851703
41,-4,['Shawn Mendes'],There`s Nothing Holdin` Me Back,Illuminate (Deluxe),"157,771",30380953
42,+7,['먼데이 키즈 (Monday Kiz)'],가을 안부,가을 안부,"144,538",30669593
43,-12,['Wanna One (워너원)'],에너제틱 (Energetic),1X1=1(TO BE ONE),"297,841",30568338
44,-8,['EXID'],덜덜덜,Full Moon,"55,703",30713051
45,+27,['EXO'],Ko Ko Bop,THE WAR - The 4th Album,"323,115",30529996
46,New,['iKON'],사랑을 했다 (LOVE SCENARIO),Return,"289,898",30859584
47,-2,['BLACKPINK'],마지막처럼,마지막처럼,"183,859",30481578
48,-19,['포맨'],눈 떠보니 이별이더라,REMEMBER ME,"94,809",30690674
49,-11,['볼빨간사춘기'],Blue,Red Diary Page.1,"119,108",30657308
50,-6,['Red Velvet (레드벨벳)'],빨간 맛 (Red Flavor),The Red Summer - Summer Mini Album,"218,918",30512671
51,-32,['Ariana Grande'],Santa Tell Me,Santa Tell Me,"146,278",5475060
52,+5,['방탄소년단'],고민보다 Go,LOVE YOURSELF 承 `Her`,"204,933",30637988
53,-10,['황치열'],매일 듣는 노래 (A Daily Song),Be Ordinary,"176,630",30467550
54,+13,['WINNER'],REALLY REALLY,FATE NUMBER FOR,"220,676",30341745
55,+16,['멜로망스'],짙어져,Yellow OST Part.2,"82,495",30667988
56,-32,"['소유 (SOYOU)', '성시경']",뻔한 이별 (PROD. 13),RE:BORN,"49,168",30725643
57,New,['양다일'],미안해,inside,"166,029",30809895
58,New,['청하'],Roller Coaster,Offset,"163,543",30844118
59,-31,['에픽하이 (EPIK HIGH)'],빈차 (Feat. 오혁),WE`VE DONE SOMETHING WONDERFUL,"91,139",30688502
60,+26,['EXO'],Power,The Power of Music - The 4th Album Repackage,"183,930",30616684
61,-7,['길구봉구'],바람이 불었으면 좋겠어,바람이 불었으면 좋겠어,"117,129",4383833
62,-9,"['볼빨간사춘기', '스무살']",남이 될 수 있을까,남이 될 수 있을까,"162,000",30468654
63,-7,['엠씨더맥스'],어디에도,pathos,"197,389",8033528
64,-5,['지아'],바보에게 바보가,바보에게 바보가,"27,849",30777979
65,+5,['방탄소년단'],MIC Drop,LOVE YOURSELF 承 `Her`,"196,438",30637987
66,-24,['아이유'],가을 아침,꽃갈피 둘,"228,954",30636089
67,-19,['버즈'],사랑하지 않은 것처럼,`Be One` - Buzz The 1st Mini Album,"119,469",30550293
68,New,['오마이걸'],비밀정원,비밀정원,"105,202",30827192
69,New,['EXO'],지나갈 테니 (Been Through),"Universe - 겨울 스페셜 앨범, 2017","97,558",30806539
70,-9,['아이유'],팔레트 (Feat. G-DRAGON),Palette,"214,542",30378156
71,New,['인피니트'],Tell Me,TOP SEED,"62,601",30824600
72,-31,['에픽하이 (EPIK HIGH)'],"노땡큐 (Feat. MINO, 사이먼 도미닉, 더콰이엇)",WE`VE DONE SOMETHING WONDERFUL,"91,269",30688501
73,-53,['태연 (TAEYEON)'],This Christmas,This Christmas - Winter is Coming,"63,893",30784187
74,-12,['10CM'],폰서트,4.0,"135,246",30611680
75,New,['모모랜드 (MOMOLAND)'],뿜뿜,GREAT!,"143,998",30816860
76,-41,['Wanna One (워너원)'],갖고 싶어,1-1=0 (NOTHING WITHOUT YOU),"131,032",30725483
77,-22,['헤이즈 (Heize)'],널 너무 모르고,/// (너 먹구름 비),"137,972",30492276
78,New,['윤건'],우리 둘만 아는,우리 둘만 아는,"84,177",30702937
79,-6,['방탄소년단'],피 땀 눈물,WINGS,"275,940",30029173
80,-15,['볼빨간사춘기'],처음부터 너와 나,군주 - 가면의 주인 OST Part.2,"136,106",30414090
81,+8,['헤이즈 (Heize)'],좋았을걸,슬기로운 감빵생활 OST Part.5,"30,872",30784303
82,-8,['The Chainsmokers'],Closer (Feat. Halsey),Collage EP,"194,852",8287788
83,-14,['SURAN (수란)'],오늘 취하면 (Feat. 창모) (Prod. SUGA),WINE,"196,745",30390068
84,New,['EXO'],Stay,"Universe - 겨울 스페셜 앨범, 2017","87,749",30806540
85,New,['마마무(Mamamoo)'],칠해줘,칠해줘,"35,016",30819446
86,-18,"['마크툽 (MAKTUB)', '구윤회']",Marry Me,마크툽 프로젝트 Vol.03,"172,879",4786735
87,New,['Fitz & The Tantrums'],HandClap,Fitz and The Tantrums (Deluxe),"179,842",8111603
88,New,['EXO'],Fall,"Universe - 겨울 스페셜 앨범, 2017","80,962",30806541
89,-9,['방탄소년단'],Best Of Me,LOVE YOURSELF 承 `Her`,"183,257",30637983
90,-12,['Maroon 5'],What Lovers Do (Feat. SZA),Red Pill Blues (Deluxe Edition),"71,303",30608019
91,New,['EXO'],Good Night,"Universe - 겨울 스페셜 앨범, 2017","79,884",30806543
92,New,['EXO'],Lights Out,"Universe - 겨울 스페셜 앨범, 2017","81,255",30806544
93,-30,['아이유'],잠 못 드는 밤 비는 내리고,꽃갈피 둘,"114,674",30646585
94,-10,['뉴이스트'],여보세요,THE SECOND MINI ALBUM `여보세요`,"131,157",4032981
95,-31,['Wanna One (워너원)'],Twilight,1-1=0 (NOTHING WITHOUT YOU),"105,164",30725484
96,-13,['뉴이스트 W'],WHERE YOU AT,"W, HERE","94,715",30661885
97,-37,['현아'],Lip & Hip,Lip & Hip,"33,621",30767984
98,New,['블락비 (Block B)'],떠나지마요,Re:MONTAGE,"37,865",30824538
99,-11,['뉴이스트 W'],있다면,NU`EST W `있다면`,"121,561",30543235
100,-13,['방탄소년단'],MIC Drop (Steve Aoki Remix) (Feat. Desiigner),MIC Drop (Steve Aoki Remix) (Feat. Desiigner),"93,872",30751158
