﻿rank,rank_change,singer,title,album,like,song_code
1,+67,['Idina Menzel'],Let It Go,겨울왕국 OST (33 Trks Ver.),"82,081",4342899
2,+46,['효린'],안녕,별에서 온 그대 OST Part.4,"82,037",4412196
3,New,"['소유 (SOYOU)', '정기고']",썸 (Feat. 릴보이 Of 긱스),썸,"166,388",4433490
4,-1,['걸스데이'],Something,걸스데이 미니앨범 3집,"67,019",4383773
5,-0,['에일리'],노래가 늘었어,노래가 늘었어,"78,897",4383349
6,New,['가인'],Fxxk U (Feat. 범키),Truth Or Dare,"30,037",4418185
7,-6,['엠씨더맥스'],그대가 분다,UNVEILING,"111,593",4381724
8,New,"['Kristen Bell', 'Agatha Lee Monn', 'Katie Lopez']",Do You Want To Build A Snowman? (삼성전자 갤럭시 노트 4 & 노트 엣지 2015 신년 광고 광고 삽입곡),겨울왕국 OST,"54,863",4389940
9,-7,['아이유'],금요일에 만나요 (Feat. 장이정 Of HISTORY),Modern Times - Epilogue,"215,257",4369827
10,+4,['개리'],조금 이따 샤워해 (Feat. Crush),MR.GAE,"46,623",4397969
11,New,['허각'],오늘 같은 눈물이,별에서 온 그대 OST Part.6,"28,637",4433528
12,-8,['린'],My Destiny,별에서 온 그대 OST Part.1,"62,413",4375626
13,-4,['비'],La Song,Rain Effect,"33,971",4382254
14,+74,['AOA'],짧은 치마 (Miniskirt),짧은 치마,"54,446",4400561
15,New,['Idina Menzel'],Let It Go,겨울왕국 OST,"104,280",4389943
16,+12,['B1A4'],Lonely (없구나),Who Am I,"51,072",4393161
17,New,['성시경'],너의 모든 순간,별에서 온 그대 OST Part.7,"130,740",4446485
18,-7,['케이윌'],별처럼,별에서 온 그대 OST Part.2,"31,331",4388702
19,-7,['휘성 (Realslow)'],가슴 시린 이야기 (Feat. 용준형 Of Beast),가슴 시린 이야기,"63,563",3174148
20,New,"['Kristen Bell', 'Santino Fontana']",Love Is An Open Door,겨울왕국 OST,"59,489",4389942
21,+48,['거미'],내 생각날 거야 (Narr. 이시영),The Lyrics - No.4,"17,893",4402769
22,New,['홍대광'],답이 없었어,THE SILVER LINING,"43,143",4412480
23,-17,['엠씨더맥스'],그때 우리,UNVEILING,"46,311",4381721
24,New,"['Kristen Bell', 'Idina Menzel']",For The First Time In Forever,겨울왕국 OST,"37,854",4389941
25,-0,['휘성 (Realslow)'],결혼까지 생각했어,Realslow Is Back,"44,626",2903041
26,-19,['빈지노 (Beenzino)'],"Dali, Van, Picasso","Dali, Van, Picasso","98,512",4366156
27,-14,"['휘성 (Realslow)', '거미']",Special Love,Special Love,"43,904",4340421
28,+34,['윤하 (YOUNHA)'],별에서 온 그대,별에서 온 그대 OST Part.3,"13,618",4398445
29,New,['가인'],진실 혹은 대담,Truth Or Dare,"21,727",4435548
30,-20,"['서인국', '지아']",이별남녀,이별남녀,"44,514",4342054
31,-23,['브라운 아이드 소울'],너를,Thank Your Soul,"45,905",4367874
32,New,['레인보우 블랙'],Cha Cha,Rainbow Blaxx Special Album (RB BLAXX),"11,340",4404589
33,-10,['동방신기 (TVXQ!)'],Something,TVXQ! The 7th Album `TENSE`,"30,011",4381937
34,New,['스피카'],You Don`t Love Me,You Don`t Love Me,"13,948",4418413
35,-17,['성시경'],너에게,응답하라 1994 OST Part 2,"94,342",4300699
36,-14,['허각'],향기만 남아,Reminisce,"46,890",4312933
37,New,['지아'],"나 이런 여자예요 (With 예지, 체스카 Of 피에스타)",지아 정규 3집 리패키지 (나 이런 여자예요),"6,018",4426293
38,New,['S.M. THE BALLAD'],숨소리 (Breath) (Sung By 태연 (소녀시대) & 종현 (샤이니)),S.M. The Ballad Vol.2 `Breath` 숨소리,"49,584",4441132
39,-22,['효린'],너 밖에 몰라 (One Way Love),LOVE&HATE,"26,732",4333566
40,+60,['4minute'],살만찌고,살만찌고,"8,383",4404345
41,+20,['Apink (에이핑크)'],Good Morning Baby,Good Morning Baby,"35,017",4393317
42,+29,['달샤벳'],B.B.B (Big Baby Baby),The 7th Mini Album `B.B.B`,"13,324",4388691
43,-8,['EXO'],으르렁 (Growl),The 1st Album `XOXO` Repackage,"180,286",4193337
44,-23,"['범키', '버벌진트']",너에게만,듀스 20주년 헌정앨범 Part.6,"40,918",4362019
45,-5,"['소유 (SOYOU)', '매드클라운']",착해 빠졌어 (Stupid In Love),착해 빠졌어 (Stupid In Love),"126,144",4237755
46,-2,['정키'],홀로 (Feat. 김나영),Break Up,"134,921",3893169
47,-27,['2NE1'],그리워해요,그리워해요,"72,952",4328659
48,-32,['엠씨더맥스'],백야,UNVEILING,"58,942",4381725
49,-11,['개리'],XX몰라 (ZOTTO MOLA),MR.GAE,"10,454",4397968
50,-26,['에일리'],눈물이 맘을 훔쳐서,비밀 OST Part.5,"61,483",4296990
51,New,['B.A.P'],1004 (Angel),First Sensibility,"28,279",4421555
52,New,['선미'],보름달 (Feat. Lena),Full Moon,"60,951",4454382
53,-38,"['성시경', '박효신', '서인국', 'VIXX (빅스)', '여동생']",겨울 고백,Jelly Christmas 2013,"70,773",4354180
54,+6,['김범수'],끝사랑,Solista Part.2,"110,176",3436083
55,New,['프리스타일'],Maybe (Feat. 호란),Maybe,"7,210",4408091
56,-26,['San E'],이별식탁 (Feat. 산체스 Of 팬텀),`Not` Based On The True Story,"47,794",4328770
57,-28,['다비치'],편지,DAVICHI CODE,"44,792",4309790
58,-31,['미쓰에이'],Hush,Hush,"33,019",4308010
59,New,['효린'],"Let It Go (From ""Frozen"")","Let It Go (from ""Frozen"")","13,620",4440763
60,+3,['프라이머리'],자니 (Feat. Dynamic Duo),자니,"155,966",3726617
61,-12,['G-DRAGON'],삐딱하게 (Crooked),쿠데타 (COUP D`ETAT),"115,259",4232200
62,New,['심은경'],나성에 가면,수상한 그녀 OST,"24,345",4423574
63,-37,['EXO'],12월의 기적 (Miracles In December),겨울 스페셜 앨범 `12월의 기적 (Miracles In December)`,"151,108",4347674
64,+11,"['버벌진트', 'San E', '범키', '스윙스', '팬텀', '칸토']",You Make Me Feel BRAND NEW,Brand New Year Vol.2,"21,721",4391380
65,-32,['트러블메이커'],내일은 없어,Chemistry,"40,999",4294284
66,New,"['케이윌', '마마무(Mamamoo)']",썸남썸녀 (Feat. 휘성),썸남썸녀,"40,844",4443748
67,New,['써니힐'],아무말도 하지마요,아무말도 하지마요,"6,001",4412346
68,-14,['노을'],만약에 말야 (전우성 Solo),TIME FOR LOVE,"84,445",3953196
69,-16,['임창정'],나란놈이란,나란놈이란,"87,104",4249547
70,-51,['지아'],그런 줄 알았어,그런 줄 알았어,"15,110",4372791
71,-39,['어반자카파'],코끝에 겨울,[03],"67,106",4333791
72,New,['Sanha'],I Love You,별에서 온 그대 OST Part.5,"5,731",4426429
73,New,['브라운 아이드 소울'],Pass Me By,Thank Your Soul - SIDE A,"12,273",4452405
74,-1,['지아'],울어본 적 있나요,11일이 지나고,"7,085",4393304
75,New,['투개월'],Talk To Me,Talk To Me,"5,434",4440773
76,New,['GOT7 (갓세븐)'],Girls Girls Girls,GOT7 미니앨범 1집 `Got it?`,"27,767",4398376
77,-7,['버스커 버스커'],처음엔 사랑이란게,버스커 버스커 2집,"121,144",4252728
78,-4,['레이디스 코드'],예뻐 예뻐,CODE#02 PRETTY PRETTY,"47,304",4230002
79,-42,"['정우', '유연석', '손호준']",너만을 느끼며,응답하라 1994 OST Part 7,"26,538",4359786
80,-34,['아이유'],분홍신,Modern Times,"94,168",4268435
81,+15,['2BIC(투빅)'],행복하기를 (I Love You),행복하기를 (I Love You),"9,842",4395216
82,-46,['Lim Kim'],행복한 나를,응답하라 1994 OST Part 5,"36,105",4340248
83,-26,['소유 (SOYOU)'],한번만,기황후 OST Part.4,"12,412",4386738
84,New,['김수현'],너의 집 앞,별에서 온 그대 OST Part.8,"19,616",4462141
85,-9,"['마마무(Mamamoo)', '범키']",행복하지마,행복하지마,"33,891",4390318
86,-31,['비'],30 Sexy,Rain Effect,"14,037",4382253
87,-56,['엠씨더맥스'],입술의 말,UNVEILING,"58,138",4381720
88,New,['비'],사랑해,Rain Effect - Special Edition,"4,184",4438808
89,-44,['하이니 (HiNi)'],가질 수 없는 너,응답하라 1994 OST Part 4,"32,520",4330549
90,-10,['휘성 (Realslow)'],With Me,It`s Real,"43,324",482653
91,New,['임정희'],꽃향기,응급남녀 OST Part 2,"9,747",4438868
92,New,['레이디스 코드'],So Wonderful,So Wonderful,"20,559",4438401
93,New,['긱스 (Geeks)'],F.I.L.A (Fall In Love Again) (Feat. DJ Dopsh),F.I.L.A (Fall In Love Again),"3,369",4428264
94,-42,['디아'],날 위한 이별,응답하라 1994 OST Part 6,"37,037",4349964
95,-48,['T.O.P'],DOOM DADA,DOOM DADA,"37,878",4320843
96,New,['유승우'],입술이 밉다,빠른 열아홉,"9,646",4441099
97,New,['휘성 (Realslow)'],사랑 그 몹쓸 병,Realslow Is Back,"32,974",2911770
98,-48,['박효신'],It`s You,미래의 선택 OST Part 4,"38,267",4314704
99,New,['심은경'],하얀 나비,수상한 그녀 OST,"19,582",4423576
100,New,['The One (더원)'],들리나요,들리나요,"4,871",4443897
