﻿rank,rank_change,singer,title,album,like,song_code
1,+1,['BLACKPINK'],뚜두뚜두 (DDU-DU DDU-DU),SQUARE UP,"211,587",31131273
2,New,['TWICE (트와이스)'],Dance The Night Away,Summer Nights,"157,718",31175119
3,-2,['볼빨간사춘기'],여행,Red Diary Page.2,"228,707",31093710
4,New,['숀 (SHAUN)'],Way Back Home,Take,"285,361",31151836
5,+4,['BLACKPINK'],Forever Young,SQUARE UP,"140,416",31131274
6,New,['Apink (에이핑크)'],1도 없어,ONE & SIX,"101,161",31161280
7,New,['멜로망스'],동화,The Fairy Tale,"101,621",31164090
8,+2,['폴킴'],"모든 날, 모든 순간 (Every day, Every Moment)",`키스 먼저 할까요?` OST Part.3,"318,708",30962526
9,+19,['비투비'],너 없인 안 된다,THIS IS US,"168,985",31133898
10,-6,['닐로(Nilo)'],지나오다,About You,"218,050",30699142
11,-8,['방탄소년단'],FAKE LOVE,LOVE YOURSELF 轉 `Tear`,"296,566",31085237
12,New,['마마무(Mamamoo)'],장마 (Rainy Season),장마 (Rainy Season),"61,528",31159436
13,-8,"['로꼬', '화사(Hwa Sa)']",주지마,건반 위의 하이에나 Part.4,"176,149",31035061
14,-7,['AOA'],빙글뱅글 (Bingle Bangle),BINGLE BANGLE,"75,617",31098083
15,-9,['여자친구 (GFRIEND)'],밤 (Time for the moon night),여자친구 The 6th Mini Album 'Time for the moon night',"142,488",31052421
16,New,['마마무(Mamamoo)'],너나 해 (Egotistic),RED MOON,"115,234",31189241
17,New,['모모랜드 (MOMOLAND)'],BAAM,Fun to The World,"50,593",31149418
18,-10,['멜로망스'],You,투유 프로젝트 - 슈가맨2 Part.2,"158,262",30849733
19,-8,['iKON'],사랑을 했다 (LOVE SCENARIO),Return,"289,898",30859584
20,-6,['모모랜드 (MOMOLAND)'],뿜뿜,GREAT!,"143,998",30816860
21,-8,['TWICE (트와이스)'],What is Love?,What is Love?,"138,442",31006730
22,-1,['방탄소년단'],DNA,LOVE YOURSELF 承 `Her`,"359,651",30637982
23,-7,['마마무(Mamamoo)'],별이 빛나는 밤,Yellow Flower,"161,862",30937275
24,+17,['벤'],열애중,RECIPE,"171,760",31062863
25,-13,['Wanna One (워너원)'],켜줘 (Light),1÷χ=1 (UNDIVIDED),"136,872",31113240
26,-6,['장덕철'],그날처럼,그날처럼,"228,023",30755375
27,-9,['(여자)아이들'],LATATA,I am,"108,809",31055324
28,-11,['이수 (엠씨 더 맥스)'],My Way,돈꽃 OST Part.1,"138,560",30721801
29,-6,['Fitz & The Tantrums'],HandClap,Fitz and The Tantrums (Deluxe),"179,842",8111603
30,-4,['방탄소년단'],봄날,YOU NEVER WALK ALONE,"459,265",30244931
31,-4,['청하'],Roller Coaster,Offset,"163,543",30844118
32,-0,['Camila Cabello'],Havana (Feat. Young Thug),Camila,"183,713",30567963
33,-18,['김하온 (HAON)'],붕붕 (Feat. 식케이) (Prod. GroovyRoom),고등래퍼2 Final,"156,487",31019584
34,-9,['용준형'],소나기 (Feat. 10cm),소나기 (Feat. 10cm),"141,636",30970444
35,-16,['방탄소년단'],전하지 못한 진심 (Feat. Steve Aoki),LOVE YOURSELF 轉 `Tear`,"227,713",31085238
36,-14,['Wanna One (워너원) - 트리플포지션'],캥거루 (Kangaroo) (Prod. ZICO),1÷χ=1 (UNDIVIDED),"120,160",31113241
37,-13,['로이킴'],그때 헤어지면 돼,그때 헤어지면 돼,"191,619",30884950
38,-7,['닐로(Nilo)'],넋두리,넋두리,"104,743",9642570
39,-9,['멜로망스'],선물,Moonlight,"288,466",30514366
40,-3,['Ed Sheeran'],Shape of You,÷ (Deluxe),"275,774",30188113
41,+4,['양다일'],미안해,inside,"166,030",30809895
42,New,['청하'],Love U,Blooming Blue,"78,785",31194610
43,-14,['방탄소년단'],Anpanman,LOVE YOURSELF 轉 `Tear`,"169,020",31085244
44,-4,['먼데이 키즈 (Monday Kiz)'],가을 안부,가을 안부,"144,538",30669593
45,-3,['Wanna One (워너원)'],에너제틱 (Energetic),1X1=1(TO BE ONE),"297,841",30568338
46,-10,['Wanna One (워너원)'],BOOMERANG (부메랑),0+1=1 (I PROMISE YOU),"148,017",30960341
47,-13,['BIGBANG'],꽃 길,꽃 길,"182,735",30948698
48,+5,['비투비'],그리워하다,Brother Act.,"237,633",30672529
49,+6,['헤이즈 (Heize)'],비도 오고 그래서 (Feat. 신용재),/// (너 먹구름 비),"241,349",30492279
50,+44,['Sia'],Chandelier,Chandelier (Single),"151,020",4534974
51,-2,['아이유'],밤편지,밤편지,"352,400",30314784
52,-6,['길구봉구'],이 별,Star,"141,354",30637776
53,+18,['BLACKPINK'],마지막처럼,마지막처럼,"183,859",30481578
54,-15,['멜로망스'],욕심,욕심,"71,252",31046548
55,-20,['Wanna One (워너원) - 더힐'],모래시계 (Prod. 헤이즈),1÷χ=1 (UNDIVIDED),"92,933",31113243
56,-18,['WINNER'],EVERYDAY,EVERYD4Y,"137,151",30997649
57,+3,['Imagine Dragons'],Thunder,Evolve,"135,125",30393293
58,-11,['Wanna One (워너원)'],Beautiful,1-1=0 (NOTHING WITHOUT YOU),"238,187",30725482
59,+38,['폴킴'],비,비,"241,281",8235260
60,+6,['Red Velvet (레드벨벳)'],빨간 맛 (Red Flavor),The Red Summer - Summer Mini Album,"218,918",30512671
61,-18,['방탄소년단'],Airplane pt.2,LOVE YOURSELF 轉 `Tear`,"148,149",31085243
62,+28,['Troye Sivan'],YOUTH,Blue Neighbourhood (Deluxe),"213,797",7928705
63,-30,['Crush'],잊을만하면,잊을만하면,"82,141",31056799
64,-10,['방탄소년단'],Magic Shop,LOVE YOURSELF 轉 `Tear`,"154,362",31085242
65,-8,['방탄소년단'],Love Maze,LOVE YOURSELF 轉 `Tear`,"142,685",31085241
66,-14,['윤건'],우리 둘만 아는,우리 둘만 아는,"84,178",30702937
67,New,['세븐틴'],어쩌나,SEVENTEEN 5TH MINI ALBUM `YOU MAKE MY DAY`,"90,319",31189085
68,-20,['방탄소년단'],낙원,LOVE YOURSELF 轉 `Tear`,"139,758",31085240
69,New,['장덕철'],지각,Group,"32,850",31172274
70,New,['여자친구 (GFRIEND)'],여름여름해 (Sunny Summer),여자친구 Summer Mini Album `Sunny Summer`,"56,480",31196764
71,New,['김나영'],그대만 보여서,김비서가 왜 그럴까 OST Part.5,"27,204",31155216
72,-16,['펀치 (Punch)'],밤이 되니까,밤이 되니까,"175,362",30659630
73,-11,['Wanna One (워너원)'],약속해요 (I.P.U.),0+1=1 (I PROMISE YOU),"157,270",30930312
74,New,['Crush'],Cereal (Feat. ZICO),wonderlost,"54,954",31186131
75,New,['오반'],불행 (Feat. 빈첸 (VINXEN)),불행 (Feat. 빈첸 (VINXEN)),"62,720",31126139
76,-17,['방탄소년단'],134340,LOVE YOURSELF 轉 `Tear`,"133,013",31085239
77,-16,['윤종신'],좋니,LISTEN 010 좋니,"326,753",30486509
78,-20,['Wanna One (워너원) - 린온미'],영원+1 (Prod. NELL),1÷χ=1 (UNDIVIDED),"84,432",31113242
79,New,['뉴이스트 W'],Dejavu,"WHO, YOU","65,460",31147211
80,-8,['EXO-CBX (첸백시)'],花요일 (Blooming Day),Blooming Days - The 2nd Mini Album,"120,975",31009483
81,-7,['TWICE (트와이스)'],Heart Shaker,Merry & Happy,"139,615",30781481
82,-12,['방탄소년단'],So What,LOVE YOURSELF 轉 `Tear`,"128,827",31085245
83,-16,['WINNER'],REALLY REALLY,FATE NUMBER FOR,"220,676",30341745
84,-16,['Wanna One (워너원) - 남바완'],11 (Prod. 다이나믹듀오),1÷χ=1 (UNDIVIDED),"74,100",31113244
85,New,['다비치'],마치 우린 없었던 사이 (Prod. 정키),마치 우린 없었던 사이 (Prod. 정키),"44,331",31181342
86,-42,"['김하온 (HAON)', '빈첸 (VINXEN)']",바코드 (Prod. GroovyRoom),고등래퍼2 팀대항전 Part 3,"140,499",30989550
87,+2,['EXO'],Universe,"Universe - 겨울 스페셜 앨범, 2017","189,195",30806536
88,-38,['펜타곤'],빛나리,Positive,"99,615",30992157
89,-9,['방탄소년단'],Intro : Singularity,LOVE YOURSELF 轉 `Tear`,"116,166",31085236
90,-27,['Red Velvet (레드벨벳)'],Bad Boy,The Perfect Red Velvet - The 2nd Album Repackage,"165,093",30864993
91,New,['승리'],"셋 셀테니 (1, 2, 3!)",THE GREAT SEUNGRI,"85,067",31199873
92,-10,['방탄소년단'],Outro : Tear,LOVE YOURSELF 轉 `Tear`,"111,630",31085246
93,New,['볼빨간사춘기'],Dejavu,Red Diary `Hidden Track`,"29,392",31191636
94,-8,['비투비'],The Feeling,THIS IS US,"66,242",31123630
95,-26,['박원'],all of my life,0M,"212,893",30550388
96,-18,['우원재'],시차 (We Are) (Feat. 로꼬 & GRAY),시차 (We Are),"265,655",30613202
97,-32,['포맨'],눈 떠보니 이별이더라,REMEMBER ME,"94,809",30690674
98,-47,['펀치 (Punch)'],이 밤의 끝,이 밤의 끝,"42,896",31107239
99,New,"['양다일', '웬디 (WENDY)']",그해 여름,그해 여름,"28,042",31161291
100,-17,['Shawn Mendes'],There`s Nothing Holdin` Me Back,Illuminate (Deluxe),"157,771",30380953
