﻿rank,rank_change,singer,title,album,like,song_code
1,+12,['오혁'],소녀,응답하라 1988 OST Part.3,"177,372",7942948
2,New,['싸이 (PSY)'],DADDY (Feat. CL of 2NE1),칠집싸이다,"61,633",7956304
3,New,['싸이 (PSY)'],나팔바지,칠집싸이다,"59,175",7956303
4,+19,['이적'],걱정말아요 그대,응답하라 1988 OST Part.2,"160,607",7921208
5,New,['박보람'],혜화동 (혹은 쌍문동),응답하라 1988 OST Part.4,"71,153",7953577
6,New,['지코 (ZICO)'],유레카 (Feat. Zion.T),GALLERY,"91,778",7965449
7,+8,"['San E', '매드클라운']",못먹는 감 (Sour Grapes),못먹는 감,"66,684",7933703
8,-7,['지코 (ZICO)'],Boys And Girls (Feat. Babylon),Boys and Girls,"148,638",7911687
9,New,['윤미래'],사랑이 맞을거야,사랑이 맞을거야,"47,558",7975242
10,+22,['김필'],청춘 (Feat. 김창완),응답하라 1988 OST Part.1,"81,287",7909196
11,-9,['임창정'],또 다시 사랑,또 다시 사랑,"194,725",7861392
12,New,['소녀시대-태티서 (Girls` Generation-TTS)'],Dear Santa,Dear Santa - X-Mas Special,"44,161",7963662
13,New,['백예린'],우주를 건너,FRANK,"128,821",7953958
14,New,['EXO'],Sing For You,"SING FOR YOU - 겨울 스페셜 앨범, 2015","122,412",7971052
15,+23,['EXID'],HOT PINK,HOT PINK,"44,645",7935396
16,-0,['TWICE (트와이스)'],OOH-AHH하게,THE STORY BEGINS,"147,272",7891119
17,-8,['Adele'],Hello,Hello,"149,760",7899235
18,New,['브라운 아이드 소울'],밤의 멜로디,BROWN EYED SOUL 정규 4집 `SOUL COOKE`,"28,292",7967337
19,-15,['태연 (TAEYEON)'],I (Feat. 버벌진트),I - The 1st Mini Album,"181,677",7877917
20,New,['싸이 (PSY)'],Dream (Feat. XIA of JYJ),칠집싸이다,"40,091",7956305
21,-18,['아이유'],스물셋,CHAT-SHIRE,"145,030",7896508
22,-16,['포맨'],안아보자,4MEN 1st Live Album,"46,791",7924015
23,New,['노을'],이별밖에,이별밖에,"31,149",7946059
24,-13,['iKON'],취향저격,WELCOME BACK,"148,428",7854179
25,New,"['성시경', '박효신', '이석훈', '서인국', 'VIXX (빅스)']",크리스마스니까,Jelly Christmas 2012 HEART PROJECT,"145,668",3973781
26,-21,['Zion.T'],No Make Up,No Make Up,"128,288",7881505
27,New,['디셈버'],네게 줄 수 있는건 오직 사랑뿐,응답하라 1988 OST Part.5,"31,546",7964823
28,New,['싸이 (PSY)'],I Remember You (Feat. Zion.T),칠집싸이다,"31,175",7956302
29,-7,['여자친구 (GFRIEND)'],오늘부터 우리는 (Me Gustas Tu),여자친구 2nd Mini Album `Flower Bud`,"129,756",5791706
30,-11,['다이나믹 듀오'],꿀잼,GRAND CARNIVAL,"21,041",7931723
31,New,['방탄소년단'],RUN,화양연화 pt.2,"165,902",7953785
32,-7,['iKON'],지못미,WELCOME BACK,"59,942",7931712
33,New,['EXO'],불공평해 (Unfair),"SING FOR YOU - 겨울 스페셜 앨범, 2015","106,490",7971051
34,-22,['개리'],바람이나 좀 쐐 (Feat. 우혜미),2002,"102,596",7858908
35,-15,['MINO (송민호)'],겁 (Feat. 태양),쇼미더머니 4 Episode 5,"145,794",5826447
36,+16,['러블리즈'],Ah-Choo,Lovelyz8,"79,108",7870472
37,-30,['f(x)'],4 Walls,4 Walls - The 4th Album,"78,749",7900822
38,-21,"['소유 (SOYOU)', '권정열']",어깨,어깨,"79,349",7858989
39,-29,"['소유 (SOYOU)', '브라더수']",모르나봐,그녀는 예뻤다 OST Part.4,"50,378",7884171
40,+8,['박효신'],기억속의 먼 그대에게,Neo Classicism,"74,824",851429
41,New,['터보'],다시 (Feat. 유재석),AGAIN (다시),"24,291",7985328
42,New,['CL'],Hello Bitches,Hello Bitches,"23,386",7965433
43,-35,['아이유'],푸르던,CHAT-SHIRE,"120,407",7896509
44,New,['노을'],함께,응답하라 1988 OST Part.7,"64,209",7985298
45,New,['거미'],가질 수 없는 너,투유 프로젝트 - 슈가맨 Part.7,"14,791",7958267
46,New,['브라운 아이드 소울'],HOME,BROWN EYED SOUL 정규 4집 `SOUL COOKE`,"20,521",7967344
47,New,['다비치'],화이트(WHITE) (Feat. 박재범),D-MAKE,"26,962",7979764
48,-24,['박경'],보통연애 (Feat. 박보람),보통연애,"102,350",7860122
49,+30,"['Crush', '로꼬']",아마도 그건,투유 프로젝트 - 슈가맨 Part.3,"80,553",7912749
50,New,['god'],웃픈 하루,god Single Album,"21,080",7969038
51,-37,['아이유'],Zeze,CHAT-SHIRE,"65,799",7896507
52,-6,['Sam Smith'],I`m Not The Only One,In The Lonely Hour,"218,002",4660794
53,-24,['iKON'],리듬 타 (RHYTHM TA),WELCOME BACK,"67,683",7870705
54,-36,['지아'],가끔,그녀는 예뻤다 OST Part.2,"38,520",7865089
55,New,['로이킴'],북두칠성,북두칠성,"64,971",7963607
56,New,['EXO'],Girl x Friend,"SING FOR YOU - 겨울 스페셜 앨범, 2015","72,112",7971053
57,-23,['Red Velvet (레드벨벳)'],Dumb Dumb,The Red - The 1st Album,"96,462",7847861
58,-28,"['MINO (송민호)', '지코 (ZICO)']",Okey Dokey,쇼미더머니 4 Episode 6,"83,967",5835766
59,New,['지코 (ZICO)'],오만과 편견 (Feat. 수란),GALLERY,"44,040",7965450
60,-39,['지코 (ZICO)'],"말해 Yes Or No (Feat. PENOMECO, The Quiett)",말해 Yes Or No,"58,518",7888412
61,+39,['허각'],그날을 내 등 뒤로,겨울동화,"12,484",7943030
62,-11,['Zion.T'],꺼내 먹어요,Eat,"151,527",5702706
63,-8,['AOA'],심쿵해 (Heart Attack),Heart Attack,"87,469",5748406
64,-36,['빈지노 (Beenzino)'],Break,Break,"70,132",7881233
65,+18,['EXO'],LOVE ME RIGHT,LOVE ME RIGHT - The 2nd Album Repackage,"180,818",5721440
66,-16,['BIGBANG'],뱅뱅뱅 (BANG BANG BANG),A,"192,528",5719286
67,New,['지코 (ZICO)'],VENI VIDI VICI (Feat. DJ Wegun),GALLERY,"40,218",7965448
68,New,['EXO'],발자국 (On the snow),"SING FOR YOU - 겨울 스페셜 앨범, 2015","67,204",7971054
69,-28,['혁오 (HYUKOH)'],위잉위잉,20,"174,601",5385974
70,+2,['박효신'],야생화,야생화,"299,799",4543502
71,-29,['Zion.T'],양화대교,양화대교,"172,990",5389475
72,-41,['지코 (ZICO)'],날 (Feat. JTONG),Boys and Girls,"48,311",7911686
73,-20,['백아연'],이럴거면 그러지말지 (Feat. Young K),이럴거면 그러지말지,"188,156",5704397
74,New,['방탄소년단'],Butterfly,화양연화 pt.2,"140,496",7953786
75,New,['싸이 (PSY)'],아저씨SWAG (Feat. 개코 of Dynamic Duo),칠집싸이다,"6,747",7956308
76,-43,"['이유 갓지(GOD G) 않은 이유 (박명수, 아이유)']",레옹,무한도전 영동고속도로 가요제,"141,006",5826461
77,+18,['EXO'],CALL ME BABY,The 2nd Album `EXODUS`,"154,254",5644620
78,New,"['케이윌', '씨스타', '보이프렌드', '매드클라운', '정기고', '주영', '몬스타엑스', '유승우', '브라더수', '엑시']",사르르 (Softly),STARSHIP PLANET 2015 (스타쉽플래닛),"14,437",7956370
79,-34,['소녀시대 (GIRLS` GENERATION)'],Lion Heart,Lion Heart - The 5th Album,"78,584",5820368
80,-23,['엠씨더맥스'],그 남잔 말야,냄새를 보는 소녀 OST Part.5,"74,492",5668985
81,New,['예지'],미친개 (Feat. San E),미친개,"15,681",7973172
82,New,"['솔지 (EXID)', '유재환', '정형돈']",오늘은,돈 워리 뮤직 Vol.1,"15,901",7970872
83,New,['거미'],친구라도 될 걸 그랬어,Like Them,"75,843",418598
84,New,['싸이 (PSY)'],댄스쟈키,칠집싸이다,"6,760",7956301
85,-45,"['인크레더블', 'Tablo', '지누션']",오빠차,쇼미더머니 4 Episode 4,"60,219",5818522
86,-9,['나비'],그리워 말아요,그리워 말아요,"12,500",7935705
87,New,['넬 (NELL)'],3인칭의 필요성,3인칭의 필요성,"22,690",7958571
88,-0,['EXO'],LIGHTSABER,LIGHTSABER,"60,114",7926003
89,New,['싸이 (PSY)'],ROCKnROLLbaby (Feat. will.i.am),칠집싸이다,"6,331",7956306
90,New,['40'],꿀,꿀,"14,137",7977072
91,-33,['Maroon 5'],Sugar,V (Deluxe Edition),"178,611",4857981
92,New,['iKON'],덤앤더머 (DUMB & DUMBER),WELCOME BACK,"42,699",7991610
93,New,"['San E', '버벌진트', '범키', '한해', '칸토', '강민희', '양다일', '이강']",몸 좀 녹이자,BRAND NEW YEAR 2015 `BRAND NEW SHIT`,"18,432",7969206
94,New,"['효린', '범키', '주영']",Love Line,Love Line,"12,919",7977442
95,New,"['서인국', 'VIXX (빅스)', '박정아', '박윤하']",사랑난로,Jelly Christmas 2015 - 4랑,"16,856",7977140
96,New,['B1A4'],크리스마스잖아요,크리스마스잖아요,"18,350",7971240
97,New,['소녀시대-태티서 (Girls` Generation-TTS)'],Merry Christmas,Dear Santa - X-Mas Special,"14,245",7963665
98,New,"['바이브', '신용재', '벤', '임세준', '미(MIIII)']",넌 나의 크리스마스,넌 나의 크리스마스 (Made in THE VIBE),"7,689",7975408
99,-62,['태연 (TAEYEON)'],U R,I - The 1st Mini Album,"102,033",7877918
100,-73,['아이유'],무릎,CHAT-SHIRE,"130,310",7896511
