﻿rank,rank_change,singer,title,album,like,song_code
1,+59,['MINO (송민호)'],아낙네,XX,"169,850",31448480
2,New,['벤'],180도,180˚,"154,605",31477685
3,+2,['제니 (JENNIE)'],SOLO,SOLO,"181,044",31417871
4,-3,['폴킴'],너를 만나,너를 만나,"249,510",31388145
5,-3,['TWICE (트와이스)'],YES or YES,YES or YES,"142,347",31403163
6,-2,['바이브'],가을 타나 봐,가을 타나 봐,"132,573",31314144
7,+73,['하은'],신용재,신용재,"124,876",31406357
8,-5,['아이유'],삐삐,삐삐,"241,408",31346009
9,+2,['케이윌'],내 생에 아름다운,뷰티 인사이드 OST Part.4,"133,010",31373277
10,-0,['폴킴'],"모든 날, 모든 순간 (Every day, Every Moment)",`키스 먼저 할까요?` OST Part.3,"318,708",30962526
11,+4,['비투비'],아름답고도 아프구나,HOUR MOMENT,"149,025",31417922
12,-6,['양다일'],고백,고백,"128,453",31356458
13,New,['김동률'],동화 (feat. 아이유),동화 (feat. 아이유),"59,975",31478848
14,-6,['EXO'],Tempo,DON`T MESS UP MY TEMPO - The 5th Album,"186,564",31399721
15,-8,['임창정'],하루도 그대를 사랑하지 않은 적이 없었다,하루도 그대를 사랑하지 않은 적이 없었다,"149,555",31316695
16,+28,['Wanna One (워너원)'],봄바람,1¹¹=1 (POWER OF DESTINY),"141,255",31433084
17,New,['허각'],흔한 이별,흔한 이별,"67,153",31453551
18,+37,['Queen'],Bohemian Rhapsody (2011 Remaster),Greatest Hits (2011 Remaster),"102,544",3087601
19,-0,['임한별'],이별하러 가는 길,이별하러 가는 길,"118,135",31304766
20,-6,['숀 (SHAUN)'],Way Back Home,Take,"285,361",31151836
21,New,['WINNER'],MILLIONS,MILLIONS,"137,279",31506637
22,-6,['벤'],열애중,RECIPE,"171,760",31062863
23,-14,"['pH-1', 'Kid Milli', '루피(Loopy)']",Good Day (Feat. 팔로알토) (Prod. 코드 쿤스트),쇼미더머니 777 Episode 1,"154,791",31340985
24,New,['헤이즈 (Heize)'],첫눈에,첫눈에,"65,317",31495659
25,New,['Ariana Grande'],"thank u, next","thank u, next","136,966",31402611
26,New,['Mariah Carey'],All I Want For Christmas Is You,Merry Christmas (Deluxe Anniversary Edition),"128,874",14776
27,New,['EXO'],Love Shot,LOVE SHOT - The 5th Album Repackage,"166,194",31492319
28,-15,['로꼬'],시간이 들겠지 (Feat. Colde),시간이 들겠지,"116,371",31344113
29,-12,['로이킴'],우리 그만하자,우리 그만하자,"122,365",31314142
30,New,['Ariana Grande'],Santa Tell Me,Santa Tell Me,"146,279",5475060
31,-13,['펀치 (Punch)'],헤어지는 중,헤어지는 중,"113,101",31302310
32,-7,['방탄소년단'],IDOL,LOVE YOURSELF 結 `Answer`,"285,935",31266290
33,-3,['닐로(Nilo)'],지나오다,About You,"218,050",30699142
34,-10,"['저스디스 (JUSTHIS)', 'Kid Milli', 'NO:EL', '양홍원']",IndiGO,IM,"111,291",31144690
35,New,['마마무(Mamamoo)'],Wind flower,BLUE;S,"61,648",31457611
36,-24,['Zion.T'],멋지게 인사하는 법 (Feat. 슬기 of Red Velvet),ZZZ,"89,750",31356451
37,-15,['IZ*ONE (아이즈원)'],라비앙로즈 (La Vie en Rose),COLOR*IZ,"106,144",31388213
38,New,['Red Velvet (레드벨벳)'],RBB (Really Bad Boy),RBB - The 5th Mini Album,"65,929",31460625
39,-10,['BLACKPINK'],뚜두뚜두 (DDU-DU DDU-DU),SQUARE UP,"211,587",31131273
40,-20,['선미'],사이렌 (Siren),WARNING,"119,544",31286161
41,-10,['양다일'],미안해,inside,"166,030",30809895
42,-7,['아이유'],밤편지,밤편지,"352,400",30314784
43,-9,['폴킴'],비,비,"241,281",8235260
44,-17,['다비치'],꿈처럼 내린,뷰티 인사이드 OST Part.3,"47,395",31356799
45,-9,['먼데이 키즈 (Monday Kiz)'],가을 안부,가을 안부,"144,538",30669593
46,-13,['TWICE (트와이스)'],Dance The Night Away,Summer Nights,"157,718",31175119
47,-10,['EXO'],Gravity,DON`T MESS UP MY TEMPO - The 5th Album,"99,799",31399726
48,+6,['노을'],너는 어땠을까,별,"87,019",31403156
49,New,['아이유'],미리 메리 크리스마스 (Feat. 천둥 Of MBLAQ),Real,"117,481",3053259
50,-7,['비투비'],너 없인 안 된다,THIS IS US,"168,985",31133898
51,-25,['수퍼비'],수퍼비와 (Feat. BewhY) (Prod. BewhY),쇼미더머니 777 Semi Final,"64,129",31399795
52,-14,['방탄소년단'],FAKE LOVE,LOVE YOURSELF 轉 `Tear`,"296,567",31085237
53,-30,['iKON'],이별길 (GOODBYE ROAD),NEW KIDS : THE FINAL,"88,874",31331745
54,-26,"['기리보이', 'Kid Milli', 'NO:EL', '스윙스']",flex (Prod. By 기리보이),Dingo X Indigo Music,"145,556",31219546
55,-9,['비투비'],그리워하다,Brother Act.,"237,632",30672529
56,-16,['EXO'],닿은 순간 (Ooh La La La),DON`T MESS UP MY TEMPO - The 5th Album,"95,683",31399725
57,-9,['방탄소년단'],봄날,YOU NEVER WALK ALONE,"459,265",30244931
58,New,"['성시경', '박효신', '이석훈', '서인국', 'VIXX (빅스)']",크리스마스니까,Jelly Christmas 2012 HEART PROJECT,"145,669",3973781
59,-1,['웬디 (WENDY)'],Goodbye,뷰티 인사이드 OST Part.6,"69,940",31403263
60,New,['Sia'],Snowman,Everyday Is Christmas (Deluxe),"122,091",30717645
61,-19,['로이킴'],그때 헤어지면 돼,그때 헤어지면 돼,"191,619",30884950
62,-9,['EXO'],24/7,DON`T MESS UP MY TEMPO - The 5th Album,"95,187",31399728
63,-42,['루피(Loopy)'],Save (Feat. 팔로알토)(Prod. 코드 쿤스트),쇼미더머니 777 Episode 3,"67,897",31369994
64,-13,['EXO'],Universe,"Universe - 겨울 스페셜 앨범, 2017","189,195",30806536
65,+12,['Wanna One (워너원)'],에너제틱 (Energetic),1X1=1(TO BE ONE),"297,841",30568338
66,New,['EXID'],알러뷰,알러뷰,"38,064",31435731
67,+16,['Wanna One (워너원)'],Beautiful,1-1=0 (NOTHING WITHOUT YOU),"238,187",30725482
68,-23,['방탄소년단'],I`m Fine,LOVE YOURSELF 結 `Answer`,"192,327",31266289
69,-10,['EXO'],Sign,DON`T MESS UP MY TEMPO - The 5th Album,"91,099",31399724
70,-6,['EXO'],여기 있을게 (Smile On My Face),DON`T MESS UP MY TEMPO - The 5th Album,"88,838",31399731
71,-6,['방탄소년단'],DNA,LOVE YOURSELF 承 `Her`,"359,651",30637982
72,-33,['볼빨간사춘기'],여행,Red Diary Page.2,"228,707",31093710
73,New,['Wanna One (워너원)'],집,1¹¹=1 (POWER OF DESTINY),"74,507",31433085
74,-7,['EXO'],가끔 (With You),DON`T MESS UP MY TEMPO - The 5th Album,"85,358",31399727
75,+21,['Wanna One (워너원)'],BOOMERANG (부메랑),0+1=1 (I PROMISE YOU),"148,018",30960341
76,-2,['EXO'],후폭풍 (Bad Dream),DON`T MESS UP MY TEMPO - The 5th Album,"84,117",31399729
77,New,['Wanna One (워너원)'],불꽃놀이 (Flowerbomb),1¹¹=1 (POWER OF DESTINY),"79,841",31433086
78,-31,['장덕철'],그날처럼,그날처럼,"228,023",30755375
79,-0,['EXO'],Damage,DON`T MESS UP MY TEMPO - The 5th Album,"84,786",31399730
80,+9,['Wanna One (워너원)'],켜줘 (Light),1÷χ=1 (UNDIVIDED),"136,872",31113240
81,-24,['마마무(Mamamoo)'],너나 해 (Egotistic),RED MOON,"115,235",31189241
82,-6,['EXO'],오아시스 (Oasis),DON`T MESS UP MY TEMPO - The 5th Album,"88,159",31399722
83,-34,['멜로망스'],선물,Moonlight,"288,466",30514366
84,-16,['방탄소년단'],Euphoria,LOVE YOURSELF 結 `Answer`,"189,391",31266282
85,New,['Wanna One (워너원)'],술래,1¹¹=1 (POWER OF DESTINY),"75,172",31433089
86,New,['오반'],행복,행복,"89,783",31470006
87,-14,['방탄소년단'],전하지 못한 진심 (Feat. Steve Aoki),LOVE YOURSELF 轉 `Tear`,"227,713",31085238
88,-56,"['쿠기 (Coogie)', '수퍼비', 'D.Ark']",사임사임 (Feat. CHANGMO),쇼미더머니 777 Episode 1,"66,010",31340982
89,-33,['iKON'],사랑을 했다 (LOVE SCENARIO),Return,"289,898",30859584
90,New,['어반자카파'],이 밤이 특별해진 건,[05],"27,395",31451245
91,New,['에일리'],첫눈처럼 너에게 가겠다,도깨비 OST Part.9,"298,833",30190630
92,-10,['방탄소년단'],Answer : Love Myself,LOVE YOURSELF 結 `Answer`,"179,276",31266291
93,New,['Wanna One (워너원)'],묻고싶다 (One Love),1¹¹=1 (POWER OF DESTINY),"72,282",31433087
94,-44,['Red Velvet (레드벨벳)'],Power Up,Summer Magic - Summer Mini Album,"150,531",31230093
95,New,['윤건'],너도 그냥 날 놓아주면 돼,너도 그냥 날 놓아주면 돼,"112,745",31455159
96,New,['Queen'],I Was Born To Love You,Made In Heaven,"40,221",261643
97,-28,['Fitz & The Tantrums'],HandClap,Fitz and The Tantrums (Deluxe),"179,842",8111603
98,-46,['멜로망스'],동화,The Fairy Tale,"101,621",31164090
99,New,['Wanna One (워너원)'],Deeper,1¹¹=1 (POWER OF DESTINY),"66,635",31433088
100,-37,['멜로망스'],You,투유 프로젝트 - 슈가맨2 Part.2,"158,262",30849733
