﻿rank,rank_change,singer,title,album,like,song_code
1,-0,['iKON'],사랑을 했다 (LOVE SCENARIO),Return,"289,898",30859584
2,New,['마마무(Mamamoo)'],별이 빛나는 밤,Yellow Flower,"161,862",30937275
3,+1,['모모랜드 (MOMOLAND)'],뿜뿜,GREAT!,"143,998",30816860
4,-2,['장덕철'],그날처럼,그날처럼,"228,023",30755375
5,New,['BIGBANG'],꽃 길,꽃 길,"182,735",30948698
6,New,['헤이즈 (Heize)'],Jenga (Feat. Gaeko),바람,"102,206",30939452
7,+3,['로이킴'],그때 헤어지면 돼,그때 헤어지면 돼,"191,619",30884950
8,-5,['Red Velvet (레드벨벳)'],Bad Boy,The Perfect Red Velvet - The 2nd Album Repackage,"165,093",30864993
9,+7,['Fitz & The Tantrums'],HandClap,Fitz and The Tantrums (Deluxe),"179,842",8111603
10,+1,['청하'],Roller Coaster,Offset,"163,543",30844118
11,-5,['Camila Cabello'],Havana (Feat. Young Thug),Camila,"183,713",30567963
12,-5,['멜로망스'],선물,Moonlight,"288,466",30514366
13,New,['헤이즈 (Heize)'],내가 더 나빠,바람,"59,121",30939454
14,-6,['문문 (MoonMoon)'],비행운,LIFE IS BEAUTY FULL,"201,282",30086173
15,New,['Wanna One (워너원)'],약속해요 (I.P.U.),0+1=1 (I PROMISE YOU),"157,270",30930312
16,+2,['정승환'],눈사람,그리고 봄,"178,077",30877002
17,+39,['이수 (엠씨 더 맥스)'],My Way,돈꽃 OST Part.1,"138,560",30721801
18,-6,['DEAN'],instagram,instagram,"208,342",30806580
19,-14,['선미'],주인공,주인공,"94,766",30838076
20,-6,['펀치 (Punch)'],밤이 되니까,밤이 되니까,"175,362",30659630
21,-12,['볼빨간사춘기'],#첫사랑,#첫사랑,"107,361",30829858
22,-2,['길구봉구'],이 별,Star,"141,354",30637776
23,+44,['멜로망스'],You,투유 프로젝트 - 슈가맨2 Part.2,"158,262",30849733
24,+4,['먼데이 키즈 (Monday Kiz)'],가을 안부,가을 안부,"144,538",30669593
25,-10,['TWICE (트와이스)'],Heart Shaker,Merry & Happy,"139,615",30781481
26,-9,['윤종신'],좋니,LISTEN 010 좋니,"326,753",30486509
27,New,['헤이즈 (Heize)'],괜찮냐고,바람,"46,840",30939453
28,+7,['Wanna One (워너원)'],Beautiful,1-1=0 (NOTHING WITHOUT YOU),"238,187",30725482
29,-7,['박원'],all of my life,0M,"212,893",30550388
30,+24,['포맨'],눈 떠보니 이별이더라,REMEMBER ME,"94,809",30690674
31,-2,['Ed Sheeran'],Shape of You,÷ (Deluxe),"275,774",30188113
32,-5,['비투비'],그리워하다,Brother Act.,"237,633",30672529
33,New,"['Rohann (이로한)', '오담률 (CHIN CHILLA)']",북 (Prod. SLO),고등래퍼2 팀대항전 Part.1,"88,897",30957524
34,-11,['방탄소년단'],DNA,LOVE YOURSELF 承 `Her`,"359,651",30637982
35,-3,['아이유'],밤편지,밤편지,"352,400",30314784
36,-6,['우원재'],시차 (We Are) (Feat. 로꼬 & GRAY),시차 (We Are),"265,655",30613202
37,+16,['Wanna One (워너원)'],에너제틱 (Energetic),1X1=1(TO BE ONE),"297,841",30568338
38,-14,['TWICE (트와이스)'],LIKEY,twicetagram,"137,634",30700708
39,+5,['헤이즈 (Heize)'],비도 오고 그래서 (Feat. 신용재),/// (너 먹구름 비),"241,349",30492279
40,-27,['수지 (SUZY)'],다른사람을 사랑하고 있어,Faces of Love,"74,588",30851703
41,-20,['나얼'],기억의 빈자리,기억의 빈자리,"114,162",30757693
42,-17,['Red Velvet (레드벨벳)'],피카부 (Peek-A-Boo),Perfect Velvet - The 2nd Album,"150,287",30736437
43,-17,"['민서', '윤종신']",좋아,2017 월간 윤종신 11월호,"135,224",30729198
44,-5,['방탄소년단'],봄날,YOU NEVER WALK ALONE,"459,265",30244931
45,-12,['볼빨간사춘기'],썸 탈꺼야,Red Diary Page.1,"177,700",30657307
46,-27,['김동률'],답장,답장,"86,216",30833270
47,-9,['Shawn Mendes'],There`s Nothing Holdin` Me Back,Illuminate (Deluxe),"157,771",30380953
48,-7,['박원'],노력,1/24,"159,526",30099927
49,-15,['어반자카파'],"그때의 나, 그때의 우리","그때의 나, 그때의 우리","103,678",30709103
50,-14,['허각'],바보야,바보야,"66,238",30753213
51,-9,['에일리'],첫눈처럼 너에게 가겠다,도깨비 OST Part.9,"298,833",30190630
52,-4,['Red Velvet (레드벨벳)'],빨간 맛 (Red Flavor),The Red Summer - Summer Mini Album,"218,918",30512671
53,-2,['멜로망스'],짙어져,Yellow OST Part.2,"82,495",30667988
54,-4,['BLACKPINK'],마지막처럼,마지막처럼,"183,859",30481578
55,+7,['길구봉구'],바람이 불었으면 좋겠어,바람이 불었으면 좋겠어,"117,129",4383833
56,New,['Wanna One (워너원)'],BOOMERANG (부메랑),0+1=1 (I PROMISE YOU),"148,017",30960341
57,-26,['종현 (JONGHYUN)'],Lonely (Feat. 태연),종현 소품집 `이야기 Op.2`,"209,973",30383758
58,+32,['Imagine Dragons'],Thunder,Evolve,"135,125",30393293
59,-22,['선미'],가시나,SUNMI SPECIAL EDITION `가시나`,"154,568",30587846
60,-17,['에픽하이 (EPIK HIGH)'],연애소설 (Feat. 아이유),WE`VE DONE SOMETHING WONDERFUL,"144,025",30688500
61,+4,['양다일'],미안해,inside,"166,030",30809895
62,-17,['다비치'],너 없는 시간들,&10,"59,593",30859636
63,-11,['볼빨간사춘기'],나의 사춘기에게,Red Diary Page.1,"214,356",30657311
64,-7,['WINNER'],REALLY REALLY,FATE NUMBER FOR,"220,676",30341745
65,-25,['EXO'],Universe,"Universe - 겨울 스페셜 앨범, 2017","189,195",30806536
66,-20,['세븐틴'],고맙다,SEVENTEEN SPECIAL ALBUM `DIRECTOR`S CUT`,"81,335",30878838
67,+7,['The Chainsmokers'],Closer (Feat. Halsey),Collage EP,"194,852",8287788
68,New,['박보람'],애쓰지 마요,애쓰지 마요,"63,740",30889749
69,-8,['방탄소년단'],고민보다 Go,LOVE YOURSELF 承 `Her`,"204,933",30637988
70,+2,['펀치 (Punch)'],오늘밤도,오늘밤도,"50,600",30879719
71,-22,['임창정'],그 사람을 아나요,그 사람을 아나요,"69,743",30688990
72,-13,['EXO'],Ko Ko Bop,THE WAR - The 4th Album,"323,115",30529996
73,-4,['방탄소년단'],MIC Drop,LOVE YOURSELF 承 `Her`,"196,438",30637987
74,+3,['아이유'],팔레트 (Feat. G-DRAGON),Palette,"214,542",30378156
75,New,['마마무(Mamamoo)'],별 바람 꽃 태양,Yellow Flower,"30,079",30935467
76,-13,['황치열'],매일 듣는 노래 (A Daily Song),Be Ordinary,"176,630",30467550
77,New,['양요섭'],네가 없는 곳,YANG YOSEOP 2ND MINI ALBUM `白`,"37,215",30902280
78,New,['버스커 버스커'],벚꽃 엔딩,버스커 버스커 1집,"343,125",3753304
79,-24,['오마이걸'],비밀정원,비밀정원,"105,202",30827192
80,-9,['EXO'],Power,The Power of Music - The 4th Album Repackage,"183,930",30616684
81,New,['용준형'],소나기 (Feat. 10cm),소나기 (Feat. 10cm),"141,636",30970444
82,New,['로꼬'],나타나줘 (Feat. 박재범),나타나줘,"44,508",30951305
83,-5,['방탄소년단'],피 땀 눈물,WINGS,"275,941",30029173
84,-14,['엠씨더맥스'],어디에도,pathos,"197,389",8033528
85,New,['문문 (MoonMoon)'],결혼,이번 생은 처음이라 OST Part.4,"74,506",30689468
86,New,"['김하온 (HAON)', '박준호 (PULLIK)']",어린 왕자 (Prod. Godic),고등래퍼2 팀대항전 Part.2,"86,193",30974156
87,-23,['볼빨간사춘기'],Blue,Red Diary Page.1,"119,108",30657308
88,New,['헤이즈 (Heize)'],잘 살길 바래 (With. DAVII),바람,"15,730",30939455
89,New,['iKON'],고무줄다리기 (Rubber Band),고무줄다리기 (Rubber Band),"35,145",30929917
90,+4,['Wanna One (워너원)'],갖고 싶어,1-1=0 (NOTHING WITHOUT YOU),"131,032",30725483
91,+4,"['민경훈', '김희철']",후유증,후유증,"39,393",30899960
92,New,['정승환'],비가 온다,그리고 봄,"52,838",30902271
93,-46,['박효신'],겨울소리,겨울소리,"82,300",30810765
94,New,['H.O.T.'],빛 (Hope),H.O.T 3,"34,902",91299
95,-35,['이하이'],한숨,SEOULITE,"227,220",8086947
96,+2,['Maroon 5'],What Lovers Do (Feat. SZA),Red Pill Blues (Deluxe Edition),"71,303",30608019
97,-6,['뉴이스트'],여보세요,THE SECOND MINI ALBUM `여보세요`,"131,157",4032981
98,-25,['에일리'],다시 쓰고 싶어,이런 꽃 같은 엔딩 OST Part.3,"25,654",30889512
99,New,"['HIGH4 (하이포)', '아이유']",봄 사랑 벚꽃 말고,봄 사랑 벚꽃 말고,"175,989",4579468
100,New,['헤이즈 (Heize)'],MIANHAE,바람,"18,760",30939457
