﻿rank,rank_change,singer,title,album,like,song_code
1,New,['엠씨더맥스'],그대가 분다,UNVEILING,"111,593",4381724
2,+30,['아이유'],금요일에 만나요 (Feat. 장이정 Of HISTORY),Modern Times - Epilogue,"215,257",4369827
3,New,['걸스데이'],Something,걸스데이 미니앨범 3집,"67,019",4383773
4,New,['린'],My Destiny,별에서 온 그대 OST Part.1,"62,413",4375626
5,New,['에일리'],노래가 늘었어,노래가 늘었어,"78,897",4383349
6,New,['엠씨더맥스'],그때 우리,UNVEILING,"46,311",4381721
7,+33,['빈지노 (Beenzino)'],"Dali, Van, Picasso","Dali, Van, Picasso","98,512",4366156
8,+37,['브라운 아이드 소울'],너를,Thank Your Soul,"45,905",4367874
9,New,['비'],La Song,Rain Effect,"33,971",4382254
10,-6,"['서인국', '지아']",이별남녀,이별남녀,"44,514",4342054
11,New,['케이윌'],별처럼,별에서 온 그대 OST Part.2,"31,331",4388702
12,+11,['휘성 (Realslow)'],가슴 시린 이야기 (Feat. 용준형 Of Beast),가슴 시린 이야기,"63,563",3174148
13,-8,"['휘성 (Realslow)', '거미']",Special Love,Special Love,"43,903",4340421
14,New,['개리'],조금 이따 샤워해 (Feat. Crush),MR.GAE,"46,623",4397969
15,-3,"['성시경', '박효신', '서인국', 'VIXX (빅스)', '여동생']",겨울 고백,Jelly Christmas 2013,"70,773",4354180
16,New,['엠씨더맥스'],백야,UNVEILING,"58,942",4381725
17,-15,['효린'],너 밖에 몰라 (One Way Love),LOVE&HATE,"26,732",4333566
18,-15,['성시경'],너에게,응답하라 1994 OST Part 2,"94,342",4300699
19,New,['지아'],그런 줄 알았어,그런 줄 알았어,"15,110",4372791
20,-19,['2NE1'],그리워해요,그리워해요,"72,952",4328659
21,+26,"['범키', '버벌진트']",너에게만,듀스 20주년 헌정앨범 Part.6,"40,918",4362019
22,-12,['허각'],향기만 남아,Reminisce,"46,890",4312933
23,New,['동방신기 (TVXQ!)'],Something,TVXQ! The 7th Album `TENSE`,"30,011",4381937
24,-13,['에일리'],눈물이 맘을 훔쳐서,비밀 OST Part.5,"61,483",4296990
25,+11,['휘성 (Realslow)'],결혼까지 생각했어,Realslow Is Back,"44,626",2903041
26,-11,['EXO'],12월의 기적 (Miracles In December),겨울 스페셜 앨범 `12월의 기적 (Miracles In December)`,"151,108",4347674
27,-19,['미쓰에이'],Hush,Hush,"33,019",4308010
28,New,['B1A4'],Lonely (없구나),Who Am I,"51,072",4393161
29,-23,['다비치'],편지,DAVICHI CODE,"44,792",4309790
30,-23,['San E'],이별식탁 (Feat. 산체스 Of 팬텀),`Not` Based On The True Story,"47,794",4328770
31,New,['엠씨더맥스'],입술의 말,UNVEILING,"58,138",4381720
32,-23,['어반자카파'],코끝에 겨울,[03],"67,106",4333791
33,-16,['트러블메이커'],내일은 없어,Chemistry,"40,999",4294284
34,New,['엠씨더맥스'],퇴근길,UNVEILING,"12,575",4381723
35,+7,['EXO'],으르렁 (Growl),The 1st Album `XOXO` Repackage,"180,286",4193337
36,-23,['Lim Kim'],행복한 나를,응답하라 1994 OST Part 5,"36,105",4340248
37,+31,"['정우', '유연석', '손호준']",너만을 느끼며,응답하라 1994 OST Part 7,"26,538",4359786
38,New,['개리'],XX몰라 (ZOTTO MOLA),MR.GAE,"10,454",4397968
39,New,['바이브'],"천국 (Feat. 이영현, 신용재 Of 포맨, 임세준, 원지 Of 벨라포)",천국,"15,819",4369884
40,-12,"['소유 (SOYOU)', '매드클라운']",착해 빠졌어 (Stupid In Love),착해 빠졌어 (Stupid In Love),"126,144",4237755
41,New,['임창정'],그렇게 당해놓고 (Feat. 마부스 Of 일렉트로보이즈),용감한형제 10주년 앨범 Part.1,"4,823",4380131
42,New,['엠씨더맥스'],하루만 빌려줘,UNVEILING,"21,184",4381727
43,-18,['크레용팝'],꾸리스마스,꾸리스마스,"16,427",4333556
44,-1,['정키'],홀로 (Feat. 김나영),Break Up,"134,921",3893169
45,-26,['하이니 (HiNi)'],가질 수 없는 너,응답하라 1994 OST Part 4,"32,520",4330549
46,-19,['아이유'],분홍신,Modern Times,"94,168",4268435
47,-27,['T.O.P'],DOOM DADA,DOOM DADA,"37,878",4320843
48,New,['효린'],안녕,별에서 온 그대 OST Part.4,"82,037",4412196
49,-10,['G-DRAGON'],삐딱하게 (Crooked),쿠데타 (COUP D`ETAT),"115,259",4232200
50,-36,['박효신'],It`s You,미래의 선택 OST Part 4,"38,267",4314704
51,+19,"['케이윌', '전우성 (노을)']",향수,이단옆차기 프로젝트 Vol.04,"14,080",4364332
52,+12,['디아'],날 위한 이별,응답하라 1994 OST Part 6,"37,037",4349964
53,-20,['임창정'],나란놈이란,나란놈이란,"87,104",4249547
54,-2,['노을'],만약에 말야 (전우성 Solo),TIME FOR LOVE,"84,445",3953196
55,New,['비'],30 Sexy,Rain Effect,"14,037",4382253
56,-32,['박지윤'],미스터리 (Feat. San E),미스터 (Mr.),"50,064",4282710
57,New,['소유 (SOYOU)'],한번만,기황후 OST Part.4,"12,412",4386738
58,-36,['태양'],링가 링가 (RINGA LINGA),RINGA LINGA,"34,536",4300927
59,New,"['알리 (ALi)', '임재범']",I Love You,I Love You,"11,574",4371456
60,+7,['김범수'],끝사랑,Solista Part.2,"110,176",3436083
61,New,['Apink (에이핑크)'],Good Morning Baby,Good Morning Baby,"35,017",4393317
62,New,['윤하 (YOUNHA)'],별에서 온 그대,별에서 온 그대 OST Part.3,"13,618",4398445
63,-8,['프라이머리'],자니 (Feat. Dynamic Duo),자니,"155,966",3726617
64,New,['고아라'],시작,응답하라 1994 OST Part 8,"22,215",4369898
65,New,"['김성균', '도희']",운명,응답하라 1994 감독판 OST,"17,530",4378216
66,-50,['노을'],잊혀진다는 거,흔적,"34,776",4336120
67,-49,['이적'],거짓말 거짓말 거짓말,고독의 의미,"98,736",4312955
68,New,['Idina Menzel'],Let It Go,겨울왕국 OST (33 Trks Ver.),"82,081",4342899
69,New,['거미'],내 생각날 거야 (Narr. 이시영),The Lyrics - No.4,"17,893",4402769
70,-29,['버스커 버스커'],처음엔 사랑이란게,버스커 버스커 2집,"121,144",4252728
71,New,['달샤벳'],B.B.B (Big Baby Baby),The 7th Mini Album `B.B.B`,"13,324",4388691
72,New,['스윙스'],불도저 (Bulldozer),Double Single (Bulldozer),"32,300",4378156
73,New,['지아'],울어본 적 있나요,11일이 지나고,"7,085",4393304
74,-24,['레이디스 코드'],예뻐 예뻐,CODE#02 PRETTY PRETTY,"47,304",4230002
75,New,"['버벌진트', 'San E', '범키', '스윙스', '팬텀', '칸토']",You Make Me Feel BRAND NEW,Brand New Year Vol.2,"21,721",4391380
76,New,"['마마무(Mamamoo)', '범키']",행복하지마,행복하지마,"33,891",4390318
77,New,['엠씨더맥스'],빈자리,UNVEILING,"7,594",4381722
78,-48,['박정현'],마음으로만,상속자들 OST Part 8,"35,001",4338307
79,-42,['케이윌'],촌스럽게 왜 이래 (You Don`t Know Love),Will In Fall,"47,777",4282578
80,+12,['휘성 (Realslow)'],With Me,It`s Real,"43,324",482653
81,-55,['San E'],"어디서 잤어 (Feat. 버벌진트, 스윙스)",어디서 잤어,"32,018",4307957
82,+4,['시크릿'],I Do I Do,Gift From Secret,"9,438",4352364
83,-62,['노을'],밤이 오는 거리 (Feat. 다이나믹듀오),밤이 오는 거리,"24,231",4317286
84,-31,['루이 (긱스)'],"이 시간에 (Feat. 유성은, Young Luffy)",이 시간에,"29,245",4355880
85,-27,['B1A4'],그대와 함께,응답하라 1994 OST Part 3,"26,397",4311261
86,-42,['이해리 (다비치)'],해바라기,불후의 명곡 - 전설을 노래하다 (박상민 편),"14,262",4341880
87,New,['개리'],술 취한 밤의 노래 (Feat. Jung In),MR.GAE,"5,887",4397970
88,New,['AOA'],짧은 치마 (Miniskirt),짧은 치마,"54,446",4400561
89,-60,['형용돈죵 (정형돈 & G-DRAGON)'],해볼라고,무한도전 자유로 가요제,"46,725",4302973
90,New,['엠씨더맥스'],1월,UNVEILING,"16,818",4381726
91,-57,['이창민'],Moment,상속자들 OST Part 3,"37,984",4289386
92,-18,['라디 (Ra. D)'],누군가 필요해 (Feat. BrotherSu),Wish me a merry Christmas,"9,036",4361940
93,New,['톱밥'],너만 보여 (Feat. 범키),PLEX,"19,157",4391612
94,-56,"['성시경', '박효신', '이석훈', '서인국', 'VIXX (빅스)']",크리스마스니까,Jelly Christmas 2012 HEART PROJECT,"145,667",3973781
95,-39,['정준영'],이별 10분 전,1st 미니앨범,"63,118",4271854
96,New,['2BIC(투빅)'],행복하기를 (I Love You),행복하기를 (I Love You),"9,842",4395216
97,-43,['Ylvis'],The Fox,The Fox,"41,150",4236972
98,New,['포맨'],바람이 분다,바람이 분다 (신이보낸사람 OST),"5,130",4393320
99,-37,"['케이윌', '씨스타', '보이프렌드']",눈사탕 (Snow Candy),Starship Planet 2013 (스타쉽플래닛),"10,101",4359820
100,New,['4minute'],살만찌고,살만찌고,"8,383",4404345
