﻿rank,rank_change,singer,title,album,like,song_code
1,+64,['BIGBANG'],TONIGHT,빅뱅 미니앨범 4집,"36,244",3156950
2,+16,['아이유'],나만 몰랐던 이야기,Real+,"89,766",3143550
3,New,['송지은'],미친거니 (Feat. 방용국),미친거니,"24,816",3164048
4,+24,['이현'],내꺼중에 최고,내꺼중에 최고,"13,884",3138749
5,+80,['BIGBANG'],WHAT IS RIGHT,빅뱅 미니앨범 4집,"22,315",3156952
6,+81,['BIGBANG'],CAFE,빅뱅 미니앨범 4집,"46,726",3156953
7,-3,['마이티 마우스'],톡톡 (Tok Tok) (Feat. SOYA),Mighty Fresh,"16,623",3110565
8,-5,['지나'],Black & White,Black & White,"13,964",3111583
9,New,['케이윌'],가슴이 뛴다,가슴이 뛴다,"39,482",3172166
10,+31,['김수현'],Dreaming,드림하이 OST,"17,829",3140874
11,+57,['간미연'],파파라치 (Feat. 에릭),Watch,"7,191",3145784
12,+83,['BIGBANG'],HANDS UP,빅뱅 미니앨범 4집,"10,911",3156949
13,-11,['시크릿'],샤이보이,샤이보이,"13,356",3089448
14,+84,['BIGBANG'],SOMEBODY TO LOVE,빅뱅 미니앨범 4집,"13,581",3156951
15,-5,['나비'],잘 된 일이야,Hello,"33,052",3110148
16,-10,['아이유'],좋은 날,Real,"105,845",3051244
17,New,['먼데이 키즈 (Monday Kiz)'],이 밤이 지나면,Nostalgia Part.2,"4,556",3164251
18,-17,['아이유'],Someday,드림하이 OST Part.1,"21,502",3088249
19,-5,['김보경 (NEON)'],하루하루,The First Day,"20,299",3118780
20,-15,['정용화 (CNBLUE)'],처음 사랑하는 연인들을 위해 (반말송),처음 사랑하는 연인들을 위해 (부제: 반말송),"28,575",3106066
21,+21,['아이유'],잔혹동화,Real+,"21,378",3145655
22,New,['현빈'],가질 수 없는 너,"현빈, 가질 수 없는 너","6,078",3166756
23,New,['이소라'],바람이 분다,눈썹달,"88,802",638570
24,New,['휘성 (Realslow)'],가슴 시린 이야기 (Feat. 용준형 Of Beast),가슴 시린 이야기,"63,563",3174148
25,-6,['달샤벳'],Supa Dupa Diva,Supa Dupa Diva,"7,774",3087888
26,-9,"['이창민', '진운']",사랑하면 안될까,드림하이 OST Part.6,"4,777",3132048
27,New,['강승윤'],니가 천국이다,마이더스 OST Part.1,"3,281",3154998
28,New,['김현정'],1분 1초,1 MINUTE 1 SECOND,"1,039",3157948
29,-17,['GD&TOP'],Oh Yeah (Feat. 박봄),GD&TOP 정규앨범 1집,"25,609",3065250
30,-23,"['김범수', '태연 (TAEYEON)']",달라,달라,"10,189",3128548
31,-18,['GD&TOP'],High High,GD&TOP 정규앨범 1집,"25,932",3065249
32,New,['나윤권'],그대가 있어 웃는다,그대가 있어 웃는다,"6,377",3164052
33,+17,['가희'],돌아와 나쁜 너,돌아와 나쁜 너,"1,365",3139048
34,-26,['케이윌'],기가 차 (Feat. 슈프림팀 ＆ 씨스타),기가 차,"4,239",3116963
35,New,['거미'],기다리고 싶어,마이더스 OST Part.2,"1,430",3159989
36,-11,['GD&TOP'],집에 가지마,GD&TOP 정규앨범 1집,"27,968",3065251
37,-28,['승리'],어쩌라고,승리 1st Mini Album V.V.I.P,"6,983",3107348
38,-17,['쥬얼리'],Back It Up,Back It Up,"1,076",3110581
39,New,['엠투엠 (M To M)'],이런 쓰레기 같은...,이런 쓰레기같은...,"2,693",3173249
40,-24,['동방신기 (TVXQ!)'],왜 (Keep Your Head Down),왜 (Keep Your Head Down),"11,806",3089348
41,New,"['먼데이 키즈 (Monday Kiz)', '가비엔제이']",사랑은 똑같다,소울트레인 (Soul Train) Part.1,"3,856",3293345
42,New,['엠블랙'],다시,BLAQ Style 3D Edition,"1,064",3152817
43,New,['박정현'],꿈에,박정현 Op.4,"61,929",432309
44,-33,['현빈'],그남자,시크릿 가든 OST Part.5,"16,810",3096032
45,New,['SG 워너비'],너란 사람,가시나무 새 OST Part.1,658,3170662
46,-22,['씨스타'],니까짓게,니까짓게,"10,330",3037051
47,New,['디셈버'],누구보다 널 사랑해,조영수 All Star - 디셈버,"5,355",3151428
48,New,['버블 시스터즈'],애원 (R&B Ver.),Soul Rebirth Part.1,358,3168699
49,New,['다비치'],한사람,"웃어요, 엄마 OST Part.8","3,365",3174006
50,New,['프리스타일'],별 (Feat. JD),일곱 번째 하소연,"5,816",3160020
51,-31,['박진영'],못 잊은 거죠 (If),드림하이 OST Part.5,"3,301",3129348
52,New,['CNBLUE (씨엔블루)'],직감,FIRST STEP,"18,055",3169779
53,New,['김소리'],심장이 춤춘다 (Feat. 슈프림팀),심장이 춤춘다,"1,281",3165406
54,New,['걸스데이'],반짝반짝,Girl`s Day Party #3,"22,063",3319849
55,-32,['씨야'],내겐 너무 멋진 그대,See You Again,"5,776",3118474
56,-3,"['택연', '닉쿤 (2PM)']",My Valentine (Feat. 박진영),드림하이 OST,"3,298",3140867
57,-42,['오스카'],눈물자리,시크릿 가든 오스카 싱글 OST,"4,845",3106048
58,New,['윤도현'],나 항상 그대를 (With YB),[서바이벌 나는 가수다] 경연1. `80년대 명곡 부르기,"4,375",3325048
59,-33,['엠블랙'],Stay,BLAQ Style,"2,563",3099149
60,-0,['플라워'],You Are My Everything,Everything Inside Of Me,"1,723",3141291
61,New,['DK'],언제나 사랑해 (DK Ver.),Endless Love,"4,031",3164162
62,New,['F-ve Dolls'],너 말이야,Charming Five Girls,"6,001",3145650
63,New,['SG 워너비'],고작,SG Wannabe 7 Part.2,"1,564",3176283
64,-0,"['Yolanda Be Cool', 'Dcup']",We No Speak Americano (Radio Edit) (SKT T월드 CF 삽입곡),We No Speak Americano,"10,194",2944372
65,New,['엠투엠 (M To M)'],미쳐,미쳐,367,3151848
66,New,['동방신기 (TVXQ!)'],이것만은 알고 가 (Before U Go),왜 (Keep Your Head Down) REPACKAGE `이것만은 알고 가`,"7,169",3176989
67,New,['2AM'],최고의 사랑 (후쿠야마 마사하루 리메이크),최고의 사랑 (후쿠야마 마사하루 리메이크),"3,219",3314976
68,-46,['선예 (Wonder Girls)'],Maybe,드림하이 OST Part.2,"10,724",3098048
69,New,['전인혁 (야다)'],듣고 있니...,듣고 있니...,284,3157048
70,+11,['Lady GaGa'],Born This Way,Born This Way,"7,701",3139172
71,New,['버벌진트'],어베일러블 (Feat. 레이디 제인),어베일러블,"1,971",3160674
72,New,['제이세라'],언제나 사랑해,Endless Love,"13,779",3156359
73,-22,['부활'],비밀 (Special Vocal. 박완규),부활 Collaboration Project `+ (plus)` / +1,"20,935",3108907
74,-39,"['장혜진', '먼데이 키즈 (Monday Kiz)', '시몬']",눈물을 움켜쥐고,보이스원,"2,339",3132763
75,New,['BIGBANG'],INTRO (THANK YOU & YOU),빅뱅 미니앨범 4집,"7,773",3156948
76,-27,"['티아라', '용감한 형제']",뷰티풀 걸 (Feat. 일렉트로 보이즈),Beautiful Girl,"1,229",3136448
77,-44,['아이유'],이게 아닌데,Real,"30,692",3053253
78,New,['레이디 제인'],친한 사이,친한 사이,"1,576",3152149
79,New,['김보경 (NEON)'],봄처럼,봄처럼,"3,058",3287401
80,-53,['JOO'],나쁜 남자,Heartmade,"16,142",3089992
81,New,"['The One (더원)', 'KCM']",두 남자 이야기,Two Men`s Story,838,3152756
82,-51,['태연 (TAEYEON)'],사랑해요 (I Love You),`사랑해요` 아테나 OST,"27,701",3059926
83,New,['오종혁'],구름을 달아,"Run To You, Fly With Cloud",349,3176448
84,New,['J.Lee'],사랑은 왜,Let`s Dance,"1,837",3132906
85,New,['김태우'],Brothers＆Me (With JYP & Rain),T-school,798,3174560
86,New,['DMTN'],그 남자는 반대,달마시안 1st Mini Album,"5,280",3135864
87,-57,['가비엔제이'],라떼 한잔 (Feat.길미),라떼 한잔,"1,534",3101348
88,-25,"['택연', '장우영', '수지 (SUZY)', '김수현', 'JOO']",드림하이,드림하이 OST Part.1,"15,682",3088248
89,-57,['박효신'],사랑이 고프다 (I Promise You),Gift (Part.2),"24,695",3059678
90,New,['소울다이브'],점점더 (Feat. 가비엔제이 - 미스티),점점더,333,3165795
91,-44,['나몰라패밀리JW'],헤어진 두사람 (Feat. 태인),헤어진 두사람,"1,127",3135248
92,New,['인피니트'],Nothing`s Over,Inspirit,"31,228",3174348
93,-11,['Avril Lavigne'],What The Hell,What The Hell,"14,882",3100891
94,New,['마이티 마우스'],톡톡 (Original Ver.) (Feat. 김범수),톡톡 (Original Ver.),"1,753",3175948
95,New,['김형준'],oH! aH!,1st Mini Album My Girl,284,3168671
96,New,['제국의아이들 (ZE:A)'],Here I Am,Lovability,"1,808",3175334
97,New,['MJ (써니사이드)'],"새벽두시반 (Feat. 미스에스, 오윤혜, 김현중 of M.A.C)",심장이 멈춘 시간,"3,060",3159990
98,-7,['Jessie J'],Price Tag (Feat. B.o.B.),Price Tag,"36,892",3129966
99,-59,['허각'],행복한 나를 (Feat. 존박),허각 1st 미니앨범,"38,334",3026178
100,New,['박정현'],비오는 날의 수채화,[서바이벌 나는 가수다] 경연1. `80년대 명곡 부르기,"1,832",3325187
