﻿rank,rank_change,singer,title,album,like,song_code
1,New,['에일리'],첫눈처럼 너에게 가겠다,도깨비 OST Part.9,"298,831",30190630
2,New,['황광희 X 개코'],당신의 밤 (Feat. 오혁),무한도전 위대한 유산,"119,101",30179089
3,+9,['Crush'],Beautiful,도깨비 OST Part 4,"201,763",30157753
4,-2,['BIGBANG'],에라 모르겠다,MADE,"165,610",30147445
5,+11,['볼빨간사춘기'],좋다고 말해,Full Album RED PLANET `Hidden Track`,"191,503",30163110
6,-0,"['찬열 (CHANYEOL)', '펀치 (Punch)']",Stay With Me,도깨비 OST Part.1,"202,552",30132687
7,New,['AKMU (악동뮤지션)'],오랜 날 오랜 밤,사춘기 하 (思春記 下),"180,965",30181278
8,New,['소유 (SOYOU)'],I Miss You,도깨비 OST Part.7,"98,938",30177818
9,+54,['에디킴'],이쁘다니까,도깨비 OST Part.5,"91,869",30169608
10,+69,['샘김 (Sam Kim)'],Who Are You,도깨비 OST Part.6,"93,817",30169383
11,-7,['마마무(Mamamoo)'],Decalcomanie (데칼코마니),MEMORY,"137,838",30079086
12,-3,['BIGBANG'],LAST DANCE,MADE,"121,772",30147446
13,-12,['헤이즈 (Heize)'],저 별,저 별,"127,929",30132701
14,-9,['TWICE (트와이스)'],TT,TWICEcoaster : LANE 1,"191,539",30054344
15,New,['하하 X MINO'],쏘아,무한도전 위대한 유산,"44,454",30179088
16,-6,['볼빨간사춘기'],우주를 줄게,Full Album RED PLANET,"251,441",9620469
17,-3,['볼빨간사춘기'],나만 안되는 연애,Full Album RED PLANET,"178,491",9620473
18,-7,['BLACKPINK'],불장난,SQUARE TWO,"155,358",30069773
19,New,['어반자카파'],소원,도깨비 OST Part.10,"48,458",30191370
20,New,['정준일'],첫 눈,도깨비 OST Part.8,"87,755",30178900
21,New,['양세형 X BewhY'],만세,무한도전 위대한 유산,"31,316",30179092
22,-19,['정승환'],이 바보야,목소리,"120,536",30120986
23,New,['수지 (SUZY)'],행복한 척,Yes? No?,"91,210",30205955
24,-0,['10CM'],내 눈에만 보여,도깨비 OST Part.2,"49,970",30143498
25,New,['유재석 X Dok2'],처럼 (Feat. 이하이),무한도전 위대한 유산,"24,865",30179090
26,-9,['한동근'],그대라는 사치,The 3rd Digital Single `그대라는 사치`,"170,315",9614761
27,+11,['Lasse Lindh'],Hush,도깨비 OST Part.3,"83,644",30143605
28,-13,['BIGBANG'],GIRLFRIEND,MADE,"61,233",30147447
29,-21,"['김희철', '민경훈']",나비잠 (Sweet Dream),나비잠 (Sweet Dream) - SM STATION,"118,808",30105621
30,-8,['헤이즈 (Heize)'],돌아오지마 (Feat. 용준형 Of 비스트),돌아오지마,"174,034",8143111
31,-5,['볼빨간사춘기'],심술,Half Album RED ICKLE,"126,722",8155478
32,-11,['한동근'],이 소설의 끝을 다시 써보려 해,The 1st Digital Single `이 소설의 끝을 다시 써보려 해`,"216,534",5398990
33,-26,['지코 (ZICO)'],"BERMUDA TRIANGLE (Feat. Crush, DEAN)",BERMUDA TRIANGLE,"106,496",30113165
34,-21,['세정'],꽃길 (Prod. By ZICO),Jelly box 꽃길 (Prod. By 지코(ZICO)) 세정,"152,303",30105590
35,New,['정준하 X ZICO'],지칠 때면 (Feat. 김종완 of Nell),무한도전 위대한 유산,"31,074",30179093
36,-18,['아이오아이 (I.O.I)'],너무너무너무,miss me?,"113,959",30040810
37,-17,['박재범'],"All I Wanna Do (K) (Feat. Hoody, Loco)",EVERYTHING YOU WANTED,"153,915",30049271
38,-15,['임창정'],내가 저지른 사랑,I`M,"220,823",9631530
39,-20,['태연 (TAEYEON)'],11:11,11:11,"140,717",30072072
40,New,['박명수 X 딘딘'],독도리 (Feat. 매드클라운),무한도전 위대한 유산,"22,244",30179091
41,-12,['어반자카파'],널 사랑하지 않아,스틸,"187,987",8199190
42,-12,['방탄소년단'],피 땀 눈물,WINGS,"275,937",30029173
43,-18,['박효신'],숨,I am A Dreamer,"200,090",30011624
44,-8,['Red Velvet (레드벨벳)'],러시안 룰렛 (Russian Roulette),Russian Roulette - The 3rd Mini Album,"160,064",9634954
45,New,['AOA'],Excuse Me,AOA 1st Album ANGEL`S KNOCK,"42,306",30179099
46,-12,['정승환'],너였다면,또 오해영 OST Part.5,"182,136",8203900
47,-3,['TWICE (트와이스)'],CHEER UP,PAGE TWO,"215,356",8158031
48,+10,['볼빨간사춘기'],You(=I),Full Album RED PLANET,"101,611",9620471
49,-7,['DEAN'],D (half moon) (Feat. 개코),130 mood : TRBL,"215,612",8109412
50,New,"['다이나믹 듀오', '첸 (CHEN)']",기다렸다 가,Mixxxture Project Vol.1,"107,117",30215199
51,+30,"['Ryan Gosling', 'Emma Stone']","City Of Stars (From ""La La Land"" Soundtrack)",라라 랜드 OST,"109,963",30102883
52,New,['비'],최고의 선물 (Prod. by PSY),최고의 선물,"34,692",30202716
53,-7,['BLACKPINK'],휘파람,SQUARE ONE,"129,041",8304594
54,+19,['EXO'],For Life,"For Life - 겨울 스페셜 앨범, 2016","116,692",30157820
55,-3,['엠씨더맥스'],어디에도,pathos,"197,386",8033528
56,-28,['로꼬'],남아있어 (Feat. Crush),남아있어,"78,658",30063772
57,New,['AKMU (악동뮤지션)'],리얼리티,사춘기 하 (思春記 下),"34,304",30181277
58,-19,['Crush'],어떻게 지내,wonderlust,"128,034",30038185
59,-14,['어반자카파'],목요일 밤 (Feat. 빈지노),목요일 밤,"114,768",9613173
60,-28,['다비치'],내 옆에 그대인 걸,50 X HALF,"61,102",30035555
61,New,['아이오아이 (I.O.I)'],소나기,소나기,"159,385",30208070
62,-6,['BewhY (비와이)'],Day Day (Feat. 박재범) (Prod. by GRAY),쇼미더머니 5 Episode 4,"110,598",8261338
63,-30,['MC몽'],널 너무 사랑해서 (Feat. 정은지 of 에이핑크),U.F.O,"40,962",30072075
64,-14,['EXO'],Monster,EX`ACT - The 3rd Album,"166,319",8217164
65,-17,['헤이즈 (Heize)'],"And July (Feat. DEAN, DJ Friz)",And July,"133,719",8271355
66,-35,['지아'],술 한잔해요 오늘,술 한잔해요 오늘,"28,361",30126870
67,-16,"['C JAMM', 'BewhY (비와이)']",puzzle,puzzle,"102,201",8308231
68,-8,['Sam Smith'],I`m Not The Only One,In The Lonely Hour,"218,002",4660794
69,-28,['성시경'],어디선가 언젠가,푸른 바다의 전설 OST Part.5,"25,286",30139562
70,New,"['로이킴', '김이지']",HEAVEN,도깨비 OST Part.12,"28,929",30203902
71,-1,['권진아'],끝,웃긴 밤,"109,271",9646572
72,New,['마마무(Mamamoo)'],LOVE,도깨비 OST Part.13,"36,898",30203331
73,-36,['매드클라운'],거짓말 (Feat. 이해리 Of 다비치),거짓말,"41,478",30115011
74,-6,['방탄소년단'],불타오르네 (FIRE),화양연화 Young Forever,"218,185",8167307
75,-21,['에일리'],If You,If You,"72,108",9609354
76,-10,['정준일'],안아줘,Lo9ve3r4s,"197,453",3620493
77,-18,['EXO'],Lotto,LOTTO - The 3rd Album Repackage,"128,628",9606657
78,New,['헤이즈 (Heize)'],Round and round (Feat. 한수지),도깨비 OST Part.14,"43,744",30213419
79,-32,['신용재'],빌려줄게,EMPATHY,"65,654",30035184
80,-15,['BewhY (비와이)'],Forever (Prod. By GRAY),쇼미더머니 5 Episode 3,"104,480",8252408
81,-28,['거미'],구르미 그린 달빛,구르미 그린 달빛 OST Part.3,"68,610",9629220
82,New,['신현희와김루트'],오빠야,신현희와김루트,"128,163",5605860
83,-12,['여자친구 (GFRIEND)'],너 그리고 나 (NAVILLERA),여자친구 The 1st Album `LOL`,"110,083",8262125
84,-29,['젝스키스'],세 단어,세 단어,"79,208",30025065
85,+12,['EXO'],Falling For You,"For Life - 겨울 스페셜 앨범, 2016","80,475",30157821
86,-11,['EXO'],Lucky One,EX`ACT - The 3rd Album,"111,748",8217163
87,New,['AKMU (악동뮤지션)'],그때 그 아이들은,사춘기 하 (思春記 下),"50,770",30181283
88,-6,['Justin Bieber'],Love Yourself,Purpose (Deluxe),"210,500",7931286
89,New,"['V', '진']",죽어도 너야,화랑 OST Part.2,"76,590",30159661
90,-41,['윤미래'],그대라는 세상,푸른 바다의 전설 OST Part.2,"21,269",30113197
91,-51,['긱스 (Geeks)'],"가끔 (Feat. Crush, 기리보이)","가끔 (Feat. Crush, 기리보이)","46,692",30088156
92,New,['2NE1'],안녕,안녕,"29,274",30215217
93,New,"['마크툽 (MAKTUB)', '구윤회']",Marry Me,마크툽 프로젝트 Vol.03,"172,878",4786735
94,-25,['젝스키스'],커플 (2016),2016 Re-ALBUM,"29,104",30126971
95,New,['EXO'],What I Want For Christmas,"For Life - 겨울 스페셜 앨범, 2016","74,214",30157822
96,New,['김나영'],널 미워하지 않길 (Prod. By 하동균),널 미워하지 않길,"19,652",30177184
97,New,['AKMU (악동뮤지션)'],집에 돌아오는 길,사춘기 하 (思春記 下),"29,110",30181282
98,+1,['이선희'],바람꽃,푸른 바다의 전설 OST Part.6,"19,827",30153027
99,New,['AKMU (악동뮤지션)'],못생긴 척,사춘기 하 (思春記 下),"24,137",30181279
100,-73,['San E'],나쁜X (BAD YEAR),나쁜X (BAD YEAR),"39,636",30113169
