﻿rank,rank_change,singer,title,album,like,song_code
1,+9,['볼빨간사춘기'],우주를 줄게,Full Album RED PLANET,"251,441",9620469
2,-1,['임창정'],내가 저지른 사랑,I`M,"220,823",9631530
3,+69,['박효신'],숨,I am A Dreamer,"200,090",30011624
4,-2,['한동근'],이 소설의 끝을 다시 써보려 해,The 1st Digital Single `이 소설의 끝을 다시 써보려 해`,"216,534",5398990
5,-0,['Red Velvet (레드벨벳)'],러시안 룰렛 (Russian Roulette),Russian Roulette - The 3rd Mini Album,"160,064",9634954
6,+2,['한동근'],그대라는 사치,The 3rd Digital Single `그대라는 사치`,"170,315",9614761
7,+14,['헤이즈 (Heize)'],돌아오지마 (Feat. 용준형 Of 비스트),돌아오지마,"174,034",8143111
8,New,['Crush'],어떻게 지내,wonderlust,"128,034",30038185
9,New,['다비치'],내 옆에 그대인 걸,50 X HALF,"61,102",30035555
10,New,['아이오아이 (I.O.I)'],너무너무너무,miss me?,"113,959",30040810
11,-4,['거미'],구르미 그린 달빛,구르미 그린 달빛 OST Part.3,"68,610",9629220
12,+61,['볼빨간사춘기'],나만 안되는 연애,Full Album RED PLANET,"178,491",9620473
13,-10,['어반자카파'],목요일 밤 (Feat. 빈지노),목요일 밤,"114,768",9613173
14,+8,"['유재석', 'EXO']",Dancing King,Dancing King - SM STATION,"121,842",9647324
15,New,['젝스키스'],세 단어,세 단어,"79,208",30025065
16,-10,['에일리'],If You,If You,"72,107",9609354
17,-13,['BLACKPINK'],휘파람,SQUARE ONE,"129,041",8304594
18,-7,['어반자카파'],널 사랑하지 않아,스틸,"187,987",8199190
19,New,['방탄소년단'],피 땀 눈물,WINGS,"275,937",30029173
20,+5,['성시경'],"다정하게, 안녕히",구르미 그린 달빛 OST Part.5,"48,540",9646401
21,-12,"['C JAMM', 'BewhY (비와이)']",puzzle,puzzle,"102,201",8308231
22,-6,['존박'],네 생각,네 생각,"99,243",8268275
23,New,['Apink (에이핑크)'],내가 설렐 수 있게,Pink Revolution,"55,498",30005102
24,New,['TWICE (트와이스)'],TT,TWICEcoaster : LANE 1,"191,539",30054344
25,-8,['TWICE (트와이스)'],CHEER UP,PAGE TWO,"215,356",8158031
26,-14,"['첸 (CHEN)', '백현 (BAEKHYUN)', '시우민 (XIUMIN)']",너를 위해,달의 연인 - 보보경심 려 OST Part 1,"121,894",9611490
27,-14,['BewhY (비와이)'],Day Day (Feat. 박재범) (Prod. by GRAY),쇼미더머니 5 Episode 4,"110,598",8261338
28,+3,['헤이즈 (Heize)'],"And July (Feat. DEAN, DJ Friz)",And July,"133,719",8271355
29,New,['엠씨더맥스'],그대 그대 그대,Pathos Tour Live Album,"44,656",30024794
30,-16,['여자친구 (GFRIEND)'],너 그리고 나 (NAVILLERA),여자친구 The 1st Album `LOL`,"110,083",8262125
31,-5,['DEAN'],D (half moon) (Feat. 개코),130 mood : TRBL,"215,612",8109412
32,+2,['정승환'],너였다면,또 오해영 OST Part.5,"182,136",8203900
33,-18,['원더걸스'],Why So Lonely,Why So Lonely,"129,133",8254545
34,New,['박효신'],Home,I am A Dreamer,"69,481",30017602
35,New,['신용재'],빌려줄게,EMPATHY,"65,654",30035184
36,-16,['BewhY (비와이)'],Forever (Prod. By GRAY),쇼미더머니 5 Episode 3,"104,480",8252408
37,New,['박보검'],내 사람,구르미 그린 달빛 OST Part.11,"56,316",30029565
38,-20,"['소유 (SOYOU)', '유승우']",잠은 다 잤나봐요,구르미 그린 달빛 OST Part.1,"38,949",9611296
39,New,['볼빨간사춘기'],심술,Half Album RED ICKLE,"126,722",8155478
40,+39,['인피니트'],태풍 (The Eye),INFINITE ONLY,"60,983",9647331
41,-9,['임창정'],또 다시 사랑,또 다시 사랑,"194,726",7861392
42,-9,['엠씨더맥스'],어디에도,pathos,"197,386",8033528
43,+26,['벤'],안갯길 (Prod. By 진영(B1A4)),구르미 그린 달빛 OST Part.4,"60,780",9644886
44,-3,['다비치'],그대를 잊는다는 건,달의 연인 - 보보경심 려 OST Part.4,"39,485",9631812
45,-16,['김범수'],사랑해요,함부로 애틋하게 OST Part.9,"52,782",8298424
46,New,['박효신'],Beautiful Tomorrow,I am A Dreamer,"52,617",30017605
47,-28,['스탠딩 에그'],여름밤에 우린,여름밤에 우린,"96,819",8295867
48,-13,['정준일'],안아줘,Lo9ve3r4s,"197,452",3620493
49,+47,"['케이윌', '매드클라운']",그게 뭐라고,빈티지박스 Vol.1,"34,741",30003393
50,-27,['보이비'],"호랑나비 (Feat. Gill, 리듬파워, 김흥국)",쇼미더머니 5 Episode 3,"55,449",8252409
51,-24,['EXO'],Lotto,LOTTO - The 3rd Album Repackage,"128,628",9606657
52,-12,['정준영'],공감 (Feat. 서영은),공감,"88,626",8065398
53,-29,['BLACKPINK'],붐바야,SQUARE ONE,"83,230",8304595
54,-17,['BewhY (비와이)'],The Time Goes On,Time Travel,"106,089",5620266
55,+43,['권진아'],끝,웃긴 밤,"109,271",9646572
56,New,['유승우'],너만이 (Feat. 헤이즈),너만이,"38,611",30006916
57,+28,['방탄소년단'],불타오르네 (FIRE),화양연화 Young Forever,"218,185",8167307
58,-22,['환희'],사랑이 아프다,함부로 애틋하게 OST Part.10,"36,609",8300695
59,New,['김영근'],탈진,슈퍼스타K 2016 #1,"35,161",30003331
60,+2,['Sam Smith'],I`m Not The Only One,In The Lonely Hour,"218,002",4660794
61,New,['에픽하이 (EPIK HIGH)'],내 마음 들리나요 (Feat. 이하이),달의 연인 - 보보경심 려 OST Part.6,"32,874",9648724
62,-10,['10CM'],스토커,3.0,"200,724",5466962
63,+24,['마마무(Mamamoo)'],NEW YORK,NEW YORK,"28,892",9644659
64,New,['볼빨간사춘기'],You(=I),Full Album RED PLANET,"101,611",9620471
65,-20,['정은지'],하늘바라기 (Feat. 하림),Dream,"135,739",8148487
66,-9,['Justin Bieber'],Love Yourself,Purpose (Deluxe),"210,500",7931286
67,-12,['EXO'],Monster,EX`ACT - The 3rd Album,"166,319",8217164
68,New,['다비치'],받는 사랑이 주는 사랑에게,50 X HALF,"31,127",30035554
69,-20,['벤'],꿈처럼,또 오해영 OST Part.2,"113,619",8174429
70,-40,['수퍼비'],냉탕에 상어 (Feat. 블랙넛),냉탕에 상어,"60,577",7899303
71,-13,"['로꼬', '펀치 (Punch)']",Say Yes,달의 연인 - 보보경심 려 OST Part 2,"52,307",9619959
72,New,['SHINee (샤이니)'],1 of 1,1 of 1 - The 5th Album,"36,268",30019698
73,New,['백지영'],Love Is Over,구르미 그린 달빛 OST Part.9,"10,719",30007157
74,New,['방탄소년단'],Lie,WINGS,"100,071",30029175
75,-47,['BOBBY'],꽐라,The MOBB,"40,507",9634953
76,-34,['백예린'],Bye bye my blue,Bye bye my blue,"156,205",8233373
77,New,['베이지'],그리워 그리워서 (라온 Ver.),구르미 그린 달빛 OST Part.8,"23,644",30006387
78,New,['에일리'],Home (Feat. 윤미래),A New Empire,"12,324",30019631
79,-15,['다비치'],이 사랑,태양의 후예 OST Part.3,"139,282",8071102
80,-42,['씨스타'],I Like That,沒我愛(몰아애),"46,867",8236055
81,-30,['여자친구 (GFRIEND)'],시간을 달려서 (Rough),여자친구 3rd Mini Album `SNOWFLAKE`,"152,983",8028701
82,-12,['이적'],걱정말아요 그대,응답하라 1988 OST Part.2,"160,607",7921208
83,-0,['EXO'],Lucky One,EX`ACT - The 3rd Album,"111,748",8217163
84,-30,['박경'],자격지심 (Feat. 은하 Of 여자친구),자격지심,"112,408",8184472
85,New,['김나영'],꺼내본다,The First Album `From The Heart`,"31,954",30043157
86,New,['10CM'],길어야 5분,3.3,"18,581",30029961
87,New,['아이오아이 (I.O.I)'],잠깐만,miss me?,"49,363",30040811
88,New,['방탄소년단'],Stigma,WINGS,"92,708",30029176
89,New,['방탄소년단'],21세기 소녀,WINGS,"96,726",30029184
90,-51,['아이오아이 (I.O.I)'],Whatta Man (Good man),Whatta Man,"54,535",8304617
91,-25,['거미'],You Are My Everything,태양의 후예 OST Part.4,"119,202",8089568
92,-21,['Crush'],잊어버리지마 (Feat. 태연),잊어버리지마,"156,910",8026677
93,-50,['MINO (송민호)'],몸,The MOBB,"66,297",9637758
94,-44,"['사이먼 도미닉', 'GRAY (그레이)', 'ONE']",맘 편히 (Comfortable),쇼미더머니 5 Episode 2,"80,519",8243823
95,New,['방탄소년단'],Begin,WINGS,"88,145",30029174
96,-36,['비스트'],리본 (Ribbon),Highlight,"75,743",8252588
97,New,['이하이'],내 사랑 (MY LOVE),달의 연인 - 보보경심 려 OST Part.10,"24,419",30016905
98,-54,['#Gun'],미친놈 (Feat. 제시),쇼미더머니 5 Episode 4,"36,959",8261334
99,-31,['이하이'],한숨,SEOULITE,"227,220",8086947
100,New,['방탄소년단'],Lost,WINGS,"100,902",30029181
