﻿rank,rank_change,singer,title,album,like,song_code
1,New,['버스커 버스커'],벚꽃 엔딩,버스커 버스커 1집,"343,122",3753304
2,New,['버스커 버스커'],첫사랑,버스커 버스커 1집,"98,033",3753302
3,New,['버스커 버스커'],여수 밤바다,버스커 버스커 1집,"140,276",3753303
4,-0,['BIGBANG'],FANTASTIC BABY,빅뱅 미니앨범 5집 `ALIVE`,"88,413",3715676
5,New,['허각'],나를 사랑했던 사람아,LACRIMOSO,"91,315",3758104
6,New,['씨스타'],나혼자 (Alone),ALONE,"56,014",3763493
7,New,['버스커 버스커'],이상형,버스커 버스커 1집,"33,313",3743293
8,New,['태연 (TAEYEON)'],미치게 보고싶은,더킹 투하츠 OST Part.1,"32,081",3750173
9,New,['버스커 버스커'],꽃송이가,버스커 버스커 1집,"82,500",3753309
10,New,['버스커 버스커'],외로움증폭장치 (브래드 드럼 한판 쉬기),버스커 버스커 1집,"54,562",3753305
11,+2,['2AM'],너도 나처럼,F.Scott Fitzgerald`s Way Of Love,"24,649",3731994
12,New,['4minute'],Volume Up,Volume Up,"21,192",3764899
13,-11,['에일리'],Heaven,Heaven,"69,395",3701333
14,New,['CNBLUE (씨엔블루)'],Hey You,EAR FUN,"19,529",3747933
15,New,"['양파', '다비치', 'HANNA']",사랑은 다 그런거래요,Together,"18,906",3759927
16,New,['버스커 버스커'],전활 거네,버스커 버스커 1집,"31,409",3753308
17,-16,['BIGBANG'],BLUE,빅뱅 미니앨범 5집 `ALIVE`,"80,655",3715672
18,+56,['SHINee (샤이니)'],Sherlock.셜록 (Clue+Note),`Sherlock` SHINee The 4th Mini Album,"47,102",3735693
19,+26,['린'],곰인형 (Feat. 해금),LoveFiction,"54,637",3736176
20,New,['버스커 버스커'],골목길 어귀에서,버스커 버스커 1집,"30,332",3753307
21,-16,['BIGBANG'],BAD BOY,빅뱅 미니앨범 5집 `ALIVE`,"59,940",3715674
22,New,['넬 (NELL)'],"그리고, 남겨진 것들",Slip Away,"40,184",3765798
23,New,['버스커 버스커'],향수,버스커 버스커 1집,"39,044",3753310
24,+1,['김수현'],그대 한 사람,해를 품은 달 OST Part.6,"32,106",3733443
25,New,['용감한 녀석들'],기다려 그리고 준비해,용감한 녀석들,"15,282",3747293
26,-23,['미쓰에이'],Touch,Touch,"16,929",3713013
27,New,['신화'],Venus,The Return,"22,470",3745234
28,New,['버스커 버스커'],골목길,버스커 버스커 1집,"9,211",3753306
29,New,['수펄스'],Fame (Fame OST),SBS K팝 스타 Special No.2,"8,349",3750466
30,New,['케이윌'],사랑이 운다,더킹 투하츠 OST Part.2,"8,902",3767703
31,New,['버스커 버스커'],봄바람,버스커 버스커 1집,"31,094",3753301
32,+14,['CNBLUE (씨엔블루)'],아직 사랑한다,EAR FUN,"11,003",3736524
33,New,['박지민'],Over The Rainbow (영화 `오즈의 마법사` OST),SBS K팝 스타 Top 7,"12,604",3747899
34,+32,"['양요섭', '정은지']",LOVE DAY,`A Cube` For Season # Green,"79,415",3734735
35,-28,['케이윌'],니가 필요해 (I Need You),니가 필요해 (I Need You),"41,948",3706380
36,New,['백지영'],한참 지나서,옥탑방 왕세자 OST Part.1,"17,298",3744700
37,-27,['존박'],Falling,Knock,"58,428",3714473
38,New,['배치기'],두 마리,두 마리,"24,298",3763333
39,-31,['BIGBANG'],사랑먼지,빅뱅 미니앨범 5집 `ALIVE`,"32,656",3715673
40,New,"['거미', '바비 킴']",요즘 사람들,러브 레시피 II,"4,734",3759413
41,-15,['Maroon 5'],Moves Like Jagger (Feat. Christina Aguilera) (Studio Recording From The Voice Performance),Moves Like Jagger,"71,309",3457091
42,-33,['다비치'],생각날거야,LOVE CALL (With 다비치),"19,095",3699257
43,-37,['린'],시간을 거슬러,해를 품은 달 OST Part.2,"20,875",3678813
44,New,['노을'],떠나간다,떠나간다,"18,971",3772625
45,-31,['티아라'],Lovey-Dovey,Funky Town,"29,276",3663978
46,New,['서인국'],밀고 당겨줘 (Tease Me),Perfect Fit,"15,620",3768214
47,New,['가인'],너만은 모르길,윤일상 작곡가 21주년 기념 앨범 I`m 21 Part.4,"5,113",3741493
48,-32,['블락비 (Block B)'],난리나,Welcome to the BLOCK,"41,676",3692955
49,-32,['10CM'],애상,윤일상 작곡가 21주년 기념 앨범 I`m 21,"66,766",3666573
50,New,['Maroon 5'],Payphone (Feat. Wiz Khalifa),Payphone,"95,952",3774133
51,+3,['2AM'],내꺼였는데,F.Scott Fitzgerald`s Way Of Love,"8,094",3731993
52,-40,['SE7EN'],내가 노래를 못해도,Se7en New Mini Album,"18,158",3691429
53,-42,['FTISLAND (FT아일랜드)'],지독하게,Grown-Up,"33,481",3689468
54,New,"['사이먼 도미닉', '레이디 제인']",여섯시 반,여섯시 반,"10,871",3754180
55,-40,['BIGBANG'],재미없어,빅뱅 미니앨범 5집 `ALIVE`,"22,247",3715675
56,-25,['Adele'],Rolling In The Deep,21,"75,591",3143265
57,-33,['아이유'],너랑 나,Last Fantasy,"116,384",3625504
58,-35,['트러블메이커'],Trouble Maker,Trouble Maker,"38,877",3630755
59,New,['박진영'],다른 사람 품에 안겨서 (Someone Else) (Duet With 가인),Spring 새로운 사랑에게 보내는 다섯곡의 노래,"11,549",3779252
60,New,['걸스데이'],Oh! My God,Everyday II,"8,319",3771082
61,New,['이하이'],너를 위해 (임재범),SBS K팝 스타 Special No.1,"9,505",3740633
62,-23,['이승철'],잊었니,신들의 만찬 OST Part.1,"23,353",3710333
63,New,['백아연'],보고싶다 (김범수),SBS K팝 스타 Top 4,"5,878",3772553
64,-36,"['나윤권', '백지영']",겁이 나서,겁이 나서,"20,542",3698565
65,-23,['EXID'],WHOZ THAT GIRL,HOLLA,"28,554",3709444
66,-32,['노을'],그리워 그리워,그리움,"64,297",3585793
67,New,['J.Lee'],사랑이 서럽다,MBC 뮤직 `그 여자 작사 그 남자 작곡` Part.2 준호-김소은,"6,877",3764815
68,New,['이승훈'],어머니의 된장국 (다이나믹듀오),SBS K팝 스타 Top 6,"6,405",3756958
69,-25,['디셈버'],이 노랠 빌려서 (Feat. 이로울 & 아이린),PS. I Love U,"5,465",3728116
70,-50,['효린'],널 사랑하겠어,사랑을 보다 2 OST,"31,114",3681993
71,-16,['LMFAO'],Party Rock Anthem (Feat. Lauren Bennett & Goon Rock),Party Rock Anthem,"23,090",3135148
72,-43,['다이나믹 듀오'],거기서거기 (Without You),Dynamicduo 6th Digilog 2/2,"55,711",3665143
73,New,['장희영'],Love Is Pain (Feat. 길미),Starting Is Over,"2,612",3759384
74,New,['MC 스나이퍼'],할 수 있어 (With. 이루마),Full Time,"13,975",3770034
75,New,['제이세라'],그대와 나,조영수 All Star - 제이세라,"4,768",3755945
76,-58,['써니힐'],베짱이 찬가,The Grasshoppers,"25,524",3675692
77,-18,"['LMFAO', 'Steve Aoki']",Livin' My Love (개그콘서트 `시청률의 제왕` 삽입곡),Livin` My Love,"14,470",3671433
78,-59,['비스트'],이럴 줄 알았어,이럴 줄 알았어,"33,201",3685853
79,New,['박효신'],이상하다 (Acoustic Ver.),Gift E.C.H.O,"45,381",3743327
80,New,['써니힐'],백마는 오고 있는가,백마는 오고 있는가,"7,549",3775013
81,New,['윤현상'],이별 참 못할 짓이더라,SBS K팝 스타 Special No.1,"24,630",3740634
82,New,['이하이'],Love (키샤콜),SBS K팝 스타 Top 5,"9,833",3765097
83,-40,['Rachael Yamagata'],Be Be Your Love,100 Love Songs Vol.1,"26,419",1564091
84,+5,['레드애플'],SADNESS,SADNESS,"4,669",3730641
85,New,['이하이'],시간이 흐른뒤 (윤미래),SBS K팝 스타 Top 4,"11,823",3772555
86,-25,['Bueno Clinic'],Sex Apeal (Max Farenthide Radio Edit) (Feat. Mike W.),Sex Apeal,"25,240",3559879
87,+1,['B1A4'],BABY I`M SORRY,THE B1A4Ⅰ`IGNITION`,"14,403",3734722
88,New,['나윤권'],아름다워,아름다워,943,3760662
89,New,['EXO-K'],MAMA,`MAMA` EXO-K The 1st Mini Album,"71,126",3764993
90,New,['스피카'],Painkiller,Painkiller,"4,499",3752275
91,New,['나비'],그대여서 (Feat. 노을),Together Forever Vol.2,"4,423",3751267
92,-27,['Pixie Lott'],"Mama Do (Uh Oh, Uh Oh)","Mama Do (Uh Oh, Uh Oh)","12,791",2220302
93,New,['티파니 (TIFFANY)'],그대니까요,사랑비 OST Third Single,"3,001",3766252
94,New,['어반자카파'],Beautiful Day,Beautiful Day,"40,212",3758053
95,New,['백아연'],Run Devil Run (소녀시대),SBS K팝 스타 Top 5,"1,953",3765095
96,-75,['BIGBANG'],날개 (대성 SOLO),빅뱅 미니앨범 5집 `ALIVE`,"20,622",3715677
97,New,['나윤권'],사랑은 비처럼,사랑비 OST First Single,"3,046",3749037
98,-76,['케이윌'],내가 싫다,내가 싫다,"14,023",3689060
99,New,['이하이'],Mercy (Duffy),SBS K팝 스타 Special No.2,"9,227",3750468
100,-13,['2BIC(투빅)'],또 한 여잘 울렸어,또 한 여잘 울렸어,"16,126",3731033
