﻿rank,rank_change,singer,title,album,like,song_code
1,+61,['2NE1'],그리워해요,그리워해요,"72,952",4328659
2,New,['효린'],너 밖에 몰라 (One Way Love),LOVE&HATE,"26,732",4333566
3,-0,['성시경'],너에게,응답하라 1994 OST Part 2,"94,341",4300699
4,New,"['서인국', '지아']",이별남녀,이별남녀,"44,513",4342054
5,New,"['휘성 (Realslow)', '거미']",Special Love,Special Love,"43,902",4340421
6,+11,['다비치'],편지,DAVICHI CODE,"44,792",4309790
7,+86,['San E'],이별식탁 (Feat. 산체스 Of 팬텀),`Not` Based On The True Story,"47,794",4328770
8,+2,['미쓰에이'],Hush,Hush,"33,019",4308010
9,New,['어반자카파'],코끝에 겨울,[03],"67,106",4333791
10,+21,['허각'],향기만 남아,Reminisce,"46,890",4312933
11,-6,['에일리'],눈물이 맘을 훔쳐서,비밀 OST Part.5,"61,483",4296990
12,New,"['성시경', '박효신', '서인국', 'VIXX (빅스)', '여동생']",겨울 고백,Jelly Christmas 2013,"70,773",4354180
13,New,['Lim Kim'],행복한 나를,응답하라 1994 OST Part 5,"36,105",4340248
14,+8,['박효신'],It`s You,미래의 선택 OST Part 4,"38,267",4314704
15,New,['EXO'],12월의 기적 (Miracles In December),겨울 스페셜 앨범 `12월의 기적 (Miracles In December)`,"151,107",4347674
16,New,['노을'],잊혀진다는 거,흔적,"34,776",4336120
17,-16,['트러블메이커'],내일은 없어,Chemistry,"40,999",4294284
18,+17,['이적'],거짓말 거짓말 거짓말,고독의 의미,"98,735",4312955
19,New,['하이니 (HiNi)'],가질 수 없는 너,응답하라 1994 OST Part 4,"32,520",4330549
20,+20,['T.O.P'],DOOM DADA,DOOM DADA,"37,878",4320843
21,+5,['노을'],밤이 오는 거리 (Feat. 다이나믹듀오),밤이 오는 거리,"24,231",4317286
22,-1,['태양'],링가 링가 (RINGA LINGA),RINGA LINGA,"34,536",4300927
23,New,['휘성 (Realslow)'],가슴 시린 이야기 (Feat. 용준형 Of Beast),가슴 시린 이야기,"63,563",3174148
24,-20,['박지윤'],미스터리 (Feat. San E),미스터 (Mr.),"50,064",4282710
25,New,['크레용팝'],꾸리스마스,꾸리스마스,"16,427",4333556
26,-15,['San E'],"어디서 잤어 (Feat. 버벌진트, 스윙스)",어디서 잤어,"32,018",4307957
27,-18,['아이유'],분홍신,Modern Times,"94,165",4268435
28,-14,"['소유 (SOYOU)', '매드클라운']",착해 빠졌어 (Stupid In Love),착해 빠졌어 (Stupid In Love),"126,144",4237755
29,-27,['형용돈죵 (정형돈 & G-DRAGON)'],해볼라고,무한도전 자유로 가요제,"46,725",4302973
30,New,['박정현'],마음으로만,상속자들 OST Part 8,"35,001",4338307
31,New,['효린'],Lonely,LOVE&HATE,"14,468",4328661
32,New,['아이유'],금요일에 만나요 (Feat. 장이정 Of HISTORY),Modern Times - Epilogue,"215,255",4369827
33,-18,['임창정'],나란놈이란,나란놈이란,"87,104",4249547
34,-15,['이창민'],Moment,상속자들 OST Part 3,"37,984",4289386
35,New,['윤하 (YOUNHA)'],괜찮다,Subsonic,"36,559",4334090
36,New,['휘성 (Realslow)'],결혼까지 생각했어,Realslow Is Back,"44,626",2903041
37,-29,['케이윌'],촌스럽게 왜 이래 (You Don`t Know Love),Will In Fall,"47,777",4282578
38,New,"['성시경', '박효신', '이석훈', '서인국', 'VIXX (빅스)']",크리스마스니까,Jelly Christmas 2012 HEART PROJECT,"145,667",3973781
39,-21,['G-DRAGON'],삐딱하게 (Crooked),쿠데타 (COUP D`ETAT),"115,258",4232200
40,New,['빈지노 (Beenzino)'],"Dali, Van, Picasso","Dali, Van, Picasso","98,512",4366156
41,-28,['버스커 버스커'],처음엔 사랑이란게,버스커 버스커 2집,"121,144",4252728
42,-12,['EXO'],으르렁 (Growl),The 1st Album `XOXO` Repackage,"180,286",4193337
43,+3,['정키'],홀로 (Feat. 김나영),Break Up,"134,921",3893169
44,New,['이해리 (다비치)'],해바라기,불후의 명곡 - 전설을 노래하다 (박상민 편),"14,262",4341880
45,New,['브라운 아이드 소울'],너를,Thank Your Soul,"45,905",4367874
46,New,['효린'],스토커 (Feat. 매드클라운) (Stalker),LOVE&HATE,"20,776",4333568
47,New,"['범키', '버벌진트']",너에게만,듀스 20주년 헌정앨범 Part.6,"40,917",4362019
48,+48,['문명진'],또 운다,상속자들 OST Part 6,"21,876",4316862
49,-42,['하우두유둘 (유재석 & 유희열)'],Please Don`t Go My Girl (Feat. 김조한),무한도전 자유로 가요제,"32,058",4302974
50,-22,['레이디스 코드'],예뻐 예뻐,CODE#02 PRETTY PRETTY,"47,304",4230002
51,-31,['티아라'],넘버나인 (No.9),Again,"27,737",4271833
52,-15,['노을'],만약에 말야 (전우성 Solo),TIME FOR LOVE,"84,445",3953196
53,New,['루이 (긱스)'],"이 시간에 (Feat. 유성은, Young Luffy)",이 시간에,"29,245",4355880
54,+20,['Ylvis'],The Fox,The Fox,"41,150",4236972
55,-17,['프라이머리'],자니 (Feat. Dynamic Duo),자니,"155,966",3726617
56,-29,['정준영'],이별 10분 전,1st 미니앨범,"63,118",4271854
57,New,['Mariah Carey'],All I Want For Christmas Is You,Merry Christmas (Deluxe Anniversary Edition),"128,874",14776
58,+32,['B1A4'],그대와 함께,응답하라 1994 OST Part 3,"26,397",4311261
59,New,['San E'],전 여자친구에게 (Feat. 선우정아),`Not` Based On The True Story,"22,701",4328767
60,-36,['윤미래'],Touch Love,주군의 태양 OST Part.4,"76,926",4221128
61,-16,['로이킴'],서울 이곳은,응답하라 1994 OST Part 1,"31,358",4282611
62,New,"['케이윌', '씨스타', '보이프렌드']",눈사탕 (Snow Candy),Starship Planet 2013 (스타쉽플래닛),"10,100",4359820
63,New,['윤하 (YOUNHA)'],없어 (Feat. 이루펀트),Subsonic,"20,435",4334089
64,New,['디아'],날 위한 이별,응답하라 1994 OST Part 6,"37,037",4349964
65,-40,['버스커 버스커'],잘할 걸,버스커 버스커 2집,"67,635",4252726
66,-50,['브라운 아이드 소울'],Always be there,Always be there,"25,633",4298535
67,+25,['김범수'],끝사랑,Solista Part.2,"110,177",3436083
68,New,"['정우', '유연석', '손호준']",너만을 느끼며,응답하라 1994 OST Part 7,"26,538",4359786
69,-30,['San E'],아는사람 얘기,아는사람 얘기,"101,408",4192787
70,New,"['케이윌', '전우성 (노을)']",향수,이단옆차기 프로젝트 Vol.04,"14,080",4364332
71,New,['효린'],사랑 하지 마 (Don`t Love Me),LOVE&HATE,"9,702",4333567
72,New,['2AM'],후회할거야,NOCTURNE,"5,956",4335762
73,-61,['장미하관 (노홍철 & 장미여관)'],오빠라고 불러다오,무한도전 자유로 가요제,"26,261",4302976
74,New,['라디 (Ra. D)'],누군가 필요해 (Feat. BrotherSu),Wish me a merry Christmas,"9,036",4361940
75,New,['아이유'],미리 메리 크리스마스 (Feat. 천둥 Of MBLAQ),Real,"117,479",3053259
76,-24,['Apink (에이핑크)'],NoNoNo,Secret Garden,"96,567",4163116
77,New,['2AM'],그냥 있어줘,NOCTURNE,"7,585",4324755
78,-35,['G-DRAGON'],니가 뭔데 (Who You?),쿠데타 (COUP D`ETAT),"88,742",4226211
79,-30,['범키'],갖고놀래 (Feat. 다이나믹 듀오),갖고놀래,"88,986",4205993
80,New,"['40', '임정희']",영화처럼,영화처럼,"16,119",4347821
81,-20,['이적'],비포 선라이즈 (Duet With 정인),고독의 의미,"35,126",4312959
82,New,['EXO'],첫 눈,겨울 스페셜 앨범 `12월의 기적 (Miracles In December)`,"130,838",4352438
83,New,['티아라'],나 어떡해,Again 1977,"14,847",4344497
84,New,['EXO'],Christmas Day,겨울 스페셜 앨범 `12월의 기적 (Miracles In December)`,"84,987",4352435
85,New,['프리스타일'],Winter Song (Feat. Navi),Winter Song,"5,552",4354163
86,New,['시크릿'],I Do I Do,Gift From Secret,"9,438",4352364
87,New,['나인뮤지스'],글루 (Glue),Glue,"13,196",4345553
88,New,['VIXX (빅스)'],저주인형,VOODOO,"31,107",4327143
89,-57,['블락비 (Block B)'],Very Good,Very Good,"60,359",4262252
90,-39,['프라이머리'],"씨스루 (Feat. Zion.T, 개코 Of 다이나믹듀오)",Primary And The Messengers LP,"89,975",3948908
91,-9,['J.Lee'],같이 사랑했는데 (Duet With 하동균),이정 10주년 기념 앨범 Part 02 `Synergy`,"15,498",4314604
92,New,['휘성 (Realslow)'],With Me,It`s Real,"43,324",482653
93,New,['용준형'],Flower,Flower,"23,019",4353271
94,-61,['버스커 버스커'],사랑은 타이밍,버스커 버스커 2집,"57,296",4252727
95,New,['2BIC(투빅)'],Lonely Christmas,Lonely Christmas,"7,279",4347891
96,New,['신보라'],꽁꽁,꽁꽁,"8,729",4341846
97,New,['Lim Kim'],Goodbye 20,Goodbye 20,"18,315",4322567
98,-43,['이홍기 (FT아일랜드)'],말이야,상속자들 OST Part 1,"23,651",4270949
99,-57,['나비'],불치병 (Feat. 키비 Of 이루펀트),비밀 OST Part.1,"29,620",4262132
100,New,['언터쳐블'],배인 (VAIN) (Feat. Koonta Of Rude Paper),TRIP,"34,312",4312920
