﻿rank,rank_change,singer,title,album,like,song_code
1,+2,['임재현'],사랑에 연습이 있었다면 (Prod. 2soo),사랑에 연습이 있었다면,"191,121",31324607
2,+5,['Anne-Marie'],2002,Speak Your Mind (Deluxe),"304,359",31029291
3,+22,['다비치'],너에게 못했던 내 마지막 말은,너에게 못했던 내 마지막 말은,"121,820",31804010
4,New,['김나영'],솔직하게 말해서 나,솔직하게 말해서 나,"119,326",31854442
5,New,['이하이'],누구 없소 (NO ONE) (Feat. B.I of iKON),24℃,"67,494",31841027
6,+5,['Billie Eilish'],bad guy,"WHEN WE ALL FALL ASLEEP, WHERE DO WE GO?","213,590",31701428
7,-5,['방탄소년단'],작은 것들을 위한 시 (Boy With Luv) feat. Halsey,MAP OF THE SOUL : PERSONA,"344,805",31737197
8,-7,['잔나비'],주저하는 연인들을 위해,전설,"241,531",31666417
9,New,"['장혜진', '윤민수(바이브)']",술이 문제야,술이 문제야,"141,459",31870517
10,-6,['TWICE (트와이스)'],FANCY,FANCY YOU,"114,806",31754579
11,-6,['박효신'],Goodbye,Goodbye,"136,193",31777113
12,New,['Naomi Scott'],"Speechless (Full) (From ""Aladdin""/Soundtrack Version)",Aladdin (Original Motion Picture Soundtrack),"216,798",31815967
13,-4,['장범준'],노래방에서,장범준 3집,"159,149",31684636
14,+81,['송하예'],니 소식,니 소식,"172,548",31788850
15,-7,['태연 (TAEYEON)'],사계 (Four Seasons),사계 (Four Seasons),"203,840",31688205
16,New,['먼데이 키즈 (Monday Kiz)'],사랑이 식었다고 말해도 돼,사랑이 식었다고 말해도 돼,"90,837",31829536
17,-5,['케이시 (Kassy)'],그때가 좋았어,그때가 좋았어,"191,841",31524320
18,-12,['볼빨간사춘기'],"나만, 봄",사춘기집Ⅰ 꽃기운,"139,599",31709523
19,New,['어반자카파'],서울 밤 (feat. 빈지노),서울 밤,"58,511",31864770
20,+1,['WINNER'],AH YEAH (아예),WE,"89,738",31798464
21,-8,['첸 (CHEN)'],사월이 지나면 우리 헤어져요 (Beautiful goodbye),"사월, 그리고 꽃 - The 1st Mini Album","158,965",31706215
22,-4,['엠씨더맥스'],사계 (하루살이),Circular,"102,152",31532642
23,-13,['BLACKPINK'],Kill This Love,KILL THIS LOVE,"108,338",31717822
24,New,['우디 (Woody)'],대충 입고 나와,대충 입고 나와,"45,409",31835421
25,-2,['폴킴'],"모든 날, 모든 순간 (Every day, Every Moment)",`키스 먼저 할까요?` OST Part.3,"318,708",30962526
26,+1,['폴킴'],너를 만나,너를 만나,"249,511",31388145
27,-13,['엔플라잉 (N.Flying)'],옥탑방 (Rooftop),FLY HIGH PROJECT #2 `옥탑방`,"228,620",31532656
28,+10,['Lauv'],Paris In The Rain,I met you when I was 18. (the playlist),"182,428",31341518
29,-12,['ITZY (있지)'],달라달라,IT`z Different,"138,065",31606729
30,+51,['기리보이'],교통정리 (Feat. 헤이즈),교통정리,"79,930",31815490
31,-16,['볼빨간사춘기'],별 보러 갈래?,사춘기집Ⅰ 꽃기운,"81,887",31709524
32,New,"['Mena Massoud', 'Naomi Scott']","A Whole New World (From ""Aladdin""/Soundtrack Version)",Aladdin (Original Motion Picture Soundtrack),"108,083",31815962
33,-9,['엠씨더맥스'],넘쳐흘러,Circular,"143,525",31532643
34,-18,['장범준'],당신과는 천천히,장범준 3집,"100,657",31684634
35,-4,['청하'],벌써 12시,벌써 12시,"152,149",31532438
36,-16,['방탄소년단'],소우주 (Mikrokosmos),MAP OF THE SOUL : PERSONA,"190,535",31737198
37,New,['염따'],돈 Call Me (Prod.BRLLNT),Dingo X 염따,"70,514",31788828
38,-8,['방탄소년단'],봄날,YOU NEVER WALK ALONE,"459,265",30244931
39,-10,['케이시 (Kassy)'],진심이 담긴 노래 (True Song),진심이 담긴 노래 (True Song),"83,718",31699965
40,+2,['숀 (SHAUN)'],Way Back Home,Take,"285,362",31151836
41,+38,"['소유 (SOYOU)', '오반']",비가 오잖아,비가 오잖아,"37,329",31803557
42,+35,['홍진영'],오늘 밤에,Lots of Love,"51,099",31655897
43,-24,['잔나비'],뜨거운 여름밤은 가고 남은 건 볼품없지만,MONKEY HOTEL,"120,060",8298724
44,New,['기리보이'],"아퍼 (Feat. Kid Milli, Lil tachi, 김승민, NO:EL, C JAMM)",100년제전문대학,"83,019",31856628
45,-12,['우디 (Woody)'],이 노래가 클럽에서 나온다면,이 노래가 클럽에서 나온다면,"113,505",31576009
46,+4,['임한별'],이별하러 가는 길,이별하러 가는 길,"118,135",31304766
47,-21,['방탄소년단'],Make It Right,MAP OF THE SOUL : PERSONA,"167,298",31737199
48,-20,['백예린'],그건 아마 우리의 잘못은 아닐 거야,Our love is great,"127,993",31674786
49,-9,['방탄소년단'],IDOL,LOVE YOURSELF 結 `Answer`,"285,935",31266290
50,-28,['잔나비'],사랑하긴 했었나요 스쳐가는 인연이었나요 짧지않은 우리 함께했던 시간들이 자꾸 내 마음을 가둬두네,봉춤을 추네,"82,478",4848555
51,-6,['Ariana Grande'],7 rings,7 rings,"97,752",31567235
52,-11,['하은'],신용재,신용재,"124,876",31406357
53,New,['Red Velvet (레드벨벳)'],짐살라빔 (Zimzalabim),‘The ReVe Festival’ Day 1,"69,334",31872859
54,-15,['화사(Hwa Sa)'],멍청이(twit),멍청이(twit),"118,077",31608765
55,+11,['Jeremy Zucker'],comethru,"summer,","128,406",31621518
56,-19,['IZ*ONE (아이즈원)'],비올레타,HEART*IZ,"85,653",31706346
57,+10,['오마이걸'],다섯 번째 계절 (SSFWL),THE FIFTH SEASON,"77,944",31782686
58,-11,['폴킴'],초록빛,초록빛,"117,323",31565593
59,-25,['에픽하이 (EPIK HIGH)'],술이 달다 (Feat. Crush),sleepless in __________,"96,029",31658897
60,+1,['폴킴'],비,비,"241,281",8235260
61,-13,['벤'],180도,180˚,"154,605",31477685
62,-30,['마마무(Mamamoo)'],고고베베 (gogobebe),White Wind,"78,905",31668491
63,-20,"['Lil tachi', '호치키스 (김호진)']",눈 (Prod. 기리보이),고등래퍼3 팀대항전 Part 1,"99,861",31671295
64,-7,['Ariana Grande'],"thank u, next","thank u, next","136,966",31402611
65,-30,['방탄소년단'],Dionysus,MAP OF THE SOUL : PERSONA,"153,893",31737202
66,-10,['케이윌'],내 생에 아름다운,뷰티 인사이드 OST Part.4,"133,010",31373277
67,-12,['TWICE (트와이스)'],YES or YES,YES or YES,"142,347",31403163
68,-17,['이소라'],신청곡 (Feat. SUGA of BTS),신청곡 (Feat. SUGA of BTS),"185,421",31571110
69,-9,['닐로(Nilo)'],지나오다,About You,"218,050",30699142
70,New,['청하'],Snapping,Flourishing,"97,840",31879867
71,New,['전소미'],BIRTHDAY,BIRTHDAY,"55,054",31864628
72,New,['마크툽 (MAKTUB)'],오늘도 빛나는 너에게 (To You My Light) (Feat.이라온),Red Moon : To You My Light,"183,401",31853557
73,+17,['임한별'],오월의 어느 봄날 (Feat. 첸(CHEN)),오월의 어느 봄날,"49,508",31792360
74,-22,['윤건'],너도 그냥 날 놓아주면 돼,너도 그냥 날 놓아주면 돼,"112,745",31455159
75,-7,['EXO'],Love Shot,LOVE SHOT - The 5th Album Repackage,"166,194",31492319
76,-14,['노을'],너는 어땠을까,별,"87,019",31403156
77,-18,['양다일'],고백,고백,"128,453",31356458
78,-25,"['Jvcki Wai', '양홍원', 'Osshun Gum', '한요한']",띵 (Prod. By 기리보이),Dingo X Indigo Music,"120,380",31554317
79,-6,['허각'],흔한 이별,흔한 이별,"67,153",31453551
80,-4,['아이유'],밤편지,밤편지,"352,400",30314784
81,-37,['방탄소년단'],HOME,MAP OF THE SOUL : PERSONA,"135,391",31737200
82,-46,['박봄'],봄 (feat. 산다라박),Spring,"84,520",31663597
83,+8,['TWICE (트와이스)'],Dance The Night Away,Summer Nights,"157,718",31175119
84,-20,['아이유'],삐삐,삐삐,"241,408",31346009
85,New,['히키 (Hickee)'],사랑에 연습이 있었다면 (답가),사랑에 연습이 있었다면 (답가),"20,917",31843364
86,-40,['양다일'],이 밤,skepticism,"38,331",31764891
87,New,['김재환'],안녕하세요,Another,"75,426",31812139
88,-30,['제니 (JENNIE)'],SOLO,SOLO,"181,044",31417871
89,-35,['방탄소년단'],Jamais Vu,MAP OF THE SOUL : PERSONA,"133,256",31737201
90,New,"['Ed Sheeran', 'Justin Bieber']",I Don`t Care,No.6 Collaborations Project,"59,161",31788110
91,New,['공기남'],"Gloomy Star (Feat. 1ho, Chan)",Airman Morning Diaries #4,"44,605",31236055
92,New,['Will Smith'],"Arabian Nights (2019) (From ""Aladdin""/Soundtrack Version)",Aladdin (Original Motion Picture Soundtrack),"36,284",31815956
93,New,['Imagine Dragons'],Believer,Evolve,"154,393",30227238
94,-22,['벤'],열애중,RECIPE,"171,760",31062863
95,-15,['WINNER'],MILLIONS,MILLIONS,"137,279",31506637
96,-22,['MINO (송민호)'],아낙네,XX,"169,850",31448480
97,New,"['방탄소년단', 'Charli XCX']",Dream Glow (BTS WORLD OST Part.1),Dream Glow (BTS WORLD OST Part.1),"80,111",31854705
98,New,['Will Smith'],"Prince Ali (From ""Aladdin""/Soundtrack Version)",Aladdin (Original Motion Picture Soundtrack),"45,638",31815961
99,-11,['EXO'],Tempo,DON`T MESS UP MY TEMPO - The 5th Album,"186,564",31399721
100,-8,['볼빨간사춘기'],여행,Red Diary Page.2,"228,707",31093710
