﻿rank,rank_change,singer,title,album,like,song_code
1,New,['시크릿'],별빛달빛,별빛달빛,"20,964",3424822
2,+67,['아이유'],내 손을 잡아,최고의 사랑 OST Part.4,"41,538",3414749
3,+11,['비스트'],비가 오는 날엔,비가 오는 날엔,"108,445",3397448
4,-1,['2NE1'],Lonely,Lonely,"14,971",3397797
5,+33,['비스트'],Fiction,Fiction And Fact,"56,301",3403761
6,New,['허각'],나를 잊지 말아요,최고의 사랑 OST Part.5,"22,592",3424854
7,New,['포맨'],살다가 한번쯤,The Artist,"39,865",3427926
8,+78,['FTISLAND (FT아일랜드)'],Hello Hello,Return,"8,435",3411459
9,-5,['씨스타19'],Ma Boy (마보이),Ma Boy,"25,681",3385548
10,+36,['김연우'],나와 같다면 (김장훈),[서바이벌 나는 가수다] 경연3-2. `네티즌 추천곡`,"22,750",3411851
11,-10,['박봄'],Don`t Cry,Don`t Cry,"22,698",3373007
12,New,['옥주현'],천일동안 (이승환),[서바이벌 나는 가수다] 경연4-1. `내가 좋아하는 뮤지션의 곡 부르기`,"8,483",3422254
13,+15,['백지영'],보통,Pitta,"8,718",3403255
14,+25,['써니힐'],두근두근,최고의 사랑 OST Part.3,"20,669",3405381
15,+26,['임재범'],사랑,시티헌터 OST Part.1,"26,767",3408448
16,+39,['김범수'],늪 (조관우),[서바이벌 나는 가수다] 경연3-2. `네티즌 추천곡`,"9,643",3411852
17,+14,['F-ve Dolls'],이러쿵 저러쿵,Club Remix Time To Play,"7,372",3395649
18,New,['써니힐'],Midnight Circus,Midnight Circus,"13,706",3422448
19,-17,['f(x)'],피노키오 (Danger),`피노키오` f(x) The 1st Album,"18,364",3366160
20,-15,['애프터스쿨'],Shampoo,Virgin,"24,273",3379391
21,-15,['10CM'],아메리카노,아메리카노,"14,331",2793050
22,+2,['지나'],내 사람이라서,최고의 사랑 OST Part.2,"1,914",3394950
23,New,['f(x)'],Hot Summer,`Hot Summer` f(x) 1st Album Repackage,"28,950",3440448
24,-6,['임정희'],Golden Lady (Feat. 현아 Of 4Minute),Golden Lady,"15,839",3391560
25,-16,['김범수'],제발,[서바이벌 나는 가수다] 경연2. `서로의 노래 바꿔 부르기`,"22,230",3337773
26,+27,['임재범'],여러분 (윤복희),[서바이벌 나는 가수다] 경연3-2. `네티즌 추천곡`,"7,249",3411854
27,-17,['박정현'],이젠 그랬으면 좋겠네 (조용필),[서바이벌 나는 가수다] 경연3-1. `내가 부르고싶은 남의노래`,"6,011",3394454
28,New,['JK 김동욱'],조율,[서바이벌 나는 가수다] 경연4-2. `청중평가단 추천곡`,"8,296",3438954
29,New,['김범수'],네버엔딩 스토리 (부활),[서바이벌 나는 가수다] 경연4-1. `내가 좋아하는 뮤지션의 곡 부르기`,"2,445",3422248
30,-23,['BIGBANG'],LOVE SONG,빅뱅 스페셜에디션,"38,018",3349297
31,New,['김범수'],끝사랑,Solista Part.2,"110,176",3436083
32,-19,['걸스데이'],반짝반짝,Girl`s Day Party #3,"22,063",3319849
33,New,['2PM'],Hands Up,Hands Up,"11,616",3448185
34,-17,['디셈버'],미인,Beautiful Woman,"4,171",3389324
35,New,['장우혁'],시간이 멈춘 날 Time Is [L]over,I Am The Future,"3,924",3409948
36,-28,['임재범'],너를 위해,Story Of Two Years,"9,444",3680
37,-26,['4minute'],거울아 거울아,4Minutes Left,"8,466",3349210
38,+5,['허영생'],Let It Go (Feat. 현아),Let It Go,"3,416",3390248
39,-23,['김연우'],여전히 아름다운지,A Night In Seoul,"75,163",83437
40,New,['가비엔제이'],Everyday,가비효과,"1,124",3418959
41,New,['백지영'],아이캔`t 드링크,최고의 사랑 OST,"2,916",3441135
42,-30,['레인보우'],To Me (내게로..),So 女,"7,907",3352959
43,New,['장기하와 얼굴들'],그렇고 그런 사이,장기하와 얼굴들,"9,211",3434891
44,-23,['4minute'],Heart To Heart,Heart To Heart,"10,709",3339283
45,New,['백청강'],이별(離別)이 별이 되나봐,스타오디션 위대한 탄생 Part.8 - 자신이 가장 자신 있는 노래,"1,900",3422151
46,New,['이석훈'],고백,고백 (주먹이 운다 OST),"15,511",3426230
47,New,['김현중'],Break Down (Feat. Double K),Break Down,"1,379",3429749
48,-16,['케이윌'],리얼러브송,최고의 사랑 OST Part.1,"3,169",3389284
49,New,['김범수'],님과 함께,[서바이벌 나는 가수다] 경연4-2. `청중평가단 추천곡`,"1,231",3438948
50,New,['박정현'],그대 내 품에 (유재하),[서바이벌 나는 가수다] 경연4-1. `내가 좋아하는 뮤지션의 곡 부르기`,"2,701",3422250
51,-28,['김그림'],너 밖엔 없더라,Fly High,"11,092",3348066
52,New,['빅마마 소울'],눈물나게 사랑해,최고의 사랑 OST Part.6,237,3432248
53,New,['YB'],해야 (마그마),[서바이벌 나는 가수다] 경연4-1. `내가 좋아하는 뮤지션의 곡 부르기`,"1,031",3422252
54,-39,['BMK'],꽃피는 봄이오면,Soul Food,"54,317",672010
55,New,['차지연'],그대는 어디에,그대는 어디에,"2,082",3421348
56,+38,['박정현'],소나기 (부활),[서바이벌 나는 가수다] 경연3-2. `네티즌 추천곡`,"3,858",3411853
57,+27,['YB'],Run Devil Run (소녀시대),[서바이벌 나는 가수다] 경연3-2. `네티즌 추천곡`,"1,876",3411850
58,New,"['아이유', '김연아']",얼음꽃 (Feat. 김세황),얼음꽃,"48,338",3450190
59,New,['BMK'],삐에로는 우릴 보고 웃지 (김완선),[서바이벌 나는 가수다] 경연5-1. `내가 부르고 싶은 노래`,"1,777",3448852
60,New,['박정현'],바보 (박효신),[서바이벌 나는 가수다] 경연5-1. `내가 부르고 싶은 노래`,"2,941",3448851
61,-41,['오렌지 캬라멜'],방콕시티 (Bangkok City),방콕시티,"10,494",3341087
62,New,['보이프렌드'],Boyfriend (보이프렌드),Boyfriend,"3,061",3410248
63,New,['박정현'],내 낡은 서랍 속의 바다,[서바이벌 나는 가수다] 경연4-2. `청중평가단 추천곡`,"2,274",3438949
64,-45,['CNBLUE (씨엔블루)'],직감,FIRST STEP,"18,055",3169779
65,New,['2NE1'],내가 제일 잘 나가,내가 제일 잘 나가 (Digital Single),"23,296",3452769
66,New,['종현 (JONGHYUN)'],So Goodbye,시티헌터 OST Part.2,"10,931",3428363
67,+23,['BMK'],아름다운 강산 (이선희),[서바이벌 나는 가수다] 경연3-2. `네티즌 추천곡`,"1,809",3411849
68,-46,['BIGBANG'],STUPID LIAR,빅뱅 스페셜에디션,"27,585",3354527
69,-33,['김연우'],미련 (김건모),[서바이벌 나는 가수다] 경연3-1. `내가 부르고싶은 남의노래`,"2,926",3394449
70,-21,['Apink (에이핑크)'],몰라요,Seven Springs Of Apink,"35,459",3367970
71,New,['김연우'],You Are My Love,내게 거짓말을 해봐 OST Part.4,583,3433754
72,New,['BMK'],편지 (김광진),[서바이벌 나는 가수다] 경연4-1. `내가 좋아하는 뮤지션의 곡 부르기`,"3,034",3422249
73,New,['화요비'],유리,미스 리플리 OST Part.1,"1,452",3421107
74,New,['옥주현'],사랑이 떠나가네,[서바이벌 나는 가수다] 경연4-2. `청중평가단 추천곡`,827,3438951
75,New,['김현중'],제발 (Please),제발 (Please) (Digital Single),"1,222",3421091
76,New,['에이트'],그 입술을 막아본다,8eight,"14,584",3446888
77,-47,['UV'],이태원 프리덤 (With JYP),이태원 프리덤,"10,123",3337651
78,-18,['성시경'],처음,처음,"1,512",3409111
79,New,['장혜진'],슬픈인연 (나미),[서바이벌 나는 가수다] 경연5-1. `내가 부르고 싶은 노래`,"3,153",3448853
80,-18,"['JOO', '이특 (LEETEUK)']",아이스크림,아이스크림,"4,308",3401704
81,-9,['Jessica (제시카)'],눈물이 넘쳐서,로맨스 타운 OST Part.2,"1,315",3405362
82,-49,['클로버'],La Vida Loca (라 비다 로카),Classic Over,"3,188",3338948
83,New,['10CM'],사랑은 은하수 다방에서,1.0,"60,415",3136472
84,New,['김보경 (NEON)'],Suddenly,시티헌터 OST Part.4,"18,530",3441478
85,New,['JK 김동욱'],비상 (임재범),[서바이벌 나는 가수다] 경연4-1. `내가 좋아하는 뮤지션의 곡 부르기`,"1,356",3422253
86,New,['장재인'],장난감 병정들,데이 브레이커,669,3417060
87,New,['에이트'],그대는 정말 대단해요,그대는 정말 대단해요,"1,633",3439736
88,New,['이소라'],행복을 주는 사람,[서바이벌 나는 가수다] 경연4-2. `청중평가단 추천곡`,"2,548",3438953
89,-62,['케이윌'],가슴이 뛴다,가슴이 뛴다,"39,482",3172166
90,-64,['미쓰에이'],Love Alone,Love Alone,"2,945",3386750
91,New,['옥주현'],서시 (신성우),[서바이벌 나는 가수다] 경연5-1. `내가 부르고 싶은 노래`,957,3448850
92,New,['지선'],바람아 불어라,바람 (Wish),"1,761",3427168
93,-58,['지아'],들리나요,내 마음이 들리니 OST Part.1,"3,312",3364512
94,-69,['CNBLUE (씨엔블루)'],Love Girl (New Ver.),FIRST STEP +1 THANK YOU,"5,482",3379048
95,New,['버블 시스터즈'],피아노의 숲,Reminiscence,"1,099",3421092
96,New,"['Nari & Milani', 'Cristian Marchi']",I Got My Eye On You (Cristian Marchi & Paolo Sandrini Perfect Edit) (Feat. Luciana),I Got My Eye On You,"15,409",2992122
97,-45,['BIGBANG'],TONIGHT,빅뱅 미니앨범 4집,"36,244",3156950
98,New,['차지연'],그대는 어디에 (Feat. 임재범),그대는 어디에 (Feat. 임재범),"1,408",3443208
99,New,['김범수'],여름 안에서 (듀스),[서바이벌 나는 가수다] 경연5-1. `내가 부르고 싶은 노래`,752,3448849
100,New,['포맨'],내 여친,The Artist,"19,277",3429522
