﻿rank,rank_change,singer,title,album,like,song_code
1,New,['헤이즈 (Heize)'],저 별,저 별,"127,929",30132701
2,New,['BIGBANG'],에라 모르겠다,MADE,"165,610",30147445
3,+81,['정승환'],이 바보야,목소리,"120,536",30120986
4,+12,['마마무(Mamamoo)'],Decalcomanie (데칼코마니),MEMORY,"137,838",30079086
5,-4,['TWICE (트와이스)'],TT,TWICEcoaster : LANE 1,"191,539",30054344
6,New,"['찬열 (CHANYEOL)', '펀치 (Punch)']",Stay With Me,도깨비 OST Part.1,"202,552",30132687
7,+69,['지코 (ZICO)'],"BERMUDA TRIANGLE (Feat. Crush, DEAN)",BERMUDA TRIANGLE,"106,496",30113165
8,+11,"['김희철', '민경훈']",나비잠 (Sweet Dream),나비잠 (Sweet Dream) - SM STATION,"118,808",30105621
9,New,['BIGBANG'],LAST DANCE,MADE,"121,772",30147446
10,-6,['볼빨간사춘기'],우주를 줄게,Full Album RED PLANET,"251,441",9620469
11,-8,['BLACKPINK'],불장난,SQUARE TWO,"155,358",30069773
12,New,['Crush'],Beautiful,도깨비 OST Part 4,"201,763",30157753
13,+26,['세정'],꽃길 (Prod. By ZICO),Jelly box 꽃길 (Prod. By 지코(ZICO)) 세정,"152,303",30105590
14,+1,['볼빨간사춘기'],나만 안되는 연애,Full Album RED PLANET,"178,491",9620473
15,New,['BIGBANG'],GIRLFRIEND,MADE,"61,233",30147447
16,New,['볼빨간사춘기'],좋다고 말해,Full Album RED PLANET `Hidden Track`,"191,503",30163110
17,-6,['한동근'],그대라는 사치,The 3rd Digital Single `그대라는 사치`,"170,315",9614761
18,-13,['아이오아이 (I.O.I)'],너무너무너무,miss me?,"113,959",30040810
19,-17,['태연 (TAEYEON)'],11:11,11:11,"140,717",30072072
20,-0,['박재범'],"All I Wanna Do (K) (Feat. Hoody, Loco)",EVERYTHING YOU WANTED,"153,915",30049271
21,-15,['한동근'],이 소설의 끝을 다시 써보려 해,The 1st Digital Single `이 소설의 끝을 다시 써보려 해`,"216,534",5398990
22,-9,['헤이즈 (Heize)'],돌아오지마 (Feat. 용준형 Of 비스트),돌아오지마,"174,034",8143111
23,-16,['임창정'],내가 저지른 사랑,I`M,"220,823",9631530
24,New,['10CM'],내 눈에만 보여,도깨비 OST Part.2,"49,970",30143498
25,-13,['박효신'],숨,I am A Dreamer,"200,090",30011624
26,-2,['볼빨간사춘기'],심술,Half Album RED ICKLE,"126,722",8155478
27,+17,['San E'],나쁜X (BAD YEAR),나쁜X (BAD YEAR),"39,636",30113169
28,-19,['로꼬'],남아있어 (Feat. Crush),남아있어,"78,658",30063772
29,-7,['어반자카파'],널 사랑하지 않아,스틸,"187,987",8199190
30,-13,['방탄소년단'],피 땀 눈물,WINGS,"275,937",30029173
31,New,['지아'],술 한잔해요 오늘,술 한잔해요 오늘,"28,361",30126870
32,-22,['다비치'],내 옆에 그대인 걸,50 X HALF,"61,102",30035555
33,-25,['MC몽'],널 너무 사랑해서 (Feat. 정은지 of 에이핑크),U.F.O,"40,962",30072075
34,-3,['정승환'],너였다면,또 오해영 OST Part.5,"182,136",8203900
35,New,['아이유'],미리 메리 크리스마스 (Feat. 천둥 Of MBLAQ),Real,"117,480",3053259
36,-18,['Red Velvet (레드벨벳)'],러시안 룰렛 (Russian Roulette),Russian Roulette - The 3rd Mini Album,"160,064",9634954
37,New,['매드클라운'],거짓말 (Feat. 이해리 Of 다비치),거짓말,"41,478",30115011
38,New,['Lasse Lindh'],Hush,도깨비 OST Part.3,"83,644",30143605
39,-25,['Crush'],어떻게 지내,wonderlust,"128,034",30038185
40,-19,['긱스 (Geeks)'],"가끔 (Feat. Crush, 기리보이)","가끔 (Feat. Crush, 기리보이)","46,692",30088156
41,New,['성시경'],어디선가 언젠가,푸른 바다의 전설 OST Part.5,"25,286",30139562
42,-6,['DEAN'],D (half moon) (Feat. 개코),130 mood : TRBL,"215,612",8109412
43,New,"['성시경', '박효신', '이석훈', '서인국', 'VIXX (빅스)']",크리스마스니까,Jelly Christmas 2012 HEART PROJECT,"145,669",3973781
44,-12,['TWICE (트와이스)'],CHEER UP,PAGE TWO,"215,356",8158031
45,-22,['어반자카파'],목요일 밤 (Feat. 빈지노),목요일 밤,"114,768",9613173
46,-19,['BLACKPINK'],휘파람,SQUARE ONE,"129,041",8304594
47,-21,['신용재'],빌려줄게,EMPATHY,"65,654",30035184
48,-11,['헤이즈 (Heize)'],"And July (Feat. DEAN, DJ Friz)",And July,"133,719",8271355
49,New,['윤미래'],그대라는 세상,푸른 바다의 전설 OST Part.2,"21,269",30113197
50,-2,['EXO'],Monster,EX`ACT - The 3rd Album,"166,319",8217164
51,-17,"['C JAMM', 'BewhY (비와이)']",puzzle,puzzle,"102,201",8308231
52,-9,['엠씨더맥스'],어디에도,pathos,"197,386",8033528
53,-25,['거미'],구르미 그린 달빛,구르미 그린 달빛 OST Part.3,"68,610",9629220
54,-24,['에일리'],If You,If You,"72,107",9609354
55,-17,['젝스키스'],세 단어,세 단어,"79,208",30025065
56,-16,['BewhY (비와이)'],Day Day (Feat. 박재범) (Prod. by GRAY),쇼미더머니 5 Episode 4,"110,598",8261338
57,-28,"['슬옹', '조이 (JOY)']",이별을 배웠어 (Always In My Heart),이별을 배웠어 (Always In My Heart) - SM STATION,"62,379",30076504
58,-1,['볼빨간사춘기'],You(=I),Full Album RED PLANET,"101,611",9620471
59,-8,['EXO'],Lotto,LOTTO - The 3rd Album Repackage,"128,628",9606657
60,+1,['Sam Smith'],I`m Not The Only One,In The Lonely Hour,"218,002",4660794
61,+37,['린'],Love Story,푸른 바다의 전설 OST Part.1,"18,593",30099861
62,-27,['존박'],네 생각,네 생각,"99,243",8268275
63,New,['에디킴'],이쁘다니까,도깨비 OST Part.5,"91,869",30169608
64,New,['B1A4'],거짓말이야,GOOD TIMING,"47,133",30118815
65,-20,['BewhY (비와이)'],Forever (Prod. By GRAY),쇼미더머니 5 Episode 3,"104,480",8252408
66,-11,['정준일'],안아줘,Lo9ve3r4s,"197,452",3620493
67,+2,['어반자카파'],그런 밤,이번 주 아내가 바람을 핍니다 OST Part.3,"33,642",30084667
68,-14,['방탄소년단'],불타오르네 (FIRE),화양연화 Young Forever,"218,185",8167307
69,New,['젝스키스'],커플 (2016),2016 Re-ALBUM,"29,104",30126971
70,-8,['권진아'],끝,웃긴 밤,"109,271",9646572
71,-24,['여자친구 (GFRIEND)'],너 그리고 나 (NAVILLERA),여자친구 The 1st Album `LOL`,"110,083",8262125
72,-39,"['유재석', 'EXO']",Dancing King,Dancing King - SM STATION,"121,842",9647324
73,New,['EXO'],For Life,"For Life - 겨울 스페셜 앨범, 2016","116,692",30157820
74,New,['백아연'],그냥 한번 (Feat. JB Of GOT7),그냥 한번 (Feat. JB Of GOT7),"18,541",30124665
75,-7,['EXO'],Lucky One,EX`ACT - The 3rd Album,"111,748",8217163
76,-17,['김범수'],사랑해요,함부로 애틋하게 OST Part.9,"52,782",8298424
77,New,['Mariah Carey'],All I Want For Christmas Is You,Merry Christmas (Deluxe Anniversary Edition),"128,874",14776
78,-12,['Maroon 5'],Don`t Wanna Know (Feat. Kendrick Lamar),Red Pill Blues (Deluxe Edition),"68,709",30037874
79,New,['샘김 (Sam Kim)'],Who Are You,도깨비 OST Part.6,"93,817",30169383
80,New,['박원'],노력,1/24,"159,524",30099927
81,-3,['Justin Bieber'],Love Yourself,Purpose (Deluxe),"210,500",7931286
82,New,['세븐틴'],붐붐,Seventeen 3rd Mini Album `Going Seventeen`,"61,520",30132707
83,New,"['Ryan Gosling', 'Emma Stone']","City Of Stars (From ""La La Land"" Soundtrack)",라라 랜드 OST,"109,963",30102883
84,New,['Ariana Grande'],Santa Tell Me,Santa Tell Me,"146,275",5475060
85,-36,['비투비'],기도 (I`ll Be Your Man),NEW MEN,"85,357",30079094
86,-40,"['첸 (CHEN)', '백현 (BAEKHYUN)', '시우민 (XIUMIN)']",너를 위해,달의 연인 - 보보경심 려 OST Part 1,"121,894",9611490
87,-34,['임창정'],또 다시 사랑,또 다시 사랑,"194,726",7861392
88,-46,['성시경'],"다정하게, 안녕히",구르미 그린 달빛 OST Part.5,"48,540",9646401
89,-64,['EXO-CBX (첸백시)'],Hey Mama!,Hey Mama! - The 1st Mini Album,"84,846",30066102
90,-19,['BLACKPINK'],붐바야,SQUARE ONE,"83,230",8304595
91,-39,['엠씨더맥스'],그대 그대 그대,Pathos Tour Live Album,"44,656",30024794
92,-15,['방탄소년단'],21세기 소녀,WINGS,"96,726",30029184
93,New,['정승환'],그 겨울,목소리,"29,372",30120987
94,-38,['원더걸스'],Why So Lonely,Why So Lonely,"129,133",8254545
95,-32,['정준영'],공감 (Feat. 서영은),공감,"88,626",8065398
96,-26,['박효신'],야생화,야생화,"299,800",4543502
97,New,['EXO'],Falling For You,"For Life - 겨울 스페셜 앨범, 2016","80,475",30157821
98,New,['백예린'],Love you on Christmas,Love you on Christmas,"25,456",30136952
99,New,['이선희'],바람꽃,푸른 바다의 전설 OST Part.6,"19,827",30153027
100,-11,['방탄소년단'],Lost,WINGS,"100,902",30029181
