﻿rank,rank_change,singer,title,album,like,song_code
1,New,['씨스타19'],있다 없으니까 (Gone Not Around Any Longer),있다 없으니까,"69,266",4024692
2,+66,['리쌍'],눈물 (Feat. 유진 Of 더 씨야),이단옆차기 프로젝트 Vol.02,"106,603",4020215
3,+71,['허각'],모노드라마 (With 유승우),LITTLE GIANT,"96,990",4019298
4,+5,['배치기'],눈물샤워 (Feat. 에일리),4집 Part.2,"91,430",4011596
5,New,['포맨'],안녕 나야,The 5th Album Vol.1 (실화),"53,862",4021445
6,+11,['CNBLUE (씨엔블루)'],I`m Sorry,Re:BLUE,"41,333",4011608
7,New,['보아 (BoA)'],그런 너 (Disturbance),그런 너,"31,098",4021392
8,-7,['소녀시대 (GIRLS` GENERATION)'],I Got A Boy,I Got A Boy,"55,942",4001331
9,+13,['김보경 (NEON)'],혼자라고 생각말기 (슈퍼스타 K5 송희진 오디션 참가곡),학교 OST Part.3,"45,123",3996508
10,New,['에일리'],얼음꽃,야왕 OST Part.2,"37,804",4021279
11,-9,['정형돈'],강북멋쟁이,박명수의 어떤가요,"52,294",4004021
12,New,['라디 (Ra. D)'],오랜만이죠 (Feat. 신지수),오랜만이죠,"40,801",4027796
13,New,['서인국'],너 땜에 못살아 (Feat. 버벌진트),Y.BIRD From Jellyfish With 서인국,"25,177",4026975
14,New,['허각'],1440,LITTLE GIANT,"48,971",4027904
15,-12,['백지영'],싫다,싫다,"25,844",4000640
16,-12,['이승기'],되돌리다,숲,"173,089",3968836
17,-7,['버벌진트'],시작이 좋아 (Feat. 강민희 Of 미스에스),시작이 좋아,"42,016",4004361
18,-10,"['긱스 (Geeks)', '소유 (SOYOU)']","Officially Missing You, Too",re;code Episode I,"112,057",3946867
19,-14,['양요섭'],카페인 (Feat. 용준형 Of BEAST),The First Collage,"90,070",3971021
20,New,['알리 (ALi)'],지우개,지우개,"73,097",4023744
21,-15,['써니힐'],Goodbye To Romance,Antique Romance,"63,697",3986978
22,+3,['인피니트H'],Special Girl (Feat. Bumkey),FLY HIGH,"56,057",4009751
23,New,['디셈버'],기억을 걷다보면,기억을 걷다보면,"13,442",4025363
24,+7,['Carly Rae Jepsen'],Call Me Maybe,Call Me Maybe,"120,453",3726439
25,-11,['프라이머리'],"? (물음표) (Feat. 최자 Of 다이나믹듀오, Zion.T)",Primary And The Messengers LP,"116,990",3947371
26,-13,['노을'],하지 못한 말,TIME FOR LOVE,"97,638",3953192
27,-15,"['효린', '전효성', '현아', '니콜', '나나 (애프터스쿨)']",이사람,2012 SBS 가요대전 The Color Of K-Pop `Dazzling Red`,"18,692",3999213
28,+57,['2YOON (포미닛 투윤)'],24/7,Harvest Moon,"14,170",4014268
29,-18,['AKMU (악동뮤지션)'],매력있어,SBS K팝 스타 시즌2 `매력있어`,"47,430",3987723
30,-23,['소녀시대 (GIRLS` GENERATION)'],Dancing Queen,I Got A Boy,"26,548",3994911
31,-13,['노을'],반창꼬,반창꼬,"33,245",3986186
32,New,['씨스타19'],나도 여자인데 (A Girl In Love),있다 없으니까,"13,333",4024693
33,-14,['에일리'],보여줄게,Invitation,"92,756",3929469
34,New,"['케이윌', '차쿤']",놀아도,놀아도,"7,812",4017089
35,New,['나인뮤지스'],돌스 (Dolls),DOLLS,"33,025",4019328
36,+45,['배치기'],행복하니 (Feat. 조현아 Of 어반자카파),4집 Part.2,"19,079",4011597
37,-1,['나얼'],바람기억,Principle Of My Soul,"212,321",3910821
38,-17,['JUNIEL'],나쁜 사람,원앤원 (1&1),"50,422",3966128
39,New,['10CM'],오예,The 2nd EP,"8,317",4026620
40,-20,['이하이'],"1,2,3,4 (원,투,쓰리,포)","1,2,3,4 (원,투,쓰리,포)","84,156",3946768
41,-25,['유재석'],메뚜기월드,박명수의 어떤가요,"18,873",4004026
42,-9,"['로이킴', '정준영']",먼지가 되어,슈퍼스타 K4 Top 12 Part.1,"79,700",3928293
43,+52,['먼데이 키즈 (Monday Kiz)'],You＆I,You＆I,"13,691",4014352
44,-20,['시크릿'],TALK THAT,TALK THAT,"15,024",3976699
45,-10,['별'],귀여워 (With 권정열 Of 10cm),귀여워,"52,754",3940533
46,New,['다비치'],모르시나요,아이리스Ⅱ OST Part 1,"28,966",4033059
47,-0,['긱스 (Geeks)'],Officially Missing You,Officially Missing You,"125,153",3170749
48,-33,['제아'],안아보자 (Feat. 정엽),Just JeA,"15,819",4000530
49,New,['AKMU (악동뮤지션)'],라면인건가,SBS K팝 스타 시즌2 TOP 10 (1회),"42,544",4036019
50,-22,['AKMU (악동뮤지션)'],다리꼬지마,SBS K팝 스타 시즌2 `다리꼬지마`,"50,493",3970899
51,+4,['에일리'],저녁 하늘,Invitation,"146,779",3929471
52,-11,"['서인국', '정은지']",All For You,응답하라 1997 Love Story Part 1,"154,819",3890826
53,-21,['로이킴'],힐링이 필요해,슈퍼스타K4 Top 12 Part.6,"46,557",3964483
54,New,['예성 (YESUNG)'],먹지,"그 겨울, 바람이 분다 OST Part.1","16,441",4032979
55,-32,['하하'],섹시 보이 (Feat. 영지),박명수의 어떤가요,"13,016",4004024
56,-18,['로이킴'],휘파람,슈퍼스타 K4 Top 12 Part.2,"60,443",3936237
57,-20,['케이윌'],이러지마 제발 (Please Don`t...),The 3rd Album Part.1,"83,432",3922071
58,-28,['케이윌'],사랑은 이렇게,청담동 앨리스 OST Part.4,"13,945",3995922
59,New,['클래지콰이'],러브 레시피,Blessed,"20,007",4022596
60,-10,['어반자카파'],똑같은 사랑 똑같은 이별,[02],"55,666",3940755
61,New,['허각'],사랑하고 싶어서,LITTLE GIANT,"12,369",4027922
62,-33,['지아'],일 년째,ANEMONE,"18,194",3983239
63,New,['SHINee (샤이니)'],Dream Girl,SHINee The 3rd Album Chapter 1. `Dream Girl - The Misconceptions Of You`,"55,045",4037314
64,New,['Justin Bieber'],Nothing Like Us (Bonus Track),Believe Acoustic,"23,724",4021975
65,-7,"['허각', '지아']",I Need You,I Need You,"97,530",3884575
66,New,['J.Lee'],너였으면 좋겠어,이웃집 꽃미남 OST Part 3,"5,509",4022535
67,New,['The One (더원)'],겨울사랑,"그 겨울, 바람이 분다 OST Part.2","62,244",4038857
68,-16,['블락비 (Block B)'],닐리리맘보,BLOCKBUSTER,"54,187",3928713
69,-42,['2BIC(투빅)'],다 잊었니,다 잊었니,"9,570",3999236
70,New,['클래지콰이'],Sweetest Name,Blessed,"4,662",4022595
71,-18,['이석훈'],친구 아닌 남자로,친구 아닌 남자로,"13,374",4009738
72,New,['배치기'],걱정마쇼 (Feat. 우혜미 & Loptimist),4집 Part.2,"8,387",4011598
73,New,['팬텀'],조용필처럼,Phantom Theory,"11,178",4014292
74,-9,['G-DRAGON'],크레용 (Crayon),One Of A Kind,"63,907",3906377
75,New,['B.A.P'],ONE SHOT,ONE SHOT,"19,411",4030174
76,New,['Justin Bieber'],Baby (Feat. Ludacris),Baby,"41,163",2590048
77,+3,['B.A.P'],빗소리,빗소리,"15,291",4012610
78,New,['개코'],될 대로 되라고 해 (느낌 So Good),GAEKO ATTIC`s 1st PIECE,"42,377",4035640
79,-53,"['성시경', '박효신', '이석훈', '서인국', 'VIXX (빅스)']",크리스마스니까,Jelly Christmas 2012 HEART PROJECT,"145,667",3973781
80,New,['레인보우'],Tell Me Tell Me,Rainbow Syndrome,"26,558",4033065
81,+12,['인피니트H'],니가 없을 때 (Feat. Zion.T),FLY HIGH,"29,412",4009752
82,-25,['J.Lee'],말리꽃 (원곡가수 이승철),`나는 가수다 2` 10월 B조 경연,"33,057",3928194
83,-5,['Bruno Mars'],Young Girls,Unorthodox Jukebox,"18,204",3986045
84,-13,['G-DRAGON'],Missing You (Feat. 김윤아 Of 자우림),One Of A Kind,"100,951",3906383
85,New,['10CM'],Nothing Without You,The 2nd EP,"49,501",4026622
86,-23,['NS 윤지'],If You Love Me (Feat. 박재범),If You Love Me (Feat. 박재범),"46,696",3948917
87,-47,"['한선화', '영재']",다 예뻐,다 예뻐,"14,844",3999217
88,-54,"['장현승', '정은지', '김남주 (에이핑크)']",일년전에,`A Cube` For Season # White,"19,725",4002374
89,New,['허각'],헤어질걸 알기에 (Duet With 정은지),LITTLE GIANT,"15,063",4027919
90,New,['형돈이와 대준이'],나 좀 만나줘,스윗 껭스타랩 볼륨1,"2,872",4031058
91,New,['MFBTY'],Sweet Dream,Sweet Dream,"7,500",4016338
92,New,['프라이머리'],자니 (Feat. Dynamic Duo),자니,"155,966",3726617
93,New,['틴탑'],사랑하고 싶어,No.1,"7,681",4035276
94,New,['에릭남 (Eric Nam)'],천국의 문 (Heaven`s Door),CLOUD 9,"33,305",4018305
95,-52,['백아연'],키다리 아저씨,청담동 앨리스 OST Part.3,"17,030",3989869
96,New,['배치기'],아홉수,4집 Part.2,"8,195",4011595
97,New,['이진성 (먼데이 키즈)'],사랑해 미워해,야왕 OST Part.3,"4,053",4031877
98,New,['레게 강 같은 평화'],돈암동 멜로디,돈암동 멜로디,"4,296",4019174
99,New,['울랄라세션'],서쪽 하늘,슈퍼스타K 3 Top11 Part 5,"57,522",3593455
100,New,['Justin Timberlake'],Suit & Tie (Feat. Jay-Z) (MBC `나 혼자 산다` 오프닝 삽입곡),Suit & Tie (Feat. Jay-Z),"12,469",4013287
