﻿rank,rank_change,singer,title,album,like,song_code
1,New,"['Homme (창민, 이현)']",밥만 잘 먹더라,Homme By `Hitman` Bang,"25,201",2776748
2,New,['DJ DOC'],나 이런사람이야,풍류,"11,792",2783154
3,-1,['미쓰에이'],Bad Girl Good Girl,Bad But Good,"27,648",2741416
4,New,['보아 (BoA)'],Hurricane Venus,Hurricane Venus,"10,034",2788757
5,New,['다비치'],난 너에게,조영수 All Star - 다비치,"19,353",2783260
6,-5,['MC몽'],죽을 만큼 아파서 (Feat. 멜로우),블루브랜드 Trauma Part 2,"68,069",2733249
7,+34,['지나'],꺼져 줄게 잘 살아 (Feat. 용준형),Draw G`s First Breath,"11,717",2759748
8,New,['이승기'],정신이 나갔었나봐,정신이 나갔었나봐,"7,130",2793051
9,+80,['SE7EN'],Better Together,Digital Bounce,"4,354",2772064
10,+61,['SHINee (샤이니)'],Lucifer,The 2nd Album `Lucifer`,"19,560",2768149
11,New,['지아'],웃음만..,Difference,"12,251",2792665
12,New,['DJ DOC'],부치지 못한 편지,풍류,"15,406",2783256
13,+1,['손담비'],queen,The Queen,"9,027",2748528
14,New,['보아 (BoA)'],Game,Hurricane Venus,"3,178",2782368
15,New,['시크릿'],Madonna,Madonna,"6,696",2797558
16,+11,['4minute'],I My Me Mine,Hit Your Heart,"4,927",2688951
17,-14,['아이유'],잔소리 (With 2AM 슬옹),잔소리,"67,810",2705410
18,-13,['태양'],I Need A Girl (Feat. G-dragon),Solar,"24,530",2741397
19,New,['길미'],미안해 사랑해서...(Feat. 케이윌),Love Actually,"5,029",2782665
20,-10,['Supreme Team'],땡땡땡,Spin Off (Repackage),"24,914",2705414
21,-0,['나르샤 (Brown Eyed Girls)'],삐리빠빠,Narsha,"4,570",2746858
22,New,"['아이유', '유승호']",사랑을 믿어요,사랑의 리퀘스트,"14,310",2788462
23,-19,['조권'],고백하던 날,고백하던 날,"10,786",2741566
24,+6,['박재범'],믿어줄래 (Full Melody Korean Ver.),믿어줄래,"13,295",2757170
25,+13,['아이유'],여자라서,로드 넘버원 OST Part.3,"20,619",2759655
26,New,"['박재범', '용감한 형제']",울고 싶단 말야,The Classic,"4,688",2801290
27,New,['서인국'],애기야 (My Baby U),애기야,"10,555",2801651
28,+52,['이승철'],그 사람,제빵왕 김탁구 OST Part.3,"27,273",2759248
29,+49,['명콜드라이브'],고래,고래,983,2769458
30,New,"['먼데이 키즈 (Monday Kiz)', 'V.O.S']",미치겠다 (With V.O.S),Summer,"3,531",2773066
31,-24,['씨스타'],Push Push (푸시 푸시),Push Push,"8,290",2705407
32,New,['SE7EN'],Digital Bounce (Feat. T.O.P),Digital Bounce,"3,367",2772063
33,New,['DJ DOC'],오늘밤 (Feat. 아이비),풍류,"2,608",2783155
34,-11,['오렌지 캬라멜'],마법소녀 (魔法少女),The First Mini Album,"10,005",2719683
35,+40,['디셈버'],혼자 왔어요 (December Ver.),Lonely Night,"2,934",2763048
36,New,['DJ DOC'],투게더,풍류,"3,428",2783156
37,-31,['백지영'],시간이 지나면,Timeless : The Best,"2,934",2738241
38,-10,['간미연'],미쳐가 (Feat. 엠블랙 미르),미쳐가,"1,197",2741360
39,New,['환희'],...하다가,H-hour,"1,972",2795074
40,New,['채연'],봐봐봐,Look At,641,2774965
41,+3,['지나'],애인이 생기면 하고 싶은 일 (With 비),애인이 생기면 하고 싶은 일 (With 비),"14,857",2745357
42,New,['레인보우'],A,A (Digital Single),"16,763",2803451
43,-34,['CNBLUE (씨엔블루)'],Love,Bluelove,"15,570",2679548
44,-24,['디셈버'],별이될께,Tears In Heaven,"12,798",2682148
45,-33,['원더걸스'],2 Different Tears,2 Different Tears,"17,125",2684572
46,-35,['서인영'],사랑이라 쓰고 아픔이라 부른다,Lov-Elly,"28,661",2703101
47,-34,['손담비'],Can`t U See,The Queen,"2,844",2742586
48,New,['테이'],미쳐서 너를 불러,太利,631,2791103
49,-41,['T.O.P'],Turn It Up,Turn It Up (Digital Single),"8,076",2728048
50,-35,['4minute'],HUH,Hit Your Heart,"6,440",2688949
51,New,['조성모'],바람필래,성모 Meet Brave,392,2802840
52,New,['DJ DOC'],In To The Rain (Feat. YDG),풍류,691,2769950
53,-27,['CNBLUE (씨엔블루)'],사랑 빛,Bluelove,"35,317",2675871
54,New,['나르샤 (Brown Eyed Girls)'],맘마미아 (With Sunny Hill),맘마미아,"1,888",2901845
55,New,['나비'],끝까지 들어,끝까지 들어,685,2898721
56,New,['이루'],하얀 눈물,Got To Be,"1,275",2896555
57,New,['남격밴드'],사랑해서 사랑해서,사랑해서 사랑해서,260,2896740
58,-41,['다비치'],시간아 멈춰라,Innocence,"22,018",2670748
59,New,['DJ DOC'],"이리로 (Feat. Tiger JK, Bizzy, J-Dogg, Sean2slow, YDG)",풍류,709,2783254
60,New,['2PM'],Thank You,Thank You,"1,210",2897689
61,-42,['환희'],바람이 되어서라도,로드 넘버원 OST Part.1,"6,881",2730675
62,-46,['나르샤 (Brown Eyed Girls)'],I`m In Love,I`m In Love,"29,242",2743254
63,New,['KYT (코요태)'],"Jump, Jump, Jump","Jump, Jump, Jump",189,2788463
64,-8,['Eminem'],Love The Way You Lie (Feat. Rihanna),Recovery,"47,986",2728462
65,-4,['Supreme Team'],너 때문이야 (Feat. Soulman),블루브랜드 Trauma Part 2,"26,625",2733251
66,+32,['4minute'],Superstar,Superstar (Digital Single),624,2766948
67,New,['태양'],I`ll Be There (Korean Ver.),Solar (인터내셔널 릴리즈 앨범),"6,602",2900275
68,New,['이루'],사랑아 (`제빵왕 김탁구` 삽입곡),사랑아,657,2897374
69,New,['나인뮤지스'],No PlayBoy,Let`s Have A Party,"1,906",2805680
70,New,['Usher'],DJ Got Us Fallin' In Love (feat. Pitbull),Versus,"12,953",2756660
71,New,['DJ DOC'],I Believe (Feat. 김장훈),풍류,824,2783248
72,-47,['뜨거운 감자'],고백,시소,"59,024",2627301
73,-37,['f(x)'],NU 예삐오 (NU ABO),NU 예삐오,"20,522",2667293
74,New,"['김동희', '최아인']",사랑 이란 말 (With 정환(엠투엠)),사랑 이란 말,748,2785700
75,-57,['엠블랙'],Y,Y,"6,319",2684461
76,-45,['바이브'],다시 와주라,Vibe In Praha,"42,039",2680552
77,New,['백지영'],같은 마음,로드 넘버원 OST Part.4,"1,023",2771922
78,New,['일 락'],조각 입니다 (Feat. 매직플로우),조각 입니다,968,2793964
79,New,['규현 (KYUHYUN)'],희망은 잠들지 않는 꿈,제빵왕 김탁구 OST Part.5,"7,778",2795100
80,New,['김연우'],가끔은 혼자 웁니다,나쁜남자 OST,"7,085",2772351
81,New,['틴탑'],박수 (Clap),Come Into The World,"7,778",2752779
82,New,['박효신'],널 사랑한다,아테나 OST Part.1,"13,038",2900010
83,New,['브라운 아이드 소울'],Nothing Better,"The Wind, The Sea, The Rain","14,956",1757006
84,-26,['KCM'],죽도록 사랑해 (Feat. Soul Dive),제빵왕 김탁구 OST Part.2,"4,664",2735074
85,-61,['화요비'],Bye Bye Bye,Hwayobi,"11,094",2697459
86,New,['신민아'],샤랄라,내 여자친구는 구미호 OST Part.3,"1,141",2901993
87,New,['보아 (BoA)'],Dangerous,Hurricane Venus,"1,355",2795648
88,-16,['바이브'],미친거니,Vibe In Praha,"39,621",2680562
89,New,['이선희'],여우비,내 여자친구는 구미호 OST Part.1,"34,468",2804028
90,New,['씨스타'],가식걸,가식걸,"10,986",2908515
91,-26,['환희'],내가 더 아플게,내가 더 아플게 (가슴아파도 Part.Ⅱ),"4,055",2758736
92,New,['DJ DOC'],"서커스 (Suckers) (Feat. Maboos, J`Kyun, Swings, Deepflow, B-free)",풍류,270,2783249
93,-42,['먼데이 키즈 (Monday Kiz)'],가시같은 사랑,김수로 OST Part.2,"1,191",2753448
94,New,['지아'],잘 가..지 마,Difference,"6,964",2796789
95,New,['별'],빈털터리 (With 간종욱),글로리아 OST Part.1,654,2796983
96,-74,['나비'],우리 정말 사랑했어요 (With 케이윌),우리 정말 사랑했어요,"8,412",2725948
97,-60,['숙희'],One Love (Feat. 가희 Of 애프터스쿨),The First Experience,"6,845",2705548
98,-64,['B.o.B'],Nothin` On You (Feat. 재범),Nothin` On You (Feat. 재범),"5,115",2722445
99,New,['지피베이직'],Game,Game,63,2803348
100,New,['인피니트'],She`s Back,She`s Back,"17,262",2793798
