﻿rank,rank_change,singer,title,album,like,song_code
1,New,['MC몽'],내가 그리웠니 (Feat. 진실 Of Mad Soul Child),MISS ME OR DISS ME,"55,663",5442688
2,New,['MC몽'],내 생애 가장 행복한 시간 (Feat. 허각),MISS ME OR DISS ME,"76,045",5442687
3,New,['MC몽'],죽을만큼 아파서 Part.2 (Feat. 스웨덴세탁소),MISS ME OR DISS ME,"33,608",5442696
4,+7,['에픽하이 (EPIK HIGH)'],헤픈엔딩 (Feat. 조원선 Of 롤러코스터),신발장,"94,908",5421427
5,New,['MC몽'],마음 단단히 먹어 (Feat. 에일리),MISS ME OR DISS ME,"30,781",5442689
6,New,['HI SUHYUN'],나는 달라 (Feat. BOBBY),나는 달라,"57,389",5456526
7,+16,['비스트'],12시 30분,TIME,"110,771",5413256
8,New,['MC몽'],도망가자 (Feat. 린),MISS ME OR DISS ME,"41,967",5442691
9,New,['규현 (KYUHYUN)'],광화문에서 (At Gwanghwamun),The 1st Mini Album `광화문에서 (At Gwanghwamun)`,"190,956",5458267
10,New,['MC몽'],New York (Feat. 백지영),MISS ME OR DISS ME,"18,736",5442690
11,+10,['에픽하이 (EPIK HIGH)'],"BORN HATER (Feat. 빈지노, 버벌진트, B.I, MINO, BOBBY)",신발장,"114,009",5419682
12,New,['토이'],세 사람 (With 성시경),Da Capo,"96,443",5465008
13,New,['윤현상'],언제쯤이면 (Duet.아이유),피아노포르테 (PIANOFORTE),"94,272",5439395
14,New,['MC몽'],"고장난 선풍기 (Feat. 개리, 효린 Of 씨스타)",MISS ME OR DISS ME,"23,712",5442692
15,-6,['개코'],"화장 지웠어 (Feat. Zion.T, HA:TFELT) (No Make Up)",REDINGRAY,"62,880",5415175
16,-12,['포스트맨(Postmen)'],신촌을 못가,신촌을 못가,"100,218",4016085
17,-15,['에일리'],손대지마,Magazine,"61,003",5394265
18,-13,['Adam Levine'],Lost Stars,Begin Again - Music From And Inspired By The Original Motion Picture,"245,845",4743560
19,New,['MC몽'],Whatever (Feat. 민아 Of 걸스데이),MISS ME OR DISS ME,"24,398",5442697
20,New,['AOA'],사뿐사뿐,사뿐사뿐,"53,071",5456521
21,New,['MC몽'],What Could I Do (Feat. 범키),MISS ME OR DISS ME,"13,905",5442693
22,+6,['에픽하이 (EPIK HIGH)'],스포일러,신발장,"38,647",5421429
23,-22,['김동률'],그게 나야,동행,"82,621",5400360
24,-21,"['소유 (SOYOU)', '권순일 (어반자카파)', '박용인 (어반자카파)']",틈,소유X어반자카파 (권순일&박용인) `틈`,"50,471",5390701
25,-10,['WINNER'],공허해,2014 S/S,"143,486",4806686
26,-20,['AKMU (악동뮤지션)'],시간과 낙엽,시간과 낙엽,"87,216",5408681
27,New,['MC몽'],격정적인 열애설 (Feat. The Channels),MISS ME OR DISS ME,"9,321",5442694
28,New,['GD X TAEYANG'],GOOD BOY,GOOD BOY,"81,691",5470838
29,New,['토이'],U & I (With Crush & 빈지노),Da Capo,"57,197",5465067
30,New,['10CM'],쓰담쓰담,3.0,"53,211",5459290
31,-9,['박효신'],야생화,야생화,"299,797",4543502
32,-20,['어쿠스틱 콜라보'],"묘해, 너와",연애의 발견 OST Part 4,"120,063",4864206
33,New,['MC몽'],My Love (Feat. 성유진),MISS ME OR DISS ME,"11,258",5442698
34,New,['지코 (ZICO)'],Tough Cookie (Feat. Don Mills),Tough Cookie,"56,300",5449581
35,New,['박효신'],HAPPY TOGETHER,HAPPY TOGETHER,"82,201",5474213
36,-28,"['곽진언', '김필', '임도혁']",당신만이,슈퍼스타K6 곽진언 김필 임도혁,"55,572",5388806
37,-18,['BOBBY'],연결고리#힙합,쇼미더머니3 Part.4,"68,754",4854588
38,+4,['WINNER'],끼부리지마,2014 S/S,"87,207",4806688
39,-29,['윤미래'],너를 사랑해,괜찮아 사랑이야 OST Part.6,"75,759",4843704
40,New,"['포스트맨(Postmen)', '6 to 8']",술이 너보다 낫더라,술이 너보다 낫더라,"25,936",5431090
41,New,['Apink (에이핑크)'],LUV,Pink LUV,"103,735",5473905
42,-28,['박보람'],예뻐졌다 (Feat. 지코 Of Block B),예뻐졌다,"74,319",4789747
43,New,['MC몽'],E.R (Feat. The Channels),MISS ME OR DISS ME,"10,177",5442699
44,New,['MC몽'],0904,MISS ME OR DISS ME,"8,625",5442695
45,-21,['어쿠스틱 콜라보'],너무 보고싶어,연애의 발견 OST Part 6,"98,483",5386171
46,-11,['걸스데이'],보고싶어,보고싶어,"35,320",5413548
47,-40,['아이유'],소격동,소격동,"72,050",5401276
48,New,['EXID'],위아래,위아래,"89,327",4840271
49,-36,['아이언'],독기,쇼미더머니3 씨잼 vs 아이언,"57,260",5372667
50,-19,['아이유'],너의 의미 (Feat. 김창완),꽃갈피,"185,223",4646573
51,-15,['태양'],"눈, 코, 입",RISE,"164,285",4671151
52,New,"['효린', '주영']",지워 (Feat. 아이언),지워,"39,002",5462666
53,+2,['에픽하이 (EPIK HIGH)'],또 싸워 (Feat. 윤하),신발장,"22,547",5421434
54,-28,"['San E', '레이나 (Raina)']",한여름밤의 꿀,"San E, 레이나 Project Single `한여름밤의 꿀`","143,255",4681146
55,-35,['Adam Levine'],No One Else Like You,Begin Again - Music From And Inspired By The Original Motion Picture,"73,529",4743562
56,-40,['로이킴'],Home,HOME,"51,060",5406682
57,-40,"['곽진언', '김필']",걱정말아요 그대,슈퍼스타K6 곽진언 vs 김필,"37,210",5402092
58,New,['어반자카파'],위로,[04],"33,147",5445196
59,-29,['블락비 (Block B)'],HER,HER,"112,179",4764928
60,New,['홍진영'],산다는 건 (Cheer Up),인생노트 (LIFE NOTE),"51,569",5450271
61,New,['Crush'],SOFA,SOFA,"91,872",5431071
62,New,['이진아'],시간아 천천히,K팝 스타 시즌4 `시간아 천천히`,"43,236",5473834
63,-34,['BOBBY'],가드올리고 Bounce,쇼미더머니3 Part.5,"42,647",5376645
64,-8,['에픽하이 (EPIK HIGH)'],RICH (Feat. 태양),신발장,"18,122",5421428
65,+15,['송지은'],예쁜 나이 25살,25 (스물 다섯),"21,253",5406933
66,New,['토이'],"Goodbye sun, Goodbye moon (With 이수현 of 악동뮤지션)",Da Capo,"18,281",5464998
67,New,['이승환'],어떻게 사랑이 그래요,Hwantastic,"59,732",1490825
68,-18,['Maroon 5'],Maps,Maps,"126,214",4688375
69,-42,['씨스타'],I Swear,Special Album `SWEET & SOUR`,"44,525",4840373
70,-36,['씨스타'],Touch My Body,TOUCH N MOVE,"63,064",4756304
71,+1,['아이유'],금요일에 만나요 (Feat. 장이정 Of HISTORY),Modern Times - Epilogue,"215,257",4369827
72,-7,['이적'],거짓말 거짓말 거짓말,고독의 의미,"98,736",4312955
73,+5,['에픽하이 (EPIK HIGH)'],"부르즈 할리파 (Feat. 얀키, 개코)",신발장,"24,666",5421433
74,-7,['에디킴'],너 사용법,너 사용법,"129,178",4586092
75,New,['2AM'],나타나 주라,Let`s Talk,"9,591",5430793
76,New,['토이'],인생은 아름다워 (With 다이나믹듀오 & Zion. T & Crush),Da Capo,"24,094",5465068
77,New,['토이'],Reset (With 이적),Da Capo,"16,544",5464978
78,-24,"['울랄라세션', '아이유']",애타는 마음,애타는 마음,"82,939",4711007
79,New,['토이'],너의 바다에 머무네 (With 김동률),Da Capo,"17,157",5465066
80,-21,"['소유 (SOYOU)', '정기고']",썸 (Feat. 릴보이 Of 긱스),썸,"166,388",4433490
81,+12,['god'],바람,Thanks Edition `바람`,"20,023",5424619
82,-57,"['NS 윤지', '기리보이']",설렘주의,설렘주의,"36,808",5387875
83,-23,['이선희'],그 중에 그대를 만나,15집 `SERENDIPITY` 30주년 기념앨범,"120,379",4544242
84,-44,['다비치'],괜찮아 사랑이야,괜찮아 사랑이야 OST Part 2,"65,872",4779294
85,New,['토이'],그녀가 말했다 (With 권진아),Da Capo,"46,600",5465096
86,-43,['걸스데이'],Darling,GIRL`S DAY EVERYDAY #4,"61,838",4734486
87,New,['MC몽'],죽을 만큼 아파서 (Feat. 멜로우),블루브랜드 Trauma Part 2,"68,069",2733249
88,-47,['Zion.T'],양화대교,양화대교,"172,990",5389475
89,-57,['Keira Knightley'],Tell Me If You Wanna Go Home,Begin Again - Music From And Inspired By The Original Motion Picture,"49,788",4743561
90,New,['김범수'],"집 밥 (Feat. 긱스, 이희선여사)",HIM,"14,725",5470601
91,-73,['김동률'],내 사람,동행,"35,170",5400358
92,New,['10CM'],그리워라,3.0,"19,032",5466964
93,-40,['김태우'],너 하나만,내겐 너무 사랑스러운 그녀 OST Part.4,"11,301",5408662
94,-47,['BOBBY'],L4L (Lookin` For Luv) (Feat. Dok2 & The Quiett),쇼미더머니3 BOBBY vs 올티,"42,139",4828024
95,-58,"['스윙스', '에일리']",A Real Man,"스윙스, 에일리 Digital Single `A Real Man`","45,887",4832150
96,-51,['레이디스 코드'],I`m Fine Thank You,CODE#02 PRETTY PRETTY,"144,286",4230004
97,New,['나비'],첫눈예보 (Feat. 제이켠),첫눈예보 (Feat. 제이켠),"5,082",5458192
98,New,['비스트'],Drive,TIME,"35,762",5413257
99,New,['알리 (ALi)'],펑펑,TURNING POINT,"43,550",5457853
100,-62,['Keira Knightley'],A Step You Can’t Take Back,Begin Again - Music From And Inspired By The Original Motion Picture,"45,114",4743571
