﻿rank,rank_change,singer,title,album,like,song_code
1,+44,['임창정'],또 다시 사랑,또 다시 사랑,"194,725",7861392
2,New,['태연 (TAEYEON)'],I (Feat. 버벌진트),I - The 1st Mini Album,"181,677",7877917
3,+13,['개리'],바람이나 좀 쐐 (Feat. 우혜미),2002,"102,596",7858908
4,+20,"['소유 (SOYOU)', '권정열']",어깨,어깨,"79,349",7858989
5,+1,['iKON'],취향저격,WELCOME BACK,"148,428",7854179
6,New,['Zion.T'],No Make Up,No Make Up,"128,288",7881505
7,+22,['박경'],보통연애 (Feat. 박보람),보통연애,"102,350",7860122
8,-6,['MINO (송민호)'],겁 (Feat. 태양),쇼미더머니 4 Episode 5,"145,794",5826447
9,+50,"['유재환', 'Lim Kim']",커피 (Prod. by G-Park 박명수),커피 (Prod. by G-Park 박명수),"48,090",7863752
10,New,['iKON'],리듬 타 (RHYTHM TA),WELCOME BACK,"67,683",7870705
11,-10,"['이유 갓지(GOD G) 않은 이유 (박명수, 아이유)']",레옹,무한도전 영동고속도로 가요제,"141,006",5826461
12,New,['아이유'],스물셋,CHAT-SHIRE,"145,030",7896508
13,New,['태연 (TAEYEON)'],U R,I - The 1st Mini Album,"102,032",7877918
14,-1,['Red Velvet (레드벨벳)'],Dumb Dumb,The Red - The 1st Album,"96,462",7847861
15,-6,"['MINO (송민호)', '지코 (ZICO)']",Okey Dokey,쇼미더머니 4 Episode 6,"83,967",5835766
16,-4,['여자친구 (GFRIEND)'],오늘부터 우리는 (Me Gustas Tu),여자친구 2nd Mini Album `Flower Bud`,"129,756",5791706
17,New,['에일리'],너나 잘해,VIVID,"27,536",7868989
18,New,"['소유 (SOYOU)', '브라더수']",모르나봐,그녀는 예뻤다 OST Part.4,"50,378",7884171
19,-12,"['인크레더블', 'Tablo', '지누션']",오빠차,쇼미더머니 4 Episode 4,"60,219",5818522
20,New,['빈지노 (Beenzino)'],Break,Break,"70,132",7881233
21,-16,['소녀시대 (GIRLS` GENERATION)'],Lion Heart,Lion Heart - The 5th Album,"78,584",5820368
22,-2,['플라이 투 더 스카이'],그렇게 됐어,Love & Hate,"36,975",7852842
23,-20,"['황태지 (황광희, 태양, 지드래곤)']",맙소사,무한도전 영동고속도로 가요제,"87,278",5824839
24,New,['아이유'],푸르던,CHAT-SHIRE,"120,407",7896509
25,New,['지아'],가끔,그녀는 예뻤다 OST Part.2,"38,520",7865089
26,-15,['혁오 (HYUKOH)'],위잉위잉,20,"174,601",5385974
27,-9,['Zion.T'],양화대교,양화대교,"172,990",5389475
28,New,['지코 (ZICO)'],"말해 Yes Or No (Feat. PENOMECO, The Quiett)",말해 Yes Or No,"58,518",7888412
29,-19,"['Ja Mezz', 'Andup (앤덥)', 'MINO (송민호)']",거북선 (Feat. 팔로알토),쇼미더머니 4 Episode 2,"79,167",5804040
30,New,['예지'],"Solo (Remix) (Prod. by 박재범, Cha Cha Malone) (Feat. 박재범, 로꼬)",언프리티 랩스타 2 Track 4,"22,140",7874382
31,-27,"['으뜨거따시 (하하, 자이언티)']",스폰서 ($ponsor),무한도전 영동고속도로 가요제,"54,929",5826462
32,-17,['BIGBANG'],우리 사랑하지 말아요,E,"109,203",5807274
33,-12,['BIGBANG'],뱅뱅뱅 (BANG BANG BANG),A,"192,528",5719286
34,New,['아이유'],새 신발,CHAT-SHIRE,"55,448",7896506
35,-10,['마마무(Mamamoo)'],음오아예 (Um Oh Ah Yeh),Pink Funky,"107,676",5743804
36,New,['iKON'],AIRPLANE,WELCOME BACK,"58,585",7870707
37,-20,['SG 워너비'],가슴 뛰도록,THE VOICE,"45,307",5822923
38,-19,['사이먼 도미닉'],사이먼 도미닉,￦ & ONLY,"106,269",5815785
39,New,"['린', '하동균', 'J.Lee']",내가 그댈,심폐소생송 Special Album Part.1,"24,568",7866804
40,-10,['백아연'],이럴거면 그러지말지 (Feat. Young K),이럴거면 그러지말지,"188,156",5704397
41,-15,['Zion.T'],꺼내 먹어요,Eat,"151,527",5702706
42,New,['규현 (KYUHYUN)'],밀리언조각 (A Million Pieces),"다시, 가을이 오면 - The 2nd Mini Album","63,969",7886210
43,-16,['AOA'],심쿵해 (Heart Attack),Heart Attack,"87,469",5748406
44,New,['아이유'],무릎,CHAT-SHIRE,"130,310",7896511
45,New,['이수 (엠씨 더 맥스)'],가슴에 내린다,가슴에 내린다,"16,312",7876540
46,-24,['혁오 (HYUKOH)'],와리가리,22,"124,992",5713422
47,New,['허각'],밤을 새 (Feat. 베이식),밤을 새,"15,981",7881449
48,New,['10CM'],10월의 날씨,3.1,"42,507",7880306
49,-41,"['오대천왕 (정형돈, 밴드 혁오)']",멋진헛간,무한도전 영동고속도로 가요제,"62,345",5826465
50,+25,['Adam Levine'],Lost Stars,Begin Again - Music From And Inspired By The Original Motion Picture,"245,845",4743560
51,New,['아이유'],Zeze,CHAT-SHIRE,"65,799",7896507
52,New,['비투비'],집으로 가는 길,I Mean,"76,973",7881338
53,-11,['엠씨더맥스'],그 남잔 말야,냄새를 보는 소녀 OST Part.5,"74,492",5668985
54,-17,['Crush'],Oasis (Feat. ZICO),Oasis,"142,382",5771304
55,-41,"['댄싱게놈 (유재석, JYP)']",I`m So Sexy,무한도전 영동고속도로 가요제,"41,340",5826464
56,New,['아이유'],Red Queen (Feat. Zion.T),CHAT-SHIRE,"43,833",7896510
57,New,['헤이즈 (Heize)'],"Me, Myself & I (Prod. by 버벌진트) (Feat. 제시, 휘성)",언프리티 랩스타 2 Track 2,"12,834",7868801
58,-22,['BIGBANG'],IF YOU,D,"162,700",5760115
59,-15,['Maroon 5'],Sugar,V (Deluxe Edition),"178,611",4857981
60,-29,['씨스타'],SHAKE IT,SHAKE IT,"78,163",5748499
61,New,['태연 (TAEYEON)'],쌍둥이자리 (Gemini),I - The 1st Mini Album,"42,511",7877919
62,-6,['Sam Smith'],I`m Not The Only One,In The Lonely Hour,"218,002",4660794
63,-40,['BIGBANG'],쩔어 (GD & T.O.P),E,"74,561",5807273
64,-30,['Apink (에이핑크)'],Remember,Pink MEMORY,"81,111",5781104
65,-25,['BIGBANG'],BAE BAE,M,"135,590",5684826
66,-16,"['로꼬', '유주 (여자친구)']",우연히 봄,냄새를 보는 소녀 OST Part.2,"126,658",5650996
67,+22,['마마무(Mamamoo)'],Girl Crush,이니시아 네스트 OST,"35,604",7855597
68,-40,['원더걸스'],I Feel You,REBOOT,"56,442",5804238
69,New,['러블리즈'],Ah-Choo,Lovelyz8,"79,108",7870472
70,-23,['아이유'],마음,마음,"162,257",5700639
71,New,['San E'],그 아버지에 그 아들,그 아버지에 그 아들,"16,067",7887818
72,New,['아이유'],안경,CHAT-SHIRE,"45,445",7896512
73,-21,['프라이머리'],"아끼지마 (Don`t Be Shy) (Feat. 초아 (AOA), 아이언)",2-3,"63,119",5793206
74,-36,"['릴보이 (Lil Boi)', '로꼬', '박재범']",ON IT + BO$$,쇼미더머니 4 Episode 4,"38,210",5818487
75,New,['태연 (TAEYEON)'],스트레스 (Stress),I - The 1st Mini Album,"46,455",7877920
76,-33,['BIGBANG'],맨정신,D,"108,226",5760116
77,-45,['현아'],잘나가서 그래 (Feat. 정일훈 Of BTOB),A+,"32,652",5824767
78,-17,['나얼'],같은 시간 속의 너,브라운 아이드 소울 싱글 프로젝트 1st. 같은 시간 속의 너 By 나얼,"150,364",5576417
79,+4,['트루디 (Truedy)'],"음악이 아니었다면 (Prod. by 버벌진트) (Feat. 치타, 버벌진트)",언프리티 랩스타 2 Track 3,"8,251",7859960
80,New,['XIA (준수)'],꼭 어제,꼭 어제,"48,124",7888413
81,New,['f(x)'],4 Walls,4 Walls - The 4th Album,"78,749",7900822
82,New,['박보람'],미안해요,미안해요,"13,593",7876552
83,-30,['BIGBANG'],LOSER,M,"164,381",5682700
84,-45,"['MINO (송민호)', '지코 (ZICO)', '팔로알토 (Paloalto)']",moneyflow (다 비켜봐),쇼미더머니 4 Episode 3,"41,290",5811228
85,-22,['Redfoo'],New Thang,New Thang,"52,097",5781707
86,New,['2BIC(투빅)'],지금처럼 사랑할게,Return 2BiC,"7,486",7876373
87,-23,"['지코 (ZICO)', '소진 (Sojin)']",아프다,가면 OST Part.2,"69,435",5731941
88,New,['김민승'],쿵쿵쿵,그녀는 예뻤다 OST Part.1,"29,345",7863754
89,New,['태연 (TAEYEON)'],먼저 말해줘 (Farewell),I - The 1st Mini Album,"30,536",7877921
90,-42,['유승우'],예뻐서 (Feat. 루이 Of 긱스) (You`re beautiful),예뻐서,"48,167",5795006
91,-3,['개리'],엉덩이 (Feat. 박재범),2002,"10,302",7859965
92,-38,['김연우'],사랑할수록 (화생방실 클레오파트라),복면가왕 14회,"29,707",5765885
93,-31,['아이유'],금요일에 만나요 (Feat. 장이정 Of HISTORY),Modern Times - Epilogue,"215,257",4369827
94,-34,['언프리티 랩스타 2'],언프리티 랩스타 (Don`t Stop) (Prod. By D.O),언프리티 랩스타 2 Track 1,"10,604",7852464
95,-54,['SG 워너비'],좋은 기억,THE VOICE,"21,221",5822925
96,-17,['EXO'],LOVE ME RIGHT,LOVE ME RIGHT - The 2nd Album Repackage,"180,818",5721440
97,-17,['백아연'],이렇게 우리,용팔이 OST Part.4,"22,072",7847624
98,New,"['릴보이 (Lil Boi)', '베이식 (Basick)']",연락해 (Feat. 화사),베이식 X 릴보이,"10,918",7874463
99,New,['트루디 (Truedy)'],Bandz Up (Prod. by Dok2) (Feat. Dok2),언프리티 랩스타 2 Track 6 & 7,"9,779",7888331
100,New,"['Homme (창민, 이현)']",울지 말자,울지 말자,"5,629",7869469
