﻿rank,rank_change,singer,title,album,like,song_code
1,+24,['볼빨간사춘기'],여행,Red Diary Page.2,"228,707",31093710
2,New,['BLACKPINK'],뚜두뚜두 (DDU-DU DDU-DU),SQUARE UP,"211,587",31131273
3,+15,['방탄소년단'],FAKE LOVE,LOVE YOURSELF 轉 `Tear`,"296,566",31085237
4,-2,['닐로(Nilo)'],지나오다,About You,"218,050",30699142
5,-4,"['로꼬', '화사(Hwa Sa)']",주지마,건반 위의 하이에나 Part.4,"176,149",31035061
6,-1,['여자친구 (GFRIEND)'],밤 (Time for the moon night),여자친구 The 6th Mini Album 'Time for the moon night',"142,488",31052421
7,New,['AOA'],빙글뱅글 (Bingle Bangle),BINGLE BANGLE,"75,617",31098083
8,-5,['멜로망스'],You,투유 프로젝트 - 슈가맨2 Part.2,"158,262",30849733
9,New,['BLACKPINK'],Forever Young,SQUARE UP,"140,416",31131274
10,+13,['폴킴'],"모든 날, 모든 순간 (Every day, Every Moment)",`키스 먼저 할까요?` OST Part.3,"318,708",30962526
11,-3,['iKON'],사랑을 했다 (LOVE SCENARIO),Return,"289,898",30859584
12,New,['Wanna One (워너원)'],켜줘 (Light),1÷χ=1 (UNDIVIDED),"136,872",31113240
13,-9,['TWICE (트와이스)'],What is Love?,What is Love?,"138,442",31006730
14,-3,['모모랜드 (MOMOLAND)'],뿜뿜,GREAT!,"143,998",30816860
15,-9,['김하온 (HAON)'],붕붕 (Feat. 식케이) (Prod. GroovyRoom),고등래퍼2 Final,"156,487",31019584
16,-7,['마마무(Mamamoo)'],별이 빛나는 밤,Yellow Flower,"161,862",30937275
17,-7,['이수 (엠씨 더 맥스)'],My Way,돈꽃 OST Part.1,"138,560",30721801
18,+24,['(여자)아이들'],LATATA,I am,"108,809",31055324
19,+36,['방탄소년단'],전하지 못한 진심 (Feat. Steve Aoki),LOVE YOURSELF 轉 `Tear`,"227,713",31085238
20,-8,['장덕철'],그날처럼,그날처럼,"228,023",30755375
21,+9,['방탄소년단'],DNA,LOVE YOURSELF 承 `Her`,"359,651",30637982
22,New,['Wanna One (워너원) - 트리플포지션'],캥거루 (Kangaroo) (Prod. ZICO),1÷χ=1 (UNDIVIDED),"120,160",31113241
23,-3,['Fitz & The Tantrums'],HandClap,Fitz and The Tantrums (Deluxe),"179,842",8111603
24,-7,['로이킴'],그때 헤어지면 돼,그때 헤어지면 돼,"191,619",30884950
25,-6,['용준형'],소나기 (Feat. 10cm),소나기 (Feat. 10cm),"141,636",30970444
26,+8,['방탄소년단'],봄날,YOU NEVER WALK ALONE,"459,265",30244931
27,-5,['청하'],Roller Coaster,Offset,"163,543",30844118
28,New,['비투비'],너 없인 안 된다,THIS IS US,"168,985",31133898
29,+55,['방탄소년단'],Anpanman,LOVE YOURSELF 轉 `Tear`,"169,020",31085244
30,-9,['멜로망스'],선물,Moonlight,"288,466",30514366
31,-4,['닐로(Nilo)'],넋두리,넋두리,"104,743",9642570
32,-8,['Camila Cabello'],Havana (Feat. Young Thug),Camila,"183,713",30567963
33,-26,['Crush'],잊을만하면,잊을만하면,"82,141",31056799
34,-20,['BIGBANG'],꽃 길,꽃 길,"182,735",30948698
35,New,['Wanna One (워너원) - 더힐'],모래시계 (Prod. 헤이즈),1÷χ=1 (UNDIVIDED),"92,933",31113243
36,+2,['Wanna One (워너원)'],BOOMERANG (부메랑),0+1=1 (I PROMISE YOU),"148,017",30960341
37,+2,['Ed Sheeran'],Shape of You,÷ (Deluxe),"275,774",30188113
38,-22,['WINNER'],EVERYDAY,EVERYD4Y,"137,151",30997649
39,-26,['멜로망스'],욕심,욕심,"71,252",31046548
40,-11,['먼데이 키즈 (Monday Kiz)'],가을 안부,가을 안부,"144,538",30669593
41,+59,['벤'],열애중,RECIPE,"171,760",31062863
42,+17,['Wanna One (워너원)'],에너제틱 (Energetic),1X1=1(TO BE ONE),"297,841",30568338
43,+48,['방탄소년단'],Airplane pt.2,LOVE YOURSELF 轉 `Tear`,"148,149",31085243
44,-29,"['김하온 (HAON)', '빈첸 (VINXEN)']",바코드 (Prod. GroovyRoom),고등래퍼2 팀대항전 Part 3,"140,499",30989550
45,+2,['양다일'],미안해,inside,"166,030",30809895
46,-11,['길구봉구'],이 별,Star,"141,354",30637776
47,+17,['Wanna One (워너원)'],Beautiful,1-1=0 (NOTHING WITHOUT YOU),"238,187",30725482
48,+35,['방탄소년단'],낙원,LOVE YOURSELF 轉 `Tear`,"139,758",31085240
49,-5,['아이유'],밤편지,밤편지,"352,400",30314784
50,+2,['펜타곤'],빛나리,Positive,"99,615",30992157
51,New,['펀치 (Punch)'],이 밤의 끝,이 밤의 끝,"42,896",31107239
52,+14,['윤건'],우리 둘만 아는,우리 둘만 아는,"84,178",30702937
53,+12,['비투비'],그리워하다,Brother Act.,"237,633",30672529
54,+36,['방탄소년단'],Magic Shop,LOVE YOURSELF 轉 `Tear`,"154,362",31085242
55,-14,['헤이즈 (Heize)'],비도 오고 그래서 (Feat. 신용재),/// (너 먹구름 비),"241,349",30492279
56,-13,['펀치 (Punch)'],밤이 되니까,밤이 되니까,"175,362",30659630
57,+30,['방탄소년단'],Love Maze,LOVE YOURSELF 轉 `Tear`,"142,685",31085241
58,New,['Wanna One (워너원) - 린온미'],영원+1 (Prod. NELL),1÷χ=1 (UNDIVIDED),"84,432",31113242
59,+23,['방탄소년단'],134340,LOVE YOURSELF 轉 `Tear`,"133,013",31085239
60,+1,['Imagine Dragons'],Thunder,Evolve,"135,125",30393293
61,-12,['윤종신'],좋니,LISTEN 010 좋니,"326,753",30486509
62,+1,['Wanna One (워너원)'],약속해요 (I.P.U.),0+1=1 (I PROMISE YOU),"157,270",30930312
63,-27,['Red Velvet (레드벨벳)'],Bad Boy,The Perfect Red Velvet - The 2nd Album Repackage,"165,093",30864993
64,-32,['헤이즈 (Heize)'],Jenga (Feat. Gaeko),바람,"102,206",30939452
65,-12,['포맨'],눈 떠보니 이별이더라,REMEMBER ME,"94,809",30690674
66,-6,['Red Velvet (레드벨벳)'],빨간 맛 (Red Flavor),The Red Summer - Summer Mini Album,"218,918",30512671
67,-9,['WINNER'],REALLY REALLY,FATE NUMBER FOR,"220,676",30341745
68,New,['Wanna One (워너원) - 남바완'],11 (Prod. 다이나믹듀오),1÷χ=1 (UNDIVIDED),"74,100",31113244
69,-19,['박원'],all of my life,0M,"212,893",30550388
70,New,['방탄소년단'],So What,LOVE YOURSELF 轉 `Tear`,"128,827",31085245
71,+2,['BLACKPINK'],마지막처럼,마지막처럼,"183,859",30481578
72,-44,['EXO-CBX (첸백시)'],花요일 (Blooming Day),Blooming Days - The 2nd Mini Album,"120,975",31009483
73,-22,['정승환'],눈사람,그리고 봄,"178,077",30877002
74,-28,['TWICE (트와이스)'],Heart Shaker,Merry & Happy,"139,615",30781481
75,New,['SHINee (샤이니)'],데리러 가 (Good Evening),`The Story of Light` EP.1 - The 6th Album,"55,000",31097925
76,New,['볼빨간사춘기'],Lonely,Red Diary Page.2,"52,928",31093714
77,-51,"['Rohann (이로한)', '오담률 (CHIN CHILLA)']",북 (Prod. SLO),고등래퍼2 팀대항전 Part.1,"88,897",30957524
78,-30,['우원재'],시차 (We Are) (Feat. 로꼬 & GRAY),시차 (We Are),"265,655",30613202
79,-34,['DEAN'],instagram,instagram,"208,342",30806580
80,New,['방탄소년단'],Intro : Singularity,LOVE YOURSELF 轉 `Tear`,"116,166",31085236
81,-48,['문문 (MoonMoon)'],비행운,LIFE IS BEAUTY FULL,"201,282",30086173
82,New,['방탄소년단'],Outro : Tear,LOVE YOURSELF 轉 `Tear`,"111,630",31085246
83,-14,['Shawn Mendes'],There`s Nothing Holdin` Me Back,Illuminate (Deluxe),"157,771",30380953
84,-27,['TWICE (트와이스)'],LIKEY,twicetagram,"137,634",30700708
85,-54,['빈첸 (VINXEN)'],전혀 (Feat. 우원재) (Prod. GroovyRoom),고등래퍼2 Final,"83,496",31019586
86,New,['비투비'],The Feeling,THIS IS US,"66,242",31123630
87,-9,['Sondia'],어른,나의 아저씨 OST Part.2,"100,759",30985406
88,-51,"['김하온 (HAON)', '박준호 (PULLIK)']",어린 왕자 (Prod. Godic),고등래퍼2 팀대항전 Part.2,"86,193",30974156
89,-22,['EXO'],Universe,"Universe - 겨울 스페셜 앨범, 2017","189,195",30806536
90,New,['Troye Sivan'],YOUTH,Blue Neighbourhood (Deluxe),"213,797",7928705
91,-29,['볼빨간사춘기'],#첫사랑,#첫사랑,"107,361",30829858
92,New,['볼빨간사춘기'],바람사람,Red Diary Page.2,"31,746",31093709
93,-39,['문문 (MoonMoon)'],결혼,이번 생은 처음이라 OST Part.4,"74,507",30689468
94,New,['Sia'],Chandelier,Chandelier (Single),"151,020",4534974
95,-24,['에일리'],첫눈처럼 너에게 가겠다,도깨비 OST Part.9,"298,833",30190630
96,New,['길구봉구'],"다시, 우리","다시, 우리","28,697",31093282
97,-2,['폴킴'],비,비,"241,281",8235260
98,New,['방탄소년단'],FAKE LOVE (Rocking Vibe Mix),FAKE LOVE (Rocking Vibe Mix),"74,668",31113142
99,-29,['박원'],노력,1/24,"159,526",30099927
100,-23,['볼빨간사춘기'],썸 탈꺼야,Red Diary Page.1,"177,700",30657307
