﻿rank,rank_change,singer,title,album,like,song_code
1,New,['싸이 (PSY)'],GENTLEMAN,GENTLEMAN,"104,962",4085875
2,New,['다비치'],녹는 중 (Feat. 버벌진트),녹는 중,"56,818",4072715
3,New,['케이윌'],Love Blossom (러브블러썸),The 3rd Album Part.2 `Love Blossom (러브블러썸)`,"107,337",4076051
4,New,['긱스 (Geeks)'],어때 (Feat. 하림),어때,"54,069",4074419
5,+5,['버스커 버스커'],벚꽃 엔딩,버스커 버스커 1집,"343,122",3753304
6,+86,['이하이'],Rose,First Love,"61,125",4070103
7,-4,['다비치'],거북이,Mystic Ballad Part.1,"84,625",4047160
8,New,['린'],오늘 밤 (Feat. 배치기),8th #1 유리 심장,"50,713",4082435
9,-0,['AKMU (악동뮤지션)'],Crescendo (크레셴도),SBS K팝 스타 시즌2 TOP 6,"77,216",4053240
10,New,['AKMU (악동뮤지션)'],외국인의 고백,SBS K팝 스타 시즌2 TOP 3 Part.2,"59,358",4076109
11,New,"['15& (박지민, 백예린)']",Somebody,Somebody,"28,430",4079025
12,+5,['태연 (TAEYEON)'],그리고 하나,"그 겨울, 바람이 분다 OST Part.5","49,377",4056159
13,New,['조용필'],Bounce,Bounce,"66,670",4089360
14,-13,['거미'],눈꽃,"그 겨울, 바람이 분다 OST Part.3","56,712",4044859
15,New,['홍대광'],굿바이 (With 소유 Of 씨스타),멀어진다,"29,419",4076648
16,+11,['걸스데이'],기대해,기대,"48,948",4054983
17,+11,['다비치'],둘이서 한잔해,Mystic Ballad Part.2,"26,395",4060136
18,-13,['The One (더원)'],겨울사랑,"그 겨울, 바람이 분다 OST Part.2","62,244",4038857
19,New,['Zion.T'],Babay (Feat. Gaeko),Red Light,"44,247",4081054
20,New,['서인국'],웃다 울다,웃다 울다,"34,954",4084675
21,New,"['배치기', '신보라']",사랑하니까,내 연애의 모든 것 OST Part.1,"17,902",4076105
22,-18,['허각'],모노드라마 (With 유승우),LITTLE GIANT,"96,990",4019298
23,+7,['Supreme Team'],그대로 있어도 돼 (Feat. Crush),Thanks 4 The Wait,"49,601",4061513
24,-17,['2AM'],어느 봄날,어느 봄날,"34,237",4048381
25,-23,['씨스타19'],있다 없으니까 (Gone Not Around Any Longer),있다 없으니까,"69,266",4024692
26,New,"['써니힐', '데이브레이크 (DAYBREAK)']",들었다 놨다 (Love Actually),re;code Episode III,"39,061",4074795
27,+30,['인피니트'],Man In Love (남자가 사랑할때),New Challenge,"61,371",4064020
28,-22,['리쌍'],눈물 (Feat. 유진 Of 더 씨야),이단옆차기 프로젝트 Vol.02,"106,603",4020215
29,New,['AKMU (악동뮤지션)'],Officially Missing You,SBS K팝 스타 시즌2 Top 2 Special,"35,849",4082947
30,-22,['배치기'],눈물샤워 (Feat. 에일리),4집 Part.2,"91,430",4011596
31,New,['로이킴'],봄봄봄,봄봄봄,"124,306",4091105
32,-21,['이하이'],It`s Over,First Love,"27,587",4050612
33,New,['일렉트로보이즈'],Ma Boy 3 (Feat. 나나 Of 오렌지캬라멜),In Love,"9,893",4073717
34,-20,['버벌진트'],이게 사랑이 아니면 (Feat. 에일리),이게 사랑이 아니면,"45,818",4038121
35,-16,['틴탑'],긴 생머리 그녀 (Miss Right),No.1,"31,870",4042480
36,-20,['다비치'],모르시나요,아이리스Ⅱ OST Part 1,"28,966",4033059
37,+34,['윤하 (YOUNHA)'],아니야,아니야,"21,419",4065409
38,-25,['허각'],1440,LITTLE GIANT,"48,971",4027904
39,New,['AKMU (악동뮤지션)'],사랑은 은하수 다방에서,SBS K팝 스타 시즌2 TOP 4,"27,752",4066001
40,New,['라디 (Ra. D)'],고마워 고마워,작은 이야기,"19,984",4071267
41,-29,['SHINee (샤이니)'],Dream Girl,SHINee The 3rd Album Chapter 1. `Dream Girl - The Misconceptions Of You`,"55,045",4037314
42,New,"['알리 (ALi)', 'C-CLOWN']",그땐 그랬지,그땐 그랬지,"9,085",4073600
43,-28,['포맨'],안녕 나야,The 5th Album Vol.1 (실화),"53,862",4021445
44,-3,['신용재'],가수가 된 이유,24,"89,676",3864961
45,-20,"['긱스 (Geeks)', '소유 (SOYOU)']","Officially Missing You, Too",re;code Episode I,"112,057",3946867
46,-3,['프라이머리'],자니 (Feat. Dynamic Duo),자니,"155,966",3726617
47,New,"['가인', '조형우']",Brunch,Romantic Spring,"16,994",4075988
48,-4,['지나'],Oops! (Feat. 정일훈 Of BTOB),Beautiful Kisses,"13,872",4057485
49,-28,['레인보우'],Tell Me Tell Me,Rainbow Syndrome,"26,558",4033065
50,New,['포맨'],Thank You,Thank You,"10,766",4091085
51,New,['박재범'],좋아 (JOAH),JOAH,"91,759",4082812
52,New,['김진표'],너는 나를 (Feat. 조현아 Of 어반자카파),5 Break-Up Stories,"22,504",4071284
53,-35,['AKMU (악동뮤지션)'],라면인건가,SBS K팝 스타 시즌2 TOP 10 (1회),"42,544",4036019
54,New,['조용필'],Hello (Feat. 버벌진트),Hello,"31,986",4095729
55,-20,['프라이머리'],"? (물음표) (Feat. 최자 Of 다이나믹듀오, Zion.T)",Primary And The Messengers LP,"116,990",3947371
56,New,['AKMU (악동뮤지션)'],I Love You,내 연애의 모든 것 OST Part.3,"85,511",4097003
57,New,['어반자카파'],그냥 조금,나인 OST Part 4,"21,129",4088114
58,+15,['버스커 버스커'],여수 밤바다,버스커 버스커 1집,"140,276",3753303
59,-21,['Carly Rae Jepsen'],Call Me Maybe,Call Me Maybe,"120,453",3726439
60,-24,['알리 (ALi)'],지우개,지우개,"73,097",4023744
61,+20,['버스커 버스커'],첫사랑,버스커 버스커 1집,"98,033",3753302
62,New,['최자'],없어,Traveler,"6,164",4072762
63,New,['백지영'],아카시아,OST Best (Flash Back),"7,648",4066840
64,+12,['버스커 버스커'],정말로 사랑한다면,버스커 버스커 1집 마무리,"106,792",3832101
65,+12,['레이디스 코드'],나쁜여자,CODE#01 나쁜여자,"26,714",4050616
66,New,['팬텀'],몸만와 (With 버벌진트),몸만와,"12,773",4067093
67,New,['이상곤 (노을)'],사랑이 아프다,구가의 서 OST Part.2,"16,405",4081009
68,New,['백지영'],봄비,구가의 서 OST Part.4,"16,437",4094355
69,New,['백아연'],사랑학개론,남자가 사랑할 때 OST Part.1,"6,644",4082282
70,-23,['나얼'],바람기억,Principle Of My Soul,"212,321",3910821
71,-49,['에일리'],얼음꽃,야왕 OST Part.2,"37,804",4021279
72,+13,['프라이머리'],"씨스루 (Feat. Zion.T, 개코 Of 다이나믹듀오)",Primary And The Messengers LP,"89,975",3948908
73,New,['케이윌'],Lay Back,The 3rd Album Part.2 `Love Blossom (러브블러썸)`,"44,837",4076053
74,-42,['Zion.T'],뻔한 멜로디 (Feat. Crush),뻔한 멜로디,"55,272",4047415
75,-52,['서인국'],너 땜에 못살아 (Feat. 버벌진트),Y.BIRD From Jellyfish With 서인국,"25,177",4026975
76,New,['40'],봄을 노래하다,April`s Spring,"50,866",4079217
77,-15,['긱스 (Geeks)'],Officially Missing You,Officially Missing You,"125,153",3170749
78,New,['임재범'],비가,"장옥정, 사랑에 살다 OST Part.1","9,584",4079237
79,-59,['CNBLUE (씨엔블루)'],I`m Sorry,Re:BLUE,"41,333",4011608
80,-43,['노을'],어떤가요,아이리스Ⅱ OST Part 2,"23,933",4038859
81,-55,['김보경 (NEON)'],혼자라고 생각말기 (슈퍼스타 K5 송희진 오디션 참가곡),학교 OST Part.3,"45,123",3996508
82,-58,['라디 (Ra. D)'],오랜만이죠 (Feat. 신지수),오랜만이죠,"40,801",4027796
83,-54,['소녀시대 (GIRLS` GENERATION)'],I Got A Boy,I Got A Boy,"55,942",4001331
84,-45,['이승기'],되돌리다,숲,"173,089",3968836
85,New,['서인영'],너는 사랑이다,돈의 화신 OST Part.6,"5,898",4070278
86,New,['Zion.T'],She (Feat. Beenzino),Red Light,"31,064",4081052
87,New,['버스커 버스커'],꽃송이가,슈퍼스타K 4,"5,577",3942707
88,-22,['2BIC(투빅)'],Bye Bye Love,Back To Black,"9,632",4058541
89,-56,['포맨'],My Angel (Feat. 윤후) (MBC `아빠! 어디가?` 윤후 자장가 삽입곡),The 3rd Generation (Special Album),"33,718",2544954
90,-27,['AKMU (악동뮤지션)'],매력있어,SBS K팝 스타 시즌2 `매력있어`,"47,430",3987723
91,New,['윤건'],딱 한잔만,딱 한잔만,"3,599",4085652
92,New,['비투비'],두 번째 고백,두 번째 고백,"68,555",4080846
93,-43,['노을'],하지 못한 말,TIME FOR LOVE,"97,638",3953192
94,-63,['개코'],될 대로 되라고 해 (느낌 So Good),GAEKO ATTIC`s 1st PIECE,"42,377",4035640
95,New,['더 포지션'],봄에게 바라는 것,봄에게 바라는 것,"11,683",4070314
96,New,['10CM'],아마도,직장의 신 OST Part.1,"4,549",4071860
97,New,['가비엔제이'],이별극장,이별극장,"7,075",4093313
98,-43,['정인'],그 뻔한 말,그니,"13,094",4054905
99,New,"['윤성기', '조재일']",말하는 대로,보이스코리아2 Part 5,"11,289",4078905
100,New,['윤하 (YOUNHA)'],멀리서 안부,직장의 신 OST Part.2,"21,242",4079731
