﻿rank,rank_change,singer,title,album,like,song_code
1,New,['트러블메이커'],내일은 없어,Chemistry,"40,999",4294284
2,New,['형용돈죵 (정형돈 & G-DRAGON)'],해볼라고,무한도전 자유로 가요제,"46,725",4302973
3,New,['성시경'],너에게,응답하라 1994 OST Part 2,"94,341",4300699
4,+55,['박지윤'],미스터리 (Feat. San E),미스터 (Mr.),"50,064",4282710
5,New,['에일리'],눈물이 맘을 훔쳐서,비밀 OST Part.5,"61,483",4296990
6,New,['거머리 (박명수 & 프라이머리)'],I Got C (Feat. 개코 Of 다이나믹 듀오),무한도전 자유로 가요제,"42,471",4302975
7,New,['하우두유둘 (유재석 & 유희열)'],Please Don`t Go My Girl (Feat. 김조한),무한도전 자유로 가요제,"32,058",4302974
8,+15,['케이윌'],촌스럽게 왜 이래 (You Don`t Know Love),Will In Fall,"47,777",4282578
9,-7,['아이유'],분홍신,Modern Times,"94,164",4268435
10,New,['미쓰에이'],Hush,Hush,"33,019",4308010
11,New,['San E'],"어디서 잤어 (Feat. 버벌진트, 스윙스)",어디서 잤어,"32,018",4307957
12,New,['장미하관 (노홍철 & 장미여관)'],오빠라고 불러다오,무한도전 자유로 가요제,"26,261",4302976
13,-12,['버스커 버스커'],처음엔 사랑이란게,버스커 버스커 2집,"121,144",4252728
14,-11,"['소유 (SOYOU)', '매드클라운']",착해 빠졌어 (Stupid In Love),착해 빠졌어 (Stupid In Love),"126,144",4237755
15,-10,['임창정'],나란놈이란,나란놈이란,"87,104",4249547
16,New,['브라운 아이드 소울'],Always be there,Always be there,"25,633",4298535
17,New,['다비치'],편지,DAVICHI CODE,"44,792",4309790
18,-10,['G-DRAGON'],삐딱하게 (Crooked),쿠데타 (COUP D`ETAT),"115,258",4232200
19,New,['이창민'],Moment,상속자들 OST Part 3,"37,984",4289386
20,+8,['티아라'],넘버나인 (No.9),Again,"27,737",4271833
21,New,['태양'],링가 링가 (RINGA LINGA),RINGA LINGA,"34,536",4300927
22,New,['박효신'],It`s You,미래의 선택 OST Part 4,"38,267",4314704
23,New,['병살 (정준하 & 김C)'],"사라질것들 (Feat. 이소라, Beenzino)",무한도전 자유로 가요제,"23,940",4302972
24,-17,['윤미래'],Touch Love,주군의 태양 OST Part.4,"76,926",4221128
25,-21,['버스커 버스커'],잘할 걸,버스커 버스커 2집,"67,635",4252726
26,New,['노을'],밤이 오는 거리 (Feat. 다이나믹듀오),밤이 오는 거리,"24,231",4317286
27,+5,['정준영'],이별 10분 전,1st 미니앨범,"63,118",4271854
28,-7,['레이디스 코드'],예뻐 예뻐,CODE#02 PRETTY PRETTY,"47,304",4230002
29,New,['무한도전'],"그래, 우리 함께",무한도전 자유로 가요제,"44,129",4302979
30,-19,['EXO'],으르렁 (Growl),The 1st Album `XOXO` Repackage,"180,286",4193337
31,New,['허각'],향기만 남아,Reminisce,"46,890",4312933
32,-17,['블락비 (Block B)'],Very Good,Very Good,"60,359",4262252
33,-27,['버스커 버스커'],사랑은 타이밍,버스커 버스커 2집,"57,296",4252727
34,New,['G.A.B (길 & BoA)'],G.A.B,무한도전 자유로 가요제,"11,378",4302978
35,New,['이적'],거짓말 거짓말 거짓말,고독의 의미,"98,735",4312955
36,New,['세븐티핑거스 (하하 & 장기하와 얼굴들)'],슈퍼잡초맨,무한도전 자유로 가요제,"12,502",4302977
37,-8,['노을'],만약에 말야 (전우성 Solo),TIME FOR LOVE,"84,445",3953196
38,-1,['프라이머리'],자니 (Feat. Dynamic Duo),자니,"155,966",3726617
39,-17,['San E'],아는사람 얘기,아는사람 얘기,"101,408",4192787
40,New,['T.O.P'],DOOM DADA,DOOM DADA,"37,878",4320843
41,New,['어반자카파'],거꾸로 걷는다,거꾸로 걷는다,"21,576",4287434
42,+22,['나비'],불치병 (Feat. 키비 Of 이루펀트),비밀 OST Part.1,"29,620",4262132
43,-31,['G-DRAGON'],니가 뭔데 (Who You?),쿠데타 (COUP D`ETAT),"88,742",4226211
44,+7,['장미여관'],봉숙이,산전수전 공중전,"24,740",4092360
45,New,['로이킴'],서울 이곳은,응답하라 1994 OST Part 1,"31,358",4282611
46,New,['정키'],홀로 (Feat. 김나영),Break Up,"134,921",3893169
47,+7,['SHINee (샤이니)'],Everybody,The 5th Mini Album `Everybody`,"34,477",4274230
48,New,['포맨'],가시사랑,기황후 OST Part.1,"12,890",4294468
49,-24,['범키'],갖고놀래 (Feat. 다이나믹 듀오),갖고놀래,"88,986",4205993
50,-37,['아이유'],누구나 비밀은 있다 (Feat. 가인 Of Brown Eyed Girls),Modern Times,"32,073",4268433
51,-6,['프라이머리'],"씨스루 (Feat. Zion.T, 개코 Of 다이나믹듀오)",Primary And The Messengers LP,"89,975",3948908
52,-25,['Apink (에이핑크)'],NoNoNo,Secret Garden,"96,567",4163116
53,-33,['G-DRAGON'],Black (Feat. 제니 of BLACKPINK),쿠데타 (COUP D`ETAT),"87,113",4226210
54,New,['칸토'],말만해 (What You Want) (Feat. 김성규),말만해 (What You Want),"29,851",4286274
55,+29,['이홍기 (FT아일랜드)'],말이야,상속자들 OST Part 1,"23,651",4270949
56,New,['임정희'],Feel So Good (Feat. 홍대광),Feel So Good,"8,509",4309958
57,New,['애즈원'],2013 원하고 원망하죠,New Wave Studio (Vol.3),"11,411",4308050
58,-18,['김진호 (SG워너비)'],살다가,불후의 명곡 - 전설을 노래하다 (추모연가 7편),"21,328",4275833
59,New,['유승우'],유후(U Who?) (Feat. San E),유후 (U Who?),"15,110",4279327
60,+34,['김보경 (NEON)'],그때로 가고싶다,비밀 OST Part 3,"19,304",4277805
61,New,['이적'],비포 선라이즈 (Duet With 정인),고독의 의미,"35,126",4312959
62,New,['2NE1'],그리워해요,그리워해요,"72,952",4328659
63,-45,['효린'],미치게 만들어,주군의 태양 OST Part.3,"52,115",4212782
64,-54,['버스커 버스커'],그대 입술이 (With 채지연 - 풋풋),버스커 버스커 2집,"27,844",4252730
65,-3,['프라이머리'],"? (물음표) (Feat. 최자 Of 다이나믹듀오, Zion.T)",Primary And The Messengers LP,"116,990",3947371
66,-23,['범키'],미친연애 (Bad Girl) (Feat. E-Sens Of 슈프림팀),미친연애,"86,113",4130922
67,-26,['이승철'],My Love,MY LOVE,"91,288",4142913
68,-30,['크레용팝'],빠빠빠,빠빠빠,"60,935",4148967
69,-60,['버스커 버스커'],시원한 여자,버스커 버스커 2집,"26,334",4252729
70,-28,['에일리'],U & I,A`s Doll House,"71,256",4171462
71,+21,['먼데이 키즈 (Monday Kiz)'],그대여,Unfinished,"41,849",4259861
72,-53,['서인국'],겁도 없이,주군의 태양 OST Part.7,"30,678",4247632
73,+6,['케이윌'],니가 아닌 것 같아 (It`s Not You),Will In Fall,"13,933",4282579
74,+12,['Ylvis'],The Fox,The Fox,"41,150",4236972
75,-28,"['윤종신', '성시경']",내일 할 일,2013 월간 윤종신 Repair 2월호,"66,160",4027954
76,-52,['서인영'],나를 사랑해줘 (Feat. 개코 Of 다이나믹 듀오),나를 사랑해줘,"16,894",4264912
77,-25,['다이나믹 듀오'],BAAAM (Feat. Muzie Of UV),Luckynumbers,"82,021",4160246
78,-64,['버스커 버스커'],밤,버스커 버스커 2집,"34,253",4252733
79,New,['임창정'],오랜만이야,Return To My World,"57,382",2101171
80,New,['임창정'],소주한잔,Remind,"64,883",2575587
81,New,['유성은'],Healing,Healing,"12,761",4309802
82,New,['J.Lee'],같이 사랑했는데 (Duet With 하동균),이정 10주년 기념 앨범 Part 02 `Synergy`,"15,498",4314604
83,New,['WIN'],Go Up (Team A),Final Battle,"21,037",4294561
84,New,['임창정'],문을 여시오 (Feat. 김창렬) (New Ver.),문을 여시오,"18,017",4297233
85,New,['M&N (미료&나르샤)'],오늘밤,오늘밤,"8,770",4312952
86,-53,['선미'],24시간이 모자라,24시간이 모자라,"36,528",4212184
87,-71,['버스커 버스커'],줄리엣,버스커 버스커 2집,"22,272",4252731
88,-49,"['지아', '이해리 (다비치)']",사랑했었다면,사랑했었다면,"22,286",4232054
89,-72,['버스커 버스커'],아름다운 나이,버스커 버스커 2집,"24,618",4252732
90,New,['B1A4'],그대와 함께,응답하라 1994 OST Part 3,"26,397",4311261
91,-65,['아이유'],을의 연애 (With 박주원),Modern Times,"27,541",4268432
92,New,['김범수'],끝사랑,Solista Part.2,"110,177",3436083
93,New,['San E'],이별식탁 (Feat. 산체스 Of 팬텀),`Not` Based On The True Story,"47,794",4328770
94,-64,['아이유'],입술 사이 (50cm),Modern Times,"26,695",4268434
95,New,['김조한'],별.달.다 (Feat. 조현아 Of 어반자카파),김조한 디지털싱글 2013,"5,676",4300740
96,New,['문명진'],또 운다,상속자들 OST Part 6,"21,876",4316862
97,-61,['아이유'],Modern Times,Modern Times,"40,046",4268436
98,-9,['자우림'],"스물다섯, 스물하나","Goodbye, grief.","91,648",4276080
99,New,['나인뮤지스'],건 (Gun),Prima Donna,"12,234",4276045
100,-42,['다비치'],오늘따라 보고싶어서 그래,여름날의 추억,"66,748",4163613
