﻿rank,rank_change,singer,title,album,like,song_code
1,+51,['이승기'],되돌리다,숲,"173,089",3968836
2,New,['양요섭'],카페인 (Feat. 용준형 Of BEAST),The First Collage,"90,070",3971021
3,-1,"['긱스 (Geeks)', '소유 (SOYOU)']","Officially Missing You, Too",re;code Episode I,"112,057",3946867
4,New,['AKMU (악동뮤지션)'],다리꼬지마,SBS K팝 스타 시즌2 `다리꼬지마`,"50,493",3970899
5,+8,['노을'],하지 못한 말,TIME FOR LOVE,"97,638",3953192
6,-5,['이하이'],"1,2,3,4 (원,투,쓰리,포)","1,2,3,4 (원,투,쓰리,포)","84,156",3946768
7,New,"['성시경', '박효신', '이석훈', '서인국', 'VIXX (빅스)']",크리스마스니까,Jelly Christmas 2012 HEART PROJECT,"145,667",3973781
8,-5,['에일리'],보여줄게,Invitation,"92,756",3929469
9,-3,['프라이머리'],"? (물음표) (Feat. 최자 Of 다이나믹듀오, Zion.T)",Primary And The Messengers LP,"116,990",3947371
10,+72,['JUNIEL'],나쁜 사람,원앤원 (1&1),"50,422",3966128
11,+47,['로이킴'],힐링이 필요해,슈퍼스타K4 Top 12 Part.6,"46,557",3964483
12,New,"['케이윌', '소유 (SOYOU)', '정민']",하얀 설레임 (White Love),Starship Planet 2012 (스타쉽플래닛),"20,051",3975504
13,+61,['이하이'],허수아비,허수아비,"43,276",3968900
14,-9,"['로이킴', '정준영']",먼지가 되어,슈퍼스타 K4 Top 12 Part.1,"79,700",3928293
15,-11,['케이윌'],이러지마 제발 (Please Don`t...),The 3rd Album Part.1,"83,432",3922071
16,New,['AKMU (악동뮤지션)'],매력있어,SBS K팝 스타 시즌2 `매력있어`,"47,430",3987723
17,-5,['로이킴'],휘파람,슈퍼스타 K4 Top 12 Part.2,"60,443",3936237
18,-11,['별'],귀여워 (With 권정열 Of 10cm),귀여워,"52,754",3940533
19,New,['로이킴'],스쳐간다,스쳐간다,"31,282",3972199
20,New,['시크릿'],TALK THAT,TALK THAT,"15,024",3976699
21,New,"['김범수', '박정현']",하얀 겨울,하얀 겨울,"22,572",3976916
22,-7,['나얼'],바람기억,Principle Of My Soul,"212,321",3910821
23,New,['지아'],일 년째,ANEMONE,"18,194",3983239
24,-16,['미쓰에이'],남자 없이 잘 살아,Independent Women pt.Ⅲ,"34,389",3928294
25,New,['가인'],노스텔지아 (Feat. 에릭),노스텔지아,"28,285",3976806
26,-17,['가인'],피어나,Talk About S.,"65,198",3911750
27,-17,['현아'],Ice Cream (Feat. Maboos),MELTING,"23,006",3935594
28,+20,['지아'],눈물이 툭 (Feat. 박경 Of 블락비),눈물이 툭,"14,383",3963395
29,-15,['J.Lee'],말리꽃 (원곡가수 이승철),`나는 가수다 2` 10월 B조 경연,"33,057",3928194
30,-12,"['서인국', '정은지']",All For You,응답하라 1997 Love Story Part 1,"154,819",3890826
31,New,['넬 (NELL)'],백야,Holding Onto Gravity,"25,793",3978258
32,New,['이승기'],숲,숲,"19,430",3968837
33,+3,['정준영'],응급실,슈퍼스타K4 Top 12 Part.5,"26,158",3957743
34,New,['뚱스'],쩔어,쩔어,"11,492",3971070
35,-18,['어반자카파'],똑같은 사랑 똑같은 이별,[02],"55,666",3940755
36,-25,['에픽하이 (EPIK HIGH)'],춥다 (Feat. 이하이),99,"75,366",3922586
37,-21,['블락비 (Block B)'],닐리리맘보,BLOCKBUSTER,"54,187",3928713
38,New,['써니힐'],Goodbye To Romance,Antique Romance,"63,697",3986978
39,-5,['긱스 (Geeks)'],Officially Missing You,Officially Missing You,"125,153",3170749
40,New,['DK'],깊은밤 슬픈노래,깊은밤 슬픈노래,"5,215",3972110
41,-15,"['허각', '지아']",I Need You,I Need You,"97,530",3884575
42,New,['이승기'],사랑한다는 말,숲,"15,807",3968838
43,-11,['NS 윤지'],If You Love Me (Feat. 박재범),If You Love Me (Feat. 박재범),"46,696",3948917
44,+20,['손담비'],눈물이 주르륵,눈물이 주르륵,"12,463",3953475
45,New,['노을'],반창꼬,반창꼬,"33,245",3986186
46,-26,['오렌지 캬라멜'],립스틱 (LIPSTICK),립스틱 (LIPSTICK),"36,884",3903316
47,-26,['G-DRAGON'],크레용 (Crayon),One Of A Kind,"63,907",3906377
48,-23,['XIA (준수)'],사랑은 눈꽃처럼,세상 어디에도 없는 착한남자 OST Part.1,"65,027",3914860
49,New,['소녀시대 (GIRLS` GENERATION)'],Dancing Queen,I Got A Boy,"26,548",3994911
50,-27,['G-DRAGON'],Missing You (Feat. 김윤아 Of 자우림),One Of A Kind,"100,951",3906383
51,New,['더 씨야'],독약 (毒藥) (Feat. 해리 Of 다비치),LOVE U,"10,150",3982256
52,+41,['달샤벳'],있기 없기,있기 없기,"11,776",3958817
53,New,['J.Lee'],사랑해 봤니,Thank You,"10,816",3966937
54,New,['별'],니 얼굴 떠올라 (Feat. 스윙스),보고싶다 OST Part.3,"13,108",3980980
55,New,['Mariah Carey'],All I Want For Christmas Is You,Merry Christmas (Deluxe Anniversary Edition),"128,873",14776
56,-6,['더 씨야'],내 맘은 죽어가요 (Feat. Speed),Good To Seeya,"8,655",3955584
57,-28,['걸스데이'],나를 잊지마요,Girl`s Day Party #5,"28,737",3939070
58,+11,['Carly Rae Jepsen'],Call Me Maybe,Call Me Maybe,"120,453",3726439
59,-32,['프라이머리'],독 (Feat. E-Sens Of 슈프림팀),Primary And The Messengers LP,"108,278",3940613
60,-5,['에일리'],저녁 하늘,Invitation,"146,779",3929471
61,New,['하림'],사랑이 다른 사랑으로 잊혀지네,Whistle In A Maze,"66,245",1589050
62,New,['The One (더원)'],사랑아,`나는 가수다 2` 2012 가왕전 개막제,"25,592",3964142
63,+26,['B1A4'],걸어 본다,IN THE WIND,"34,711",3957639
64,-25,['싸이 (PSY)'],강남스타일,싸이6甲 Part.1,"153,288",3853978
65,-30,['티아라'],SEXY LOVE,MIRAGE,"32,551",3893934
66,-47,['유승우'],My Son,슈퍼스타 K4 Top 12 Part.1,"23,387",3928290
67,-43,['10CM'],Fine Thank You And You?,2.0,"48,578",3922575
68,New,"['오렌지 캬라멜', '뉴이스트']",흰눈 사이로 하이힐 타고,흰눈 사이로 하이힐 타고,"12,808",3988048
69,New,['딕펑스 (DICKPUNKS)'],떠나지마,슈퍼스타K4 Top 12 Part.6,"13,767",3964485
70,New,['2BIC(투빅)'],24시간후,24시간후,"6,803",3964472
71,New,['백아연'],키다리 아저씨,청담동 앨리스 OST Part.3,"17,030",3989869
72,New,"['지나', '산체스 (Sanchez)']",Beautiful Day,DOKKUN Project Pt.2,"9,546",3987981
73,New,"['버벌진트', '팬텀', '애즈원', '미스에스', '스윙스', '시진', '범키']",Happy Brand New Year,Brand New Year,"9,956",3981059
74,-33,['별'],나빠,NOSTALGIA,"10,324",3955148
75,New,['Alicia Keys'],"Tears Always Win (SBS `K팝스타 시즌5` 아이리스황, 이규원 가창곡)",Girl On Fire,"24,481",3971177
76,-6,['왁스'],떨어진다 눈물이,보고싶다 OST Part.1,"14,700",3947816
77,-44,['어반자카파'],River,[02],"55,625",3940684
78,New,['스피카'],LONELY,LONELY,"6,309",3967252
79,New,['C-CLOWN'],멀어질까봐,Young Love,"13,911",3962253
80,-40,['G-DRAGON'],그XX,One Of A Kind,"90,357",3894730
81,New,['용감한 녀석들'],자꾸만,자꾸만,"5,312",3977763
82,New,['김성규'],60초,Another Me,"40,960",3964349
83,New,['정엽'],우리는 없다,Part II : 우리는 없다,"5,079",3987104
84,New,['디셈버'],Don`t Go,The Last Legacy,"8,333",3994075
85,-55,['에픽하이 (EPIK HIGH)'],UP (Feat. 박봄 Of 2NE1),99,"20,188",3935148
86,New,['HUS (허밍어반스테레오)'],LOVE JAM (with Bebop),SPARKLE,"7,895",3975560
87,New,['클래지콰이'],함께라면 (Feat. 김진표) (JTBC 드라마 `우리 결혼할 수 있을까` 삽입),함께라면 (Can`t Go On My Own),"6,553",3980118
88,-60,['김종국'],남자가 다 그렇지 뭐,Journey Home,"12,270",3949994
89,-52,['에픽하이 (EPIK HIGH)'],Don`t Hate Me,99,"31,614",3935149
90,New,['화요비'],나는 위험해,I Am,"2,895",3970044
91,New,['이승기'],나에게 초대,숲,"10,143",3968839
92,-17,['딕펑스 (DICKPUNKS)'],연극이 끝난 후,슈퍼스타K4 Top 12 Part.5,"12,580",3957742
93,-13,['박보영'],나의 왕자님 (My Prince),늑대소년 OST,"40,254",3958499
94,-43,['윤건'],걷다,Far East 2 Bricklane,"26,017",3931559
95,New,['케이윌'],사랑은 이렇게,청담동 앨리스 OST Part.4,"13,945",3995922
96,-54,['어반자카파'],니가 싫어,니가 싫어,"57,796",3897152
97,New,['먼데이 키즈 (Monday Kiz)'],My Love,풀하우스 테이크2 OST Part.2,"3,805",3971183
98,New,['에일리'],My Grown Up Christmas List (Christmas Wish),"Hitman Project #1 : A Tribute To The Hitman, David Foster","5,230",3991037
99,-55,['싸이 (PSY)'],어땠을까 (Feat. 박정현),싸이6甲 Part.1,"115,834",3853980
100,New,['스윗소로우 (SWEET SORROW)'],12월의 이야기,Sweet Sorrow Christmas Single `12월의 이야기`,"3,836",3983343
