﻿rank,rank_change,singer,title,album,like,song_code
1,+87,['MC몽'],죽을 만큼 아파서 (Feat. 멜로우),블루브랜드 Trauma Part 2,"68,069",2733249
2,New,['미쓰에이'],Bad Girl Good Girl,Bad But Good,"27,648",2741416
3,-1,['아이유'],잔소리 (With 2AM 슬옹),잔소리,"67,810",2705410
4,New,['조권'],고백하던 날,고백하던 날,"10,786",2741566
5,New,['태양'],I Need A Girl (Feat. G-dragon),Solar,"24,530",2741397
6,New,['백지영'],시간이 지나면,Timeless : The Best,"2,934",2738241
7,+20,['씨스타'],Push Push (푸시 푸시),Push Push,"8,290",2705407
8,+53,['T.O.P'],Turn It Up,Turn It Up (Digital Single),"8,076",2728048
9,-6,['CNBLUE (씨엔블루)'],Love,Bluelove,"15,570",2679548
10,+23,['Supreme Team'],땡땡땡,Spin Off (Repackage),"24,914",2705414
11,-3,['서인영'],사랑이라 쓰고 아픔이라 부른다,Lov-Elly,"28,661",2703101
12,-11,['원더걸스'],2 Different Tears,2 Different Tears,"17,125",2684572
13,New,['손담비'],Can`t U See,The Queen,"2,844",2742586
14,New,['손담비'],queen,The Queen,"9,027",2748528
15,-10,['4minute'],HUH,Hit Your Heart,"6,440",2688949
16,New,['나르샤 (Brown Eyed Girls)'],I`m In Love,I`m In Love,"29,242",2743254
17,-13,['다비치'],시간아 멈춰라,Innocence,"22,018",2670748
18,-11,['엠블랙'],Y,Y,"6,319",2684461
19,+77,['환희'],바람이 되어서라도,로드 넘버원 OST Part.1,"6,881",2730675
20,-10,['디셈버'],별이될께,Tears In Heaven,"12,798",2682148
21,New,['나르샤 (Brown Eyed Girls)'],삐리빠빠,Narsha,"4,570",2746858
22,+53,['나비'],우리 정말 사랑했어요 (With 케이윌),우리 정말 사랑했어요,"8,412",2725948
23,+59,['오렌지 캬라멜'],마법소녀 (魔法少女),The First Mini Album,"10,005",2719683
24,-12,['화요비'],Bye Bye Bye,Hwayobi,"11,094",2697459
25,-19,['뜨거운 감자'],고백,시소,"59,024",2627301
26,-10,['CNBLUE (씨엔블루)'],사랑 빛,Bluelove,"35,317",2675871
27,New,['4minute'],I My Me Mine,Hit Your Heart,"4,927",2688951
28,New,['간미연'],미쳐가 (Feat. 엠블랙 미르),미쳐가,"1,197",2741360
29,+10,['KYT (코요태)'],리턴 (Return),코요태 어글리,"2,278",2714048
30,New,['박재범'],믿어줄래 (Full Melody Korean Ver.),믿어줄래,"13,295",2757170
31,-20,['바이브'],다시 와주라,Vibe In Praha,"42,039",2680552
32,New,['서현 (SEOHYUN)'],아파도 괜찮아요,김수로 OST Part.1,766,2735077
33,New,['포맨'],고해요 (Feat. Ben Of Bebe Mignon),나쁜남자 OST Part.4,"3,378",2730687
34,+13,['B.o.B'],Nothin` On You (Feat. 재범),Nothin` On You (Feat. 재범),"5,115",2722445
35,-18,['린'],자기야 여보야 사랑아,6th Part 2 `Candy Train`,"31,825",2680287
36,-27,['f(x)'],NU 예삐오 (NU ABO),NU 예삐오,"20,522",2667293
37,+18,['숙희'],One Love (Feat. 가희 Of 애프터스쿨),The First Experience,"6,845",2705548
38,New,['아이유'],여자라서,로드 넘버원 OST Part.3,"20,619",2759655
39,-19,['서영은'],이 거지같은 말 (With 정엽 Of 브라운 아이드 소울),With,"9,219",2660148
40,-21,['먼데이 키즈 (Monday Kiz)'],흩어져,New Sentimental,"4,896",2650539
41,New,['지나'],꺼져 줄게 잘 살아 (Feat. 용준형),Draw G`s First Breath,"11,717",2759748
42,-17,"['이승기', '김연아']",Smile Boy (Rock Ver.),Smile Boy (Rock Ver.),"8,569",2702486
43,New,['SUPER JUNIOR (슈퍼주니어)'],너 같은 사람 또 없어 (No Other),The 4th Album Repackage `미인아`,"8,648",2735380
44,New,['지나'],애인이 생기면 하고 싶은 일 (With 비),애인이 생기면 하고 싶은 일 (With 비),"14,857",2745357
45,-23,['거미'],남자라서,Loveless,"8,274",2667088
46,-32,['에이트'],이별이 온다,The Bridge,"5,938",2673348
47,New,['휘성 (Realslow)'],세상이 우릴 갈라도,로드 넘버원 OST Part.2,789,2741349
48,-33,['SS501'],Love Ya,Destination,"3,131",2692754
49,+13,['언터쳐블'],회전목마 (Feat. 진성 Of 먼데이키즈),회전목마,"10,042",2720569
50,-8,['일 락'],눈물이 왈칵 (Feat. 매직플로우),눈물이 왈칵,"1,421",2710203
51,New,['먼데이 키즈 (Monday Kiz)'],가시같은 사랑,김수로 OST Part.2,"1,191",2753448
52,-39,['서인국'],사랑해 U,Just Beginning,"10,492",2671449
53,New,['정엽'],혼잣말,나쁜남자 OST Part.5,"1,453",2749077
54,-25,['다비치'],사랑을 못해 이별을 못해,Innocence,"6,459",2671461
55,-31,['시크릿'],Magic,Secret Time,"7,645",2629049
56,New,['Eminem'],Love The Way You Lie (Feat. Rihanna),Recovery,"47,986",2728462
57,-36,['2PM'],Without U,Don`t Stop Can`t Stop,"5,605",2648642
58,New,['KCM'],죽도록 사랑해 (Feat. Soul Dive),제빵왕 김탁구 OST Part.2,"4,664",2735074
59,-31,['먼데이 키즈 (Monday Kiz)'],가지마,ru:t;,"4,550",2690353
60,-37,['왁스'],벌써 일년,WAX Unplugged Side B,"1,910",2703064
61,New,['Supreme Team'],너 때문이야 (Feat. Soulman),블루브랜드 Trauma Part 2,"26,625",2733251
62,New,['브라운 아이드 소울'],Can`t Stop Lovin` You,Can`t Stop Lovin` You,"1,284",2746256
63,-37,['브라운 아이드 소울'],Love Ballad,Love Ballad / Never Forget,"28,508",2676935
64,-29,['플라워'],기억해...사랑해...,Flower Tunes,"4,833",2705374
65,New,['환희'],내가 더 아플게,내가 더 아플게 (가슴아파도 Part.Ⅱ),"4,055",2758736
66,-8,"['조pd (ZoPD)', '나르샤 (Brown Eyed Girls)', '제아']",랄라랜드 (Feat. 브라운아이드걸스),랄라랜드,618,2718655
67,+4,['소연'],뭐라고 끝낼까,고사2 OST Part.1,"1,722",2719448
68,New,['빅마마'],절대,절대,323,2756971
69,-33,['길미'],사랑은 전쟁이다 (Feat. 아웃사이더),The Bridge Of Love Actually,"2,941",2687986
70,-39,"['포맨', '장혜진']",웃지마 울지마,나쁜남자 OST Part.2,"1,543",2702748
71,New,['SHINee (샤이니)'],Lucifer,The 2nd Album `Lucifer`,"19,560",2768149
72,+2,['바이브'],미친거니,Vibe In Praha,"39,621",2680562
73,-43,['KYT (코요태)'],사랑하긴 했니,사랑하긴 했니,780,2707218
74,-5,['거미'],Because Of You,Loveless,"11,528",2667086
75,New,['디셈버'],혼자 왔어요 (December Ver.),Lonely Night,"2,934",2763048
76,New,['은지원'],You`re My V.I.P (Feat. 장수원 Of J-walk),You`re My V.I.P,"3,264",2756526
77,-59,['SUPER JUNIOR (슈퍼주니어)'],미인아,`미인아(Bonamana)` The 4th Album,"5,744",2673793
78,New,['명콜드라이브'],고래,고래,983,2769458
79,-47,['비'],Hip Song,Back To The Basic,"6,711",2626611
80,New,['이승철'],그 사람,제빵왕 김탁구 OST Part.3,"27,273",2759248
81,-37,['정엽'],가시꽃,나쁜남자 OST Part.1,"1,500",2695273
82,-45,"['환희', '숙희']",바보가슴,바보가슴 (Digital Single),"5,105",2697563
83,New,['태사비애'],헤어졌어요 (Duet. 오윤혜),헤어졌어요,305,2745604
84,-44,['애프터스쿨'],뱅(Bang) !,Bang!,"9,712",2621364
85,-44,['예성 (YESUNG)'],너 아니면 안돼,신데렐라 언니 OST,"22,231",2627950
86,-52,"['케이윌', '미료']",버스가 떠난 뒤에,인사 - 연·애·별,"3,637",2680150
87,-38,['BMK'],기다림은 상처만 남기고,나쁜남자 OST Part.3,942,2712448
88,-11,['Ne-Yo'],Beautiful Monster,Beautiful Monster,"3,161",2704589
89,New,['SE7EN'],Better Together,Digital Bounce,"4,354",2772064
90,New,['블랙펄'],고고씽,Gogossing,"2,180",2745181
91,-41,['티아라'],너 때문에 미쳐,Breaking Heart (Repackage),"15,543",2587788
92,New,['원투'],Very Good,Very Good (Digital Single),674,2750579
93,New,['제국의아이들 (ZE:A)'],이별드립,Level Up (Digital Single),701,2751174
94,-49,"['SG 워너비', '옥주현']",페이지원,커피하우스 OST Part.2,"2,554",2674873
95,-52,['비'],널 붙잡을 노래,Back To The Basic,"12,092",2626610
96,New,['UV'],집행유애,집행유애 (Back To The Dance),"1,971",2752212
97,New,['인피니트'],다시 돌아와,First Invasion,"23,726",2712350
98,New,['4minute'],Superstar,Superstar (Digital Single),624,2766948
99,New,['2winS'],별놈 (Star),2wingS,343,2742716
100,-37,['포맨'],못해 (Feat. 美),The 3rd Generation (Special Album),"67,255",2544949
