﻿rank,rank_change,singer,title,album,like,song_code
1,+5,['싸이 (PSY)'],강남스타일,싸이6甲 Part.1,"153,288",3853978
2,-1,['씨스타'],Loving U (러빙유),Summer Special `Loving U`,"82,321",3837683
3,+44,['보아 (BoA)'],Only One,Only One,"83,156",3859894
4,-2,['2NE1'],I Love You,I Love You,"68,641",3847197
5,+12,['이종현 (CNBLUE)'],내 사랑아,신사의 품격 OST Part 5,"63,852",3848972
6,New,['다비치'],남자도 우나요,THE S Part.1,"36,756",3866006
7,+25,['싸이 (PSY)'],뜨거운 안녕 (Feat. 성시경),싸이6甲 Part.1,"62,232",3853977
8,+83,['비스트'],아름다운 밤이야,Midnight Sun,"65,944",3860282
9,+10,['비스트'],Midnight (별 헤는 밤),Midnight (별 헤는 밤),"62,771",3854238
10,+4,['JUNIEL'],illa illa (일라 일라),My First June,"75,078",3820647
11,-8,['티아라'],DAY BY DAY,DAY BY DAY,"41,898",3840800
12,+39,['싸이 (PSY)'],어땠을까 (Feat. 박정현),싸이6甲 Part.1,"115,834",3853980
13,-9,['버스커 버스커'],정말로 사랑한다면,버스커 버스커 1집 마무리,"106,792",3832101
14,-9,['이현'],가슴이 시린 게,신사의 품격 OST Part 3,"50,195",3822632
15,New,['신용재'],자꾸만 자꾸만,24,"20,035",3864962
16,-6,['버벌진트'],충분히 예뻐 (feat. 산체스 Of 팬텀),10년동안의오독 I,"66,117",3832079
17,+13,['브라운아이드걸스'],한 여름 밤의 꿈,Brown Eyed Girls The Original,"24,264",3853074
18,+65,['용감한 녀석들'],봄 여름 여름 여름,용감한 녀석들 Summer Single,"12,874",3859717
19,-11,['허각'],한사람,한사람 (빅 OST),"46,442",3834908
20,-11,['버스커 버스커'],그댈 마주하는건 힘들어 (그마힘),버스커 버스커 1집 마무리,"67,838",3832098
21,-14,['f(x)'],Electric Shock,`Electric Shock` The 2nd Mini Album,"37,878",3822622
22,+16,['싸이 (PSY)'],청개구리 (Feat. G-Dragon),싸이6甲 Part.1,"20,918",3853976
23,New,"['아이유', '피에스타']",달빛바다,LOEN TREE Summer Story,"42,563",3863651
24,New,['레게 강 같은 평화'],부산 바캉스,Ya Man !!,"25,028",3866219
25,-13,['BIGBANG'],MONSTER,BIGBANG SPECIAL EDITION `STILL ALIVE`,"74,290",3818487
26,New,['틴탑'],나랑 사귈래?,Summer Special `나랑 사귈래?`,"14,939",3869344
27,-11,['버벌진트'],굿모닝 (Feat. 권정열 Of 10cm),굿모닝,"62,138",3820695
28,-15,['포맨'],안되겠더라,각시탈 OST Part.2,"24,551",3837815
29,-18,['원더걸스'],Like this,Wonder Party,"35,419",3815739
30,+23,['싸이 (PSY)'],"77학개론 (Feat. 리쌍, 김진표)",싸이6甲 Part.1,"27,578",3853979
31,-3,['김진표'],미안해서 미안해 (Feat. G.NA),JP6,"40,028",3840677
32,+14,['길미'],내가 먼저 (Feat. 은지원),내가 먼저,"9,322",3852737
33,-18,['처진 달팽이 (유재석 & 이적)'],방구석 날라리,방구석 날라리,"14,343",3843986
34,-14,['아이유'],하루 끝,스무 살의 봄,"123,143",3795586
35,-8,['씨스타'],나혼자 (Alone),ALONE,"56,014",3763493
36,+26,['제국의아이들 (ZE:A)'],후유증,SPECTACULAR,"24,259",3846001
37,-4,['김태우'],High High,신사의 품격 OST Part 1,"23,496",3814176
38,-17,['2BIC(투빅)'],Love Again (Feat. 에일리),HU+MAN,"17,810",3833409
39,-3,['디셈버'],Unfinished,Unfinished,"8,553",3848536
40,-17,['애프터스쿨'],Flashback,AFTERSCHOOL 5th Maxi-Single (Korea Release),"11,783",3827879
41,+1,['Maroon 5'],One More Night,Overexposed (Deluxe Edition),"24,419",3835666
42,-24,['버스커 버스커'],소나기 (주르르루),버스커 버스커 1집 마무리,"29,203",3832100
43,New,"['가인', '라디 (Ra. D)']",Take Out,LOEN TREE Summer Story,"16,359",3863652
44,New,"['허각', '지아']",I Need You,I Need You,"97,530",3884575
45,-23,['형돈이와 대준이'],안좋을때 들으면 더 안좋은 노래,껭스타랩 볼륨 1,"32,426",3818839
46,-12,['울랄라세션'],굿바이데이,각시탈 OST Part.1,"24,488",3824467
47,-22,['지나'],2HOT,BLOOM,"14,755",3808405
48,-17,['백지영'],목소리 (Feat. 개리 Of 리쌍),Good Boy,"35,100",3791867
49,-8,['버스커 버스커'],벚꽃 엔딩,버스커 버스커 1집,"343,122",3753304
50,+36,['싸이 (PSY)'],Never Say Goodbye (Feat. 윤도현),싸이6甲 Part.1,"10,675",3853981
51,New,['버벌진트'],약한 사람 (Feat. 허인창),골든타임 OST Part.3,"5,107",3870201
52,-17,['소녀시대-태티서 (Girls` Generation-TTS)'],Twinkle,`Twinkle` Mini Album,"46,275",3783041
53,-24,['BIGBANG'],STILL ALIVE,BIGBANG SPECIAL EDITION `STILL ALIVE`,"42,488",3818486
54,New,['비스트'],내가 아니야,Midnight Sun,"26,588",3860283
55,+20,['수지 (SUZY)'],그래도 사랑해,그래도 사랑해 (빅 OST),"12,852",3854029
56,-19,['울랄라세션'],아름다운 밤,ULALA SENSATION Part 1,"37,772",3798160
57,+11,['프라이머리'],"씨스루 (Feat. 개코, Zion.T)",Primary And The Messengers Part 3,"39,478",3779134
58,-34,['버스커 버스커'],네온사인,버스커 버스커 1집 마무리,"24,459",3832099
59,+6,['Maroon 5'],Payphone (Feat. Wiz Khalifa),Payphone,"95,952",3774133
60,-17,['틴탑'],To You,aRtisT,"20,891",3811437
61,New,['B.A.P'],NO MERCY,NO MERCY,"17,663",3857212
62,-18,['인피니트'],추격자,INFINITIZE,"63,620",3801396
63,-37,['SUPER JUNIOR (슈퍼주니어)'],"Sexy, Free & Single","Sexy, Free & Single","14,088",3842500
64,New,['SUPER JUNIOR (슈퍼주니어)'],SPY,`SPY` The 6th Album Repackage,"11,855",3870200
65,-25,['Apink (에이핑크)'],BUBIBU (Remix Ver.),BUBIBU,"19,685",3848383
66,New,['신용재'],가수가 된 이유,24,"89,676",3864961
67,-13,['디셈버'],She`s Gone,She`s Gone,"25,073",3787653
68,-11,['버스커 버스커'],여수 밤바다,버스커 버스커 1집,"140,276",3753303
69,-8,['허각'],나를 사랑했던 사람아,LACRIMOSO,"91,315",3758104
70,-21,['B1A4'],잘자요 굿나잇,THE B1A4Ⅰ`IGNITION` SPECIAL EDITION,"40,235",3811406
71,New,['김민종'],아름다운 아픔 (2012 New Ver.),신사의 품격 OST Part 7,"9,198",3860201
72,New,['카라'],Pandora,PANDORA,"21,508",3886294
73,-23,['노을'],사랑이라면,사랑이라면 (빅 OST),"15,860",3828032
74,New,['비스트'],니가 보고 싶어지면,Midnight Sun,"39,804",3860284
75,-15,['양파'],사랑... 어떡하나요,신사의 품격 OST Part 4,"12,923",3834749
76,-18,['버스커 버스커'],첫사랑,버스커 버스커 1집,"98,033",3753302
77,+3,['Maroon 5'],Moves Like Jagger (Feat. Christina Aguilera) (Studio Recording From The Voice Performance),Moves Like Jagger,"71,309",3457091
78,New,['이루'],미워요 (Feat. 용준형 Of 비스트),Feel Brand New Part.2,"6,941",3871860
79,New,['숙희'],Baby I Love You (Feat. 79),Baby I Love You,"3,478",3871103
80,New,['10CM'],사랑이 방울지네,오렌지 레볼루션 페스티벌 Part.1,"8,106",3876875
81,-17,['장우영'],Sexy Lady,"23, Male, Single","7,844",3846706
82,New,['장재인'],여름밤,여름밤,"5,453",3867939
83,New,['공유'],너라서 (Special Track),너라서 (Special Track) (빅 OST),"16,564",3860292
84,-29,['마이티 마우스'],나쁜놈 (Feat. 소야),나쁜놈,"21,081",3796159
85,New,['C-CLOWN'],SOLO,Not Alone,"4,544",3857195
86,New,"['가비엔제이', '포스트맨(Postmen)']",청소,청소,"9,533",3872770
87,-48,['백지영'],Good Boy (Feat. 용준형 Of 비스트),Good Boy,"15,882",3804268
88,New,['서인영'],ANYMORE,ANYMORE,"6,902",3883073
89,New,['디유닛'],I`m Missin` You,Welcome To Business,"5,587",3868795
90,-18,['프라이머리'],"입장정리 (Feat. 최자, Simon D)",Primary And The Messengers Part 4,"29,854",3813657
91,-46,['원더걸스'],Like Money (Feat. Akon),Like Money,"8,334",3847659
92,New,['마리오'],MAYDAY (Feat. 김창렬),MAYDAY,"1,639",3867799
93,-37,['다비치'],너라서,너라서 (빅 OST),"16,370",3818472
94,-42,['용감한 녀석들'],I 돈 Care (Feat. 서수민PD),용감한 녀석들,"17,773",3800393
95,New,['10CM'],어느 날,골든타임 OST Part.2,"4,954",3859746
96,-26,['버스커 버스커'],꽃송이가,버스커 버스커 1집,"82,500",3753309
97,New,['클로버'],돼지 국밥,돼지 국밥,"9,895",3876913
98,-39,['달샤벳'],Mr. BangBang,THE 1ST ALBUM `BANG BANG`,"11,685",3820624
99,New,['CNBLUE (씨엔블루)'],Friday (T.G.I.Friday`s Brand Song),Friday,"5,955",3867108
100,New,['장재인'],Rainy Day,여름밤,"5,289",3863010
