﻿rank,rank_change,singer,title,album,like,song_code
1,+47,['TWICE (트와이스)'],CHEER UP,PAGE TWO,"215,356",8158031
2,+16,['정은지'],하늘바라기 (Feat. 하림),Dream,"135,738",8148487
3,New,['AKMU (악동뮤지션)'],RE-BYE,사춘기 상 (思春記 上),"70,262",8170828
4,New,['에디킴'],내 입술 따뜻한 커피처럼 (Feat. 이성경) (Prod. by 박근태),내 입술 따뜻한 커피처럼,"71,367",8161257
5,-4,['10CM'],봄이 좋냐??,3.2,"142,163",8124417
6,-4,['다비치'],이 사랑,태양의 후예 OST Part.3,"139,282",8071102
7,+5,['블락비 (Block B)'],Toy,Blooming Period,"105,566",8138940
8,New,['AKMU (악동뮤지션)'],사람들이 움직이는 게,사춘기 상 (思春記 上),"47,053",8170829
9,-6,['거미'],You Are My Everything,태양의 후예 OST Part.4,"119,202",8089568
10,New,['Crush'],우아해 (woo ah),Interlude,"66,712",8172437
11,-7,['케이윌'],말해! 뭐해?,태양의 후예 OST Part.6,"95,911",8102386
12,-2,['엠씨더맥스'],어디에도,pathos,"197,386",8033528
13,+20,['DEAN'],D (half moon) (Feat. 개코),130 mood : TRBL,"215,612",8109412
14,New,['아이오아이 (I.O.I)'],Dream Girls,아이오아이 (I.O.I) 1st Mini Album `Chrysalis`,"49,703",8171202
15,-6,['마마무(Mamamoo)'],넌 is 뭔들,Melting,"106,012",8068881
16,-5,['여자친구 (GFRIEND)'],시간을 달려서 (Rough),여자친구 3rd Mini Album `SNOWFLAKE`,"152,983",8028701
17,New,['방탄소년단'],불타오르네 (FIRE),화양연화 Young Forever,"218,185",8167307
18,-12,['윤미래'],ALWAYS,태양의 후예 OST Part.1,"107,443",8053157
19,-4,['SG 워너비'],사랑하자,태양의 후예 OST Part.8,"59,766",8122589
20,-7,['XIA (준수)'],How Can I Love You,태양의 후예 OST Part.10,"72,890",8141498
21,-7,['지코 (ZICO)'],너는 나 나는 너,Break Up 2 Make Up,"140,226",8028724
22,-15,"['매드클라운', '김나영']",다시 너를,태양의 후예 OST Part.5,"73,038",8100402
23,+5,['지코 (ZICO)'],Boys And Girls (Feat. Babylon),Boys and Girls,"148,638",7911687
24,-16,"['첸 (CHEN)', '펀치 (Punch)']",Everytime,태양의 후예 OST Part.2,"126,181",8067023
25,+7,['TWICE (트와이스)'],OOH-AHH하게,THE STORY BEGINS,"147,272",7891119
26,New,['AOA'],Good Luck,Good Luck,"35,346",8181755
27,New,['백아연'],쏘쏘,쏘쏘,"88,530",8189661
28,New,['AKMU (악동뮤지션)'],새삼스럽게 왜,사춘기 상 (思春記 上),"27,906",8170830
29,-24,['장범준'],사랑에 빠졌죠 (당신만이),장범준 2집,"66,639",8104509
30,New,['벤'],꿈처럼,또 오해영 OST Part.2,"113,619",8174429
31,-12,['이하이'],한숨,SEOULITE,"227,220",8086947
32,-5,['Crush'],잊어버리지마 (Feat. 태연),잊어버리지마,"156,910",8026677
33,-16,['소녀온탑'],같은 곳에서,PRODUCE 101 - 35 Girls 5 Concepts,"81,587",8104431
34,-9,['엠씨더맥스'],"그대, 바람이 되어",태양의 후예 OST Part.9,"38,443",8129740
35,-1,['여자친구 (GFRIEND)'],오늘부터 우리는 (Me Gustas Tu),여자친구 2nd Mini Album `Flower Bud`,"129,756",5791706
36,-10,['PRODUCE 101'],PICK ME,PRODUCE 101 - PICK ME,"55,300",7982920
37,-21,['로꼬'],너도 (Feat. Cha Cha Malone),너도,"61,941",8129245
38,New,['AKMU (악동뮤지션)'],초록창가,사춘기 상 (思春記 上),"23,437",8170831
39,-2,['임창정'],또 다시 사랑,또 다시 사랑,"194,725",7861392
40,New,['Dok2'],1llusion,1llusion,"44,990",8190803
41,New,['어반자카파'],널 사랑하지 않아,스틸,"187,987",8199190
42,-18,"['에릭남 (Eric Nam)', '웬디 (WENDY)']",봄인가 봐 (Spring Love),봄인가 봐 (Spring Love) - SM STATION,"90,161",8077712
43,+49,['바이브'],1년 365일 (Feat. 거미),Repeat,"18,382",8154292
44,-21,['7 go up'],Yum-Yum (얌얌),PRODUCE 101 - 35 Girls 5 Concepts,"35,633",8104430
45,-10,['태연 (TAEYEON)'],Rain,Rain - SM STATION,"152,650",8042553
46,New,['젝스키스'],커플,Special,"58,649",81013
47,-5,['지코 (ZICO)'],유레카 (Feat. Zion.T),GALLERY,"91,778",7965449
48,-7,['이적'],걱정말아요 그대,응답하라 1988 OST Part.2,"160,607",7921208
49,+11,['Justin Bieber'],Love Yourself,Purpose (Deluxe),"210,500",7931286
50,New,['아이오아이 (I.O.I)'],벚꽃이 지면,아이오아이 (I.O.I) 1st Mini Album `Chrysalis`,"69,241",8171206
51,New,['San E'],마치 비행기 (Feat. 개리),마치 비행기,"16,179",8180414
52,New,"['케이윌', '백현 (BAEKHYUN)']",The Day,The Day - SM STATION,"56,626",8180434
53,-1,['10CM'],스토커,3.0,"200,724",5466962
54,-33,['블락비 (Block B)'],몇 년 후에,몇 년 후에,"60,948",8115189
55,-25,"['첸 (CHEN)', '헤이즈 (Heize)', '바이브']",썸타 (Lil` Something),썸타 (Lil` Something) - SM STATION,"54,166",8136765
56,New,['AKMU (악동뮤지션)'],사소한 것에서,사춘기 상 (思春記 上),"16,742",8170832
57,-19,"['수지 (SUZY)', '백현 (BAEKHYUN)']",Dream (Prod. by 박근태),Dream,"175,617",8005879
58,-3,['하현우 (국카스텐)'],Don`t Cry (우리 동네 음악대장),복면가왕 50회,"42,625",8094566
59,New,['정준일'],안아줘,Lo9ve3r4s,"197,452",3620493
60,-1,['Sam Smith'],I`m Not The Only One,In The Lonely Hour,"218,002",4660794
61,-14,"['Jessie J', 'Ariana Grande', 'Nicki Minaj']",Bang Bang,Bang Bang,"79,311",4774191
62,New,['남우현'],끄덕끄덕,Write..,"37,795",8173038
63,New,['세븐틴'],예쁘다,SEVENTEEN 1st Album First `LOVE&LETTER`,"87,364",8153410
64,-28,['지민 (AOA)'],야 하고 싶어 (Feat. 시우민 of EXO),야 하고 싶어,"58,752",8075429
65,New,['Jessica (제시카)'],Fly (Feat. Fabolous),"With Love, J","32,240",8182784
66,New,['AKMU (악동뮤지션)'],주변인,사춘기 상 (思春記 上),"19,820",8170833
67,New,['방탄소년단'],Save ME,화양연화 Young Forever,"164,241",8167308
68,New,['그리 (GREE)'],열아홉,열아홉,"24,489",8184653
69,New,['박경'],자격지심 (Feat. 은하 Of 여자친구),자격지심,"112,408",8184472
70,-20,['김범수'],그댄 행복에 살텐데,투유 프로젝트 - 슈가맨 Part.16,"37,241",8042169
71,-7,['러블리즈'],Ah-Choo,Lovelyz8,"79,108",7870472
72,-52,['버스커 버스커'],벚꽃 엔딩,버스커 버스커 1집,"343,123",3753304
73,-51,['장범준'],그녀가 곁에 없다면 (결혼 행진곡을 활용한 신곡),장범준 2집,"58,437",8104514
74,-45,['린'],With You,태양의 후예 OST Part.7,"25,670",8109957
75,-29,['아이오아이 (I.O.I)'],Crush,PRODUCE 101 - Crush,"31,297",8129783
76,-27,['오혁'],소녀,응답하라 1988 OST Part.3,"177,372",7942948
77,+20,['헤이즈 (Heize)'],돌아오지마 (Feat. 용준형 Of 비스트),돌아오지마,"174,034",8143111
78,-12,['지코 (ZICO)'],사랑이었다 (Feat. 루나 of f(x)),Break Up 2 Make Up,"100,453",8028725
79,-10,"['Crush', '로꼬']",아마도 그건,투유 프로젝트 - 슈가맨 Part.3,"80,553",7912749
80,New,['러블리즈'],Destiny (나의 지구),A New Trilogy,"37,367",8158015
81,+18,['이하이'],MY STAR,SEOULITE,"26,816",8152433
82,-14,['거미'],친구라도 될 걸 그랬어,Like Them,"75,843",418598
83,New,"['서현진', '유승우']",사랑이 뭔데,또 오해영 OST Part.3,"52,338",8182907
84,+5,['태연 (TAEYEON)'],제주도의 푸른 밤,밴드 고맙삼다,"63,055",8141272
85,New,['티파니 (TIFFANY)'],I Just Wanna Dance,I Just Wanna Dance - The 1st Mini Album,"20,631",8176245
86,-32,['개리'],또 하루 (Feat. 개코),또 하루,"76,776",7999021
87,-36,"['로꼬', '유주 (여자친구)']",우연히 봄,냄새를 보는 소녀 OST Part.2,"126,658",5650996
88,-45,['이하이'],손잡아 줘요,SEOULITE,"40,802",8086946
89,-5,['블락비 (Block B)'],Walkin` In The Rain,Blooming Period,"37,987",8138942
90,New,['하현우 (국카스텐)'],매일 매일 기다려 (우리 동네 음악대장),복면가왕 58회,"25,072",8173036
91,-30,['에릭남 (Eric Nam)'],Good For You,INTERVIEW,"52,736",8109960
92,-53,"['HIGH4 (하이포)', '아이유']",봄 사랑 벚꽃 말고,봄 사랑 벚꽃 말고,"175,987",4579468
93,-53,['Pinkrush'],Fingertips,PRODUCE 101 - 35 Girls 5 Concepts,"36,140",8104428
94,New,['XIA (준수)'],..IS YOU,..IS YOU,"22,398",8184027
95,New,['개코'],사진 찍어 보내 줘,딴따라 OST Part.5,"16,834",8178281
96,-65,['장범준'],빗속으로,장범준 2집,"25,909",8104512
97,New,['방탄소년단'],EPILOGUE : Young Forever,화양연화 Young Forever,"121,443",8152776
98,-40,['WINNER'],센치해,EXIT : E,"75,215",8038492
99,New,['아이오아이 (I.O.I)'],똑 똑 똑,아이오아이 (I.O.I) 1st Mini Album `Chrysalis`,"23,433",8171203
100,New,['DEAN'],21,130 mood : TRBL,"91,141",8109414
