﻿rank,rank_change,singer,title,album,like,song_code
1,New,['포스트맨(Postmen)'],신촌을 못가,신촌을 못가,"100,218",4016085
2,+66,['윤미래'],너를 사랑해,괜찮아 사랑이야 OST Part.6,"75,759",4843704
3,-0,['박보람'],예뻐졌다 (Feat. 지코 Of Block B),예뻐졌다,"74,319",4789747
4,New,['아이언'],독기,쇼미더머니3 씨잼 vs 아이언,"57,260",5372667
5,New,['Adam Levine'],Lost Stars,Begin Again - Music From And Inspired By The Original Motion Picture,"245,845",4743560
6,-0,['WINNER'],공허해,2014 S/S,"143,486",4806686
7,+63,['씨스타'],I Swear,Special Album `SWEET & SOUR`,"44,525",4840373
8,New,['BOBBY'],연결고리#힙합,쇼미더머니3 Part.4,"68,754",4854588
9,-7,"['San E', '레이나 (Raina)']",한여름밤의 꿀,"San E, 레이나 Project Single `한여름밤의 꿀`","143,255",4681146
10,-9,['씨스타'],Touch My Body,TOUCH N MOVE,"63,064",4756304
11,+23,"['스윙스', '에일리']",A Real Man,"스윙스, 에일리 Digital Single `A Real Man`","45,887",4832150
12,-8,['블락비 (Block B)'],HER,HER,"112,179",4764928
13,-3,['다비치'],괜찮아 사랑이야,괜찮아 사랑이야 OST Part 2,"65,872",4779294
14,New,['BOBBY'],가드올리고 Bounce,쇼미더머니3 Part.5,"42,647",5376645
15,New,['레이디스 코드'],I`m Fine Thank You,CODE#02 PRETTY PRETTY,"144,286",4230004
16,New,['Adam Levine'],No One Else Like You,Begin Again - Music From And Inspired By The Original Motion Picture,"73,529",4743562
17,+43,['BOBBY'],L4L (Lookin` For Luv) (Feat. Dok2 & The Quiett),쇼미더머니3 BOBBY vs 올티,"42,139",4828024
18,-13,['걸스데이'],Darling,GIRL`S DAY EVERYDAY #4,"61,838",4734486
19,-12,['San E'],Body Language (Feat. 범키),Body Language,"46,099",4785453
20,-1,['장범준'],어려운 여자,장범준 1집,"32,267",4821170
21,New,"['곽진언', '김필', '임도혁']",당신만이,슈퍼스타K6 곽진언 김필 임도혁,"55,572",5388806
22,-13,['태양'],"눈, 코, 입",RISE,"164,285",4671151
23,-11,['Crush'],잠 못드는 밤 (Feat. 펀치 (Punch)),괜찮아 사랑이야 OST Part 3,"73,555",4793898
24,-6,['아이유'],너의 의미 (Feat. 김창완),꽃갈피,"185,223",4646573
25,-9,['B.I'],BE I,쇼미더머니3 Part.1,"43,180",4800614
26,New,['Keira Knightley'],Tell Me If You Wanna Go Home,Begin Again - Music From And Inspired By The Original Motion Picture,"49,788",4743561
27,New,"['정인', '개리']",자전거,정인&개리 디지털싱글 `자전거`,"16,191",4854446
28,-20,['현아'],빨개요,A Talk,"29,821",4771771
29,-5,['첸 (CHEN)'],최고의 행운,괜찮아 사랑이야 OST Part 1,"115,355",4762446
30,-8,['WINNER'],컬러링,2014 S/S,"68,007",4806687
31,New,['Keira Knightley'],A Step You Can’t Take Back,Begin Again - Music From And Inspired By The Original Motion Picture,"45,114",4743571
32,+22,['에일리'],잠시 안녕처럼,운명처럼 널 사랑해 OST Part.6,"32,051",4810612
33,-16,"['울랄라세션', '아이유']",애타는 마음,애타는 마음,"82,939",4711007
34,-23,['AOA'],단발머리 (Short Hair),단발머리,"50,380",4693165
35,-14,['Maroon 5'],Maps,Maps,"126,214",4688375
36,New,['소녀시대-태티서 (Girls` Generation-TTS)'],내가 네게 (Whisper),The 2nd Mini Album `Holler`,"27,207",5381331
37,+1,['BOBBY'],가,쇼미더머니3 Part.2,"39,243",4814576
38,+13,['이선희'],그 중에 그대를 만나,15집 `SERENDIPITY` 30주년 기념앨범,"120,379",4544242
39,-6,['장범준'],사랑이란 말이 어울리는 사람(사말어사),장범준 1집,"47,947",4821171
40,New,"['NS 윤지', '기리보이']",설렘주의,설렘주의,"36,808",5387875
41,New,['Keira Knightley'],Lost Stars,Begin Again - Music From And Inspired By The Original Motion Picture,"43,742",4743564
42,-22,"['정인', '개리']",사람냄새,정인&개리 디지털 싱글 `사람냄새`,"101,130",4660909
43,New,['Adam Levine'],A Higher Place,Begin Again - Music From And Inspired By The Original Motion Picture,"34,600",4743565
44,New,['소녀시대-태티서 (Girls` Generation-TTS)'],Holler,The 2nd Mini Album `Holler`,"25,063",5383102
45,-32,['블락비 (Block B)'],JACKPOT,HER,"66,843",4591400
46,-32,"['허각', '정은지']",이제 그만 싸우자,`A Cube` For Season # Sky Blue,"44,093",4723861
47,-11,['박효신'],야생화,야생화,"299,797",4543502
48,-18,['에디킴'],너 사용법,너 사용법,"129,178",4586092
49,New,['Maroon 5'],Animals,V (Deluxe Edition),"51,240",4857978
50,New,['지아'],보란 듯이,보란 듯이,"9,184",5375532
51,-16,"['소유 (SOYOU)', '정기고']",썸 (Feat. 릴보이 Of 긱스),썸,"166,388",4433490
52,New,['Keira Knightley'],Coming Up Roses,Begin Again - Music From And Inspired By The Original Motion Picture,"26,195",4743569
53,New,['울랄라세션'],Love Fiction,괜찮아 사랑이야 OST Vol.1,"40,727",4828190
54,-28,['San E'],나 왜이래 (Feat. 강민희 Of 미스에스),너희들은 포위됐다 OST Part.1,"51,542",4665220
55,New,"['소유 (SOYOU)', '권순일 (어반자카파)', '박용인 (어반자카파)']",틈,소유X어반자카파 (권순일&박용인) `틈`,"50,471",5390701
56,-24,['플라이 투 더 스카이'],너를 너를 너를,CONTINUUM,"86,372",4639518
57,-32,"['에일리', '2LSON']",I`m In Love,re;code Episode V,"51,884",4734489
58,-14,['WINNER'],끼부리지마,2014 S/S,"87,207",4806688
59,New,['Keira Knightley'],Like A Fool,Begin Again - Music From And Inspired By The Original Motion Picture,"33,926",4743566
60,-37,['케이윌'],오늘부터 1일 (Day 1),ONE FINE DAY,"61,298",4706174
61,+35,['카라'],맘마미아,카라 (Kara) 6th Mini Album `Day&Night`,"20,140",4818649
62,New,['에일리'],손대지마,Magazine,"61,003",5394265
63,-18,['아이유'],금요일에 만나요 (Feat. 장이정 Of HISTORY),Modern Times - Epilogue,"215,257",4369827
64,New,['엠씨더맥스'],U,괜찮아 사랑이야 OST Part 7,"14,937",4868481
65,-38,['스윙스'],"전화번호 (Feat. 버벌진트, 40)",감정기복 II Part. 2 : 강박증 (Obsessive Compulsive Disorder),"40,871",4751624
66,-24,['Apink (에이핑크)'],Mr. Chu (On Stage),Pink Blossom,"93,676",4562881
67,-9,['시크릿'],I`m In Love,SECRET SUMMER,"13,080",4803842
68,-7,['아이언'],I AM,쇼미더머니3 Part.1,"17,614",4800615
69,-41,['윤하 (YOUNHA)'],우산,우산,"86,073",4711065
70,New,['어쿠스틱 콜라보'],"묘해, 너와",연애의 발견 OST Part 4,"120,063",4864206
71,New,['2PM'],미친거 아니야?,미친거 아니야?,"20,830",5375679
72,-41,['god'],하늘색 약속,Chapter 8,"56,725",4714217
73,-26,['아이유'],나의 옛날이야기,꽃갈피,"151,148",4645220
74,-59,['박명수'],"명수네 떡볶이 (Feat. 김예림, UL)","명수네 떡볶이 (Feat. 김예림, UL)","24,594",4749449
75,-32,"['HIGH4 (하이포)', '아이유']",봄 사랑 벚꽃 말고,봄 사랑 벚꽃 말고,"175,987",4579468
76,New,['오렌지 캬라멜'],나처럼 해봐요,The Fourth Single `나처럼 해봐요`,"11,885",4818613
77,New,['올티 (Olltii)'],그 XX (Feat. ZICO Of Block B),쇼미더머니3 BOBBY vs 올티,"14,150",4828025
78,-15,"['윤민수(바이브)', '신용재']",인연,불후의 명곡 - 전설을 노래하다 (이선희 2편),"73,287",4582959
79,-38,['Red Velvet (레드벨벳)'],행복 (Happiness),The 1st Single `행복 (Happiness)`,"76,506",4774996
80,-16,"['David Guetta', 'Showtek']",Bad (Feat. Vassy) (Radio Edit),Bad (Feat. Vassy) (Radio Edit),"59,126",4585736
81,-22,['로꼬'],감아 (Feat. Crush),감아,"131,287",4527879
82,New,['홍대광'],I Feel You,괜찮아 사랑이야 OST Part.5,"27,457",4824874
83,New,['Zion.T'],양화대교,양화대교,"172,990",5389475
84,New,['Adam Levine'],Lost Stars (Into The Night Mix),Begin Again - Music From And Inspired By The Original Motion Picture,"14,012",4743572
85,-18,['Jeff Bernat'],Call You Mine (Feat. Geologic Of The Blue Scholars),The Gentleman Approach,"151,486",3808189
86,New,['노을'],늦은 얘기들,Acoustic Project #2. Sunset,"12,824",5383100
87,New,['ILLIONAIRE RECORDS'],연결고리 (Feat. MC Meta),11:11,"28,919",4652064
88,-51,['올티 (Olltii)'],OLL` Ready,쇼미더머니3 올티vs육지담,"16,575",4793764
89,-8,['WINNER'],Different,2014 S/S,"65,727",4806735
90,-44,['비스트'],Good Luck,Good Luck,"63,376",4686392
91,-41,['EXO-K'],중독 (Overdose),The 2nd Mini Album `중독 (Overdose)`,"123,848",4633162
92,New,['틴탑'],쉽지않아 (Missing),TEEN TOP EXITO,"20,241",4865030
93,New,['존박'],U,U,"15,717",5376632
94,-29,['장범준'],낙엽 엔딩,장범준 1집,"14,559",4821175
95,New,['2BIC(투빅)'],요즘 바쁜가봐,Soul Mate (소울메이트),"58,409",4594680
96,New,['SUPER JUNIOR (슈퍼주니어)'],MAMACITA(아야야),The 7th Album `MAMACITA`,"22,068",4853295
97,New,['Keira Knightley'],Tell Me If You Wanna Go Home (Rooftop Mix) (Feat. Hailee Steinfeld),Begin Again - Music From And Inspired By The Original Motion Picture,"13,364",4743574
98,-45,['정기고'],너를 원해 (Feat. Beenzino),Want U,"54,058",4603433
99,-37,['AOA'],짧은 치마 (Miniskirt),짧은 치마,"54,446",4400561
100,New,['윤건'],가을에 만나,가을에 만나,"9,429",5379383
