﻿rank,rank_change,singer,title,album,like,song_code
1,+13,['원더걸스'],2 Different Tears,2 Different Tears,"17,125",2684572
2,New,['아이유'],잔소리 (With 2AM 슬옹),잔소리,"67,810",2705410
3,+54,['CNBLUE (씨엔블루)'],Love,Bluelove,"15,570",2679548
4,-0,['다비치'],시간아 멈춰라,Innocence,"22,018",2670748
5,+32,['4minute'],HUH,Hit Your Heart,"6,440",2688949
6,+1,['뜨거운 감자'],고백,시소,"59,024",2627301
7,+37,['엠블랙'],Y,Y,"6,319",2684461
8,New,['서인영'],사랑이라 쓰고 아픔이라 부른다,Lov-Elly,"28,661",2703101
9,-4,['f(x)'],NU 예삐오 (NU ABO),NU 예삐오,"20,522",2667293
10,+36,['디셈버'],별이될께,Tears In Heaven,"12,798",2682148
11,+9,['바이브'],다시 와주라,Vibe In Praha,"42,039",2680552
12,New,['화요비'],Bye Bye Bye,Hwayobi,"11,094",2697459
13,-4,['서인국'],사랑해 U,Just Beginning,"10,492",2671449
14,+11,['에이트'],이별이 온다,The Bridge,"5,938",2673348
15,New,['SS501'],Love Ya,Destination,"3,131",2692754
16,+26,['CNBLUE (씨엔블루)'],사랑 빛,Bluelove,"35,317",2675871
17,+26,['린'],자기야 여보야 사랑아,6th Part 2 `Candy Train`,"31,825",2680287
18,+16,['SUPER JUNIOR (슈퍼주니어)'],미인아,`미인아(Bonamana)` The 4th Album,"5,744",2673793
19,-18,['먼데이 키즈 (Monday Kiz)'],흩어져,New Sentimental,"4,896",2650539
20,-18,['서영은'],이 거지같은 말 (With 정엽 Of 브라운 아이드 소울),With,"9,219",2660148
21,-18,['2PM'],Without U,Don`t Stop Can`t Stop,"5,605",2648642
22,-5,['거미'],남자라서,Loveless,"8,274",2667088
23,New,['왁스'],벌써 일년,WAX Unplugged Side B,"1,910",2703064
24,-18,['시크릿'],Magic,Secret Time,"7,645",2629049
25,New,"['이승기', '김연아']",Smile Boy (Rock Ver.),Smile Boy (Rock Ver.),"8,569",2702486
26,+3,['브라운 아이드 소울'],Love Ballad,Love Ballad / Never Forget,"28,508",2676935
27,New,['씨스타'],Push Push (푸시 푸시),Push Push,"8,290",2705407
28,+66,['먼데이 키즈 (Monday Kiz)'],가지마,ru:t;,"4,550",2690353
29,+4,['다비치'],사랑을 못해 이별을 못해,Innocence,"6,459",2671461
30,New,['KYT (코요태)'],사랑하긴 했니,사랑하긴 했니,780,2707218
31,New,"['포맨', '장혜진']",웃지마 울지마,나쁜남자 OST Part.2,"1,543",2702748
32,-13,['비'],Hip Song,Back To The Basic,"6,711",2626611
33,New,['Supreme Team'],땡땡땡,Spin Off (Repackage),"24,914",2705414
34,+2,"['케이윌', '미료']",버스가 떠난 뒤에,인사 - 연·애·별,"3,637",2680150
35,New,['플라워'],기억해...사랑해...,Flower Tunes,"4,833",2705374
36,+46,['길미'],사랑은 전쟁이다 (Feat. 아웃사이더),The Bridge Of Love Actually,"2,941",2687986
37,New,"['환희', '숙희']",바보가슴,바보가슴 (Digital Single),"5,105",2697563
38,-30,['이효리'],Chitty Chitty Bang Bang (Feat. Ceejay Of Freshboyz),H-Logic,"8,937",2640165
39,New,['KYT (코요태)'],리턴 (Return),코요태 어글리,"2,278",2714048
40,-29,['애프터스쿨'],뱅(Bang) !,Bang!,"9,712",2621364
41,-29,['예성 (YESUNG)'],너 아니면 안돼,신데렐라 언니 OST,"22,231",2627950
42,New,['일 락'],눈물이 왈칵 (Feat. 매직플로우),눈물이 왈칵,"1,421",2710203
43,-33,['비'],널 붙잡을 노래,Back To The Basic,"12,092",2626610
44,New,['정엽'],가시꽃,나쁜남자 OST Part.1,"1,500",2695273
45,+8,"['SG 워너비', '옥주현']",페이지원,커피하우스 OST Part.2,"2,554",2674873
46,-33,['거미'],사랑은 없다,사랑은 없다,"2,331",2654948
47,New,['B.o.B'],Nothin` On You (Feat. 재범),Nothin` On You (Feat. 재범),"5,115",2722445
48,-3,['하하'],술병 (With 타이거JK),술병,"5,320",2674754
49,New,['BMK'],기다림은 상처만 남기고,나쁜남자 OST Part.3,942,2712448
50,-29,['티아라'],너 때문에 미쳐,Breaking Heart (Repackage),"15,543",2587788
51,+18,['엠투엠 (M To M)'],기념사진,기념사진,"2,613",2686250
52,-37,['소녀시대 (GIRLS` GENERATION)'],Run Devil Run,`Run Devil Run` The 2nd Album (Repackage),"16,381",2611648
53,New,['슬기'],주변인 (Song Ver.) (Feat. Zico Of 블록버스터),주변인 (Song Ver.),"3,091",2702751
54,-3,['서인영'],잘가요 로맨스,Lov-Elly,"5,862",2678848
55,New,['숙희'],One Love (Feat. 가희 Of 애프터스쿨),The First Experience,"6,845",2705548
56,-38,['2AM'],잘못했어,잘못했어,"6,747",2609744
57,-30,['디셈버'],배운게 사랑이라,Honesty,"11,430",2596063
58,New,"['조pd (ZoPD)', '나르샤 (Brown Eyed Girls)', '제아']",랄라랜드 (Feat. 브라운아이드걸스),랄라랜드,618,2718655
59,-36,['브라운 아이드 소울'],비켜줄께,비켜줄께 / Blowin My Mind,"16,628",2621349
60,-32,['비스트'],Shock,Shock Of The New Era,"30,578",2593618
61,New,['T.O.P'],Turn It Up,Turn It Up (Digital Single),"8,076",2728048
62,New,['언터쳐블'],회전목마 (Feat. 진성 Of 먼데이키즈),회전목마,"10,042",2720569
63,-31,['포맨'],못해 (Feat. 美),The 3rd Generation (Special Album),"67,255",2544949
64,New,['나몰라패밀리 (Namolla Family)'],기억상실증 (Feat. 지세희),기억상실증 (Digital Single),"1,169",2707237
65,New,"['소녀시대 (GIRLS` GENERATION)', '2PM']",Cabi Song,Cabi Song,"2,801",2690496
66,New,['노블레스'],이별 후유증 (Feat. 윤화재인),Last Romance,620,2709156
67,-41,"['MC몽', '서인영']",Bubble Love,조영수 All Star 2.5,"37,204",2596161
68,New,['이석훈'],정거장,인사,"7,883",2690495
69,+10,['거미'],Because Of You,Loveless,"11,528",2667086
70,-54,['2AM'],바보처럼,개인의 취향 OST,"2,926",2651832
71,New,['소연'],뭐라고 끝낼까,고사2 OST Part.1,"1,722",2719448
72,-50,['이석훈'],그대를 사랑하는 10가지 이유,인사,"62,463",2654264
73,-5,['B.o.B'],Nothin` On You (Feat. Bruno Mars),Nothin` On You (Feat. Bruno Mars),"49,701",2610672
74,New,['바이브'],미친거니,Vibe In Praha,"39,621",2680562
75,New,['나비'],우리 정말 사랑했어요 (With 케이윌),우리 정말 사랑했어요,"8,412",2725948
76,-45,['카라'],루팡 (Lupin),루팡 (Lupin),"16,144",2579459
77,New,['Ne-Yo'],Beautiful Monster,Beautiful Monster,"3,161",2704589
78,New,['뚱스'],Go칼로리 (Feat. 정인),Go칼로리,"1,778",2702648
79,New,['김형중'],여자말을 들어요 (Feat. 마리오),Color Orange,263,2710548
80,-56,['씨야'],가슴이 뭉클,개인의 취향 OST Part.2,"4,045",2637292
81,New,['2AM'],No.1 (남아공 월드컵 공식 주제가),No.1 (남아공 월드컵 공식 주제가),471,2690268
82,New,['오렌지 캬라멜'],마법소녀 (魔法少女),The First Mini Album,"10,005",2719683
83,-43,['티아라'],내가 너무 아파,Breaking Heart (Repackage),"4,462",2587789
84,-49,['먼데이 키즈 (Monday Kiz)'],Goodbye My Princess,검사 프린세스 OST,"4,771",2643659
85,New,['크리스탈 (KRYSTAL)'],melody (Moderato),`Melody` Project Part 2,"2,436",2698848
86,New,['디셈버'],Once Upon A Time,Once Upon A Time,"1,471",2689256
87,New,['BIGBANG'],Tell Me Goodbye,Tell Me Goodbye,"8,655",2713099
88,New,['MC몽'],죽을 만큼 아파서 (Feat. 멜로우),블루브랜드 Trauma Part 2,"68,069",2733249
89,New,['Eminem'],Not Afraid,Not Afraid,"4,034",2683777
90,New,"['이보람', '효민', '지연']",우유보다 커피,커피하우스 OST Part.3,"4,974",2693848
91,New,"['BIGBANG', '트랜스 픽션']",승리의 함성 (The Shouts Of Reds Part2) (Feat. 김연아),승리의 함성 (The Shouts Of Reds Part2),"9,021",2677347
92,-8,['이비아'],쉐이크 (Shake)!,Must Have Mini Album,"3,214",2662283
93,New,['CNBLUE (씨엔블루)'],Sweet Holiday,Bluelove,"6,636",2689049
94,-7,['양정승'],밤하늘의 별을... (With KCM & No Noo),Generation,"56,716",2566458
95,-21,['박혜경'],새 남자친구,새 남자친구,"1,398",2682571
96,New,['환희'],바람이 되어서라도,로드 넘버원 OST Part.1,"6,881",2730675
97,New,['이지혜'],사랑 하나때문에 (Feat. Pk헤만),Break My Heart,100,2698436
98,-59,['케이윌'],선물 (Feat. 은지원),선물,"20,744",2601592
99,New,['V.O.S'],하루의 끝에,제빵왕 김탁구 OST Part.1,"1,052",2715365
100,-59,"['마이티 마우스', '백지영']",사랑이 올까요 (With 백지영),사랑이 올까요 (Digital Single),"12,300",2601848
