﻿rank,rank_change,singer,title,album,like,song_code
1,+3,['숀 (SHAUN)'],Way Back Home,Take,"285,361",31151836
2,-0,['TWICE (트와이스)'],Dance The Night Away,Summer Nights,"157,718",31175119
3,-2,['BLACKPINK'],뚜두뚜두 (DDU-DU DDU-DU),SQUARE UP,"211,587",31131273
4,New,['지코 (ZICO)'],SoulMate (Feat. 아이유),SoulMate,"132,357",31215747
5,New,['Red Velvet (레드벨벳)'],Power Up,Summer Magic - Summer Mini Album,"150,531",31230093
6,+10,['마마무(Mamamoo)'],너나 해 (Egotistic),RED MOON,"115,234",31189241
7,+1,['폴킴'],"모든 날, 모든 순간 (Every day, Every Moment)",`키스 먼저 할까요?` OST Part.3,"318,708",30962526
8,-2,['Apink (에이핑크)'],1도 없어,ONE & SIX,"101,161",31161280
9,-6,['볼빨간사춘기'],여행,Red Diary Page.2,"228,707",31093710
10,-5,['BLACKPINK'],Forever Young,SQUARE UP,"140,416",31131274
11,-4,['멜로망스'],동화,The Fairy Tale,"101,621",31164090
12,-2,['닐로(Nilo)'],지나오다,About You,"218,050",30699142
13,-2,['방탄소년단'],FAKE LOVE,LOVE YOURSELF 轉 `Tear`,"296,566",31085237
14,+28,['청하'],Love U,Blooming Blue,"78,785",31194610
15,-6,['비투비'],너 없인 안 된다,THIS IS US,"168,985",31133898
16,+8,['벤'],열애중,RECIPE,"171,760",31062863
17,New,['iKON'],죽겠다 (KILLING ME),NEW KIDS : CONTINUE,"79,132",31224316
18,+73,['승리'],"셋 셀테니 (1, 2, 3!)",THE GREAT SEUNGRI,"85,067",31199873
19,-6,"['로꼬', '화사(Hwa Sa)']",주지마,건반 위의 하이에나 Part.4,"176,149",31035061
20,-3,['모모랜드 (MOMOLAND)'],BAAM,Fun to The World,"50,593",31149418
21,-2,['iKON'],사랑을 했다 (LOVE SCENARIO),Return,"289,898",30859584
22,+48,['여자친구 (GFRIEND)'],여름여름해 (Sunny Summer),여자친구 Summer Mini Album `Sunny Summer`,"56,480",31196764
23,-8,['여자친구 (GFRIEND)'],밤 (Time for the moon night),여자친구 The 6th Mini Album 'Time for the moon night',"142,488",31052421
24,-6,['멜로망스'],You,투유 프로젝트 - 슈가맨2 Part.2,"158,262",30849733
25,+10,['방탄소년단'],전하지 못한 진심 (Feat. Steve Aoki),LOVE YOURSELF 轉 `Tear`,"227,713",31085238
26,+3,['Fitz & The Tantrums'],HandClap,Fitz and The Tantrums (Deluxe),"179,842",8111603
27,-5,['방탄소년단'],DNA,LOVE YOURSELF 承 `Her`,"359,651",30637982
28,-2,['장덕철'],그날처럼,그날처럼,"228,023",30755375
29,+3,['Camila Cabello'],Havana (Feat. Young Thug),Camila,"183,713",30567963
30,-10,['모모랜드 (MOMOLAND)'],뿜뿜,GREAT!,"143,998",30816860
31,-17,['AOA'],빙글뱅글 (Bingle Bangle),BINGLE BANGLE,"75,617",31098083
32,-9,['마마무(Mamamoo)'],별이 빛나는 밤,Yellow Flower,"161,862",30937275
33,-12,['TWICE (트와이스)'],What is Love?,What is Love?,"138,442",31006730
34,-4,['방탄소년단'],봄날,YOU NEVER WALK ALONE,"459,265",30244931
35,+6,['양다일'],미안해,inside,"166,030",30809895
36,-8,['이수 (엠씨 더 맥스)'],My Way,돈꽃 OST Part.1,"138,560",30721801
37,-6,['청하'],Roller Coaster,Offset,"163,543",30844118
38,-0,['닐로(Nilo)'],넋두리,넋두리,"104,743",9642570
39,+28,['세븐틴'],어쩌나,SEVENTEEN 5TH MINI ALBUM `YOU MAKE MY DAY`,"90,319",31189085
40,-3,['로이킴'],그때 헤어지면 돼,그때 헤어지면 돼,"191,619",30884950
41,-2,['멜로망스'],선물,Moonlight,"288,466",30514366
42,-15,['(여자)아이들'],LATATA,I am,"108,809",31055324
43,-3,['Ed Sheeran'],Shape of You,÷ (Deluxe),"275,774",30188113
44,-11,['김하온 (HAON)'],붕붕 (Feat. 식케이) (Prod. GroovyRoom),고등래퍼2 Final,"156,487",31019584
45,-11,['용준형'],소나기 (Feat. 10cm),소나기 (Feat. 10cm),"141,636",30970444
46,-34,['마마무(Mamamoo)'],장마 (Rainy Season),장마 (Rainy Season),"61,528",31159436
47,-4,['방탄소년단'],Anpanman,LOVE YOURSELF 轉 `Tear`,"169,020",31085244
48,+2,['Sia'],Chandelier,Chandelier (Single),"151,020",4534974
49,+10,['폴킴'],비,비,"241,281",8235260
50,-6,['먼데이 키즈 (Monday Kiz)'],가을 안부,가을 안부,"144,538",30669593
51,+9,['Red Velvet (레드벨벳)'],빨간 맛 (Red Flavor),The Red Summer - Summer Mini Album,"218,918",30512671
52,-1,['아이유'],밤편지,밤편지,"352,400",30314784
53,New,['(여자)아이들'],한(一),한(一),"94,939",31246870
54,New,['10CM'],매트리스,4.1,"81,796",31263577
55,-10,['Wanna One (워너원)'],에너제틱 (Energetic),1X1=1(TO BE ONE),"297,841",30568338
56,-31,['Wanna One (워너원)'],켜줘 (Light),1÷χ=1 (UNDIVIDED),"136,872",31113240
57,-0,['Imagine Dragons'],Thunder,Evolve,"135,125",30393293
58,-10,['비투비'],그리워하다,Brother Act.,"237,633",30672529
59,-12,['BIGBANG'],꽃 길,꽃 길,"182,735",30948698
60,-24,['Wanna One (워너원) - 트리플포지션'],캥거루 (Kangaroo) (Prod. ZICO),1÷χ=1 (UNDIVIDED),"120,160",31113241
61,New,['방탄소년단'],IDOL,LOVE YOURSELF 結 `Answer`,"285,935",31266290
62,-1,['방탄소년단'],Airplane pt.2,LOVE YOURSELF 轉 `Tear`,"148,149",31085243
63,-10,['BLACKPINK'],마지막처럼,마지막처럼,"183,859",30481578
64,New,['세븐틴'],A-TEEN,A-TEEN Part.3,"98,224",31244486
65,-19,['Wanna One (워너원)'],BOOMERANG (부메랑),0+1=1 (I PROMISE YOU),"148,017",30960341
66,-4,['Troye Sivan'],YOUTH,Blue Neighbourhood (Deluxe),"213,797",7928705
67,-9,['Wanna One (워너원)'],Beautiful,1-1=0 (NOTHING WITHOUT YOU),"238,187",30725482
68,-4,['방탄소년단'],Magic Shop,LOVE YOURSELF 轉 `Tear`,"154,362",31085242
69,-17,['길구봉구'],이 별,Star,"141,354",30637776
70,+4,['Crush'],Cereal (Feat. ZICO),wonderlost,"54,954",31186131
71,-15,['WINNER'],EVERYDAY,EVERYD4Y,"137,151",30997649
72,New,['비투비-블루'],비가 내리면,비가 내리면,"46,066",31224264
73,-24,['헤이즈 (Heize)'],비도 오고 그래서 (Feat. 신용재),/// (너 먹구름 비),"241,349",30492279
74,+13,['EXO'],Universe,"Universe - 겨울 스페셜 앨범, 2017","189,195",30806536
75,-10,['방탄소년단'],Love Maze,LOVE YOURSELF 轉 `Tear`,"142,685",31085241
76,+5,['TWICE (트와이스)'],Heart Shaker,Merry & Happy,"139,615",30781481
77,-22,['Wanna One (워너원) - 더힐'],모래시계 (Prod. 헤이즈),1÷χ=1 (UNDIVIDED),"92,933",31113243
78,-10,['방탄소년단'],낙원,LOVE YOURSELF 轉 `Tear`,"139,758",31085240
79,+1,['EXO-CBX (첸백시)'],花요일 (Blooming Day),Blooming Days - The 2nd Mini Album,"120,975",31009483
80,-7,['Wanna One (워너원)'],약속해요 (I.P.U.),0+1=1 (I PROMISE YOU),"157,270",30930312
81,-27,['멜로망스'],욕심,욕심,"71,253",31046548
82,-6,['방탄소년단'],134340,LOVE YOURSELF 轉 `Tear`,"133,013",31085239
83,+2,['다비치'],마치 우린 없었던 사이 (Prod. 정키),마치 우린 없었던 사이 (Prod. 정키),"44,331",31181342
84,-15,['장덕철'],지각,Group,"32,850",31172274
85,-3,['방탄소년단'],So What,LOVE YOURSELF 轉 `Tear`,"128,828",31085245
86,+4,['Red Velvet (레드벨벳)'],Bad Boy,The Perfect Red Velvet - The 2nd Album Repackage,"165,093",30864993
87,-8,['뉴이스트 W'],Dejavu,"WHO, YOU","65,460",31147211
88,New,['멜로망스'],좋은 날,미스터 션샤인 OST Part.5,"55,768",31227367
89,-12,['윤종신'],좋니,LISTEN 010 좋니,"326,754",30486509
90,-15,['오반'],불행 (Feat. 빈첸 (VINXEN)),불행 (Feat. 빈첸 (VINXEN)),"62,720",31126139
91,New,['세븐틴'],아주 NICE,Love&Letter Repackage Album,"112,770",8252573
92,New,['방탄소년단'],Euphoria,LOVE YOURSELF 結 `Answer`,"189,391",31266282
93,New,['에일리'],첫눈처럼 너에게 가겠다,도깨비 OST Part.9,"298,833",30190630
94,-16,['Wanna One (워너원) - 린온미'],영원+1 (Prod. NELL),1÷χ=1 (UNDIVIDED),"84,432",31113242
95,New,"['기리보이', 'Kid Milli', 'NO:EL', '스윙스']",flex (Prod. By 기리보이),Dingo X Indigo Music,"145,556",31219546
96,New,['세븐틴'],우리의 새벽은 낮보다 뜨겁다,SEVENTEEN 5TH MINI ALBUM `YOU MAKE MY DAY`,"47,628",31189090
97,New,['폴킴'],휴가,휴가,"26,334",31236780
98,New,['방탄소년단'],I`m Fine,LOVE YOURSELF 結 `Answer`,"192,327",31266289
99,-27,['펀치 (Punch)'],밤이 되니까,밤이 되니까,"175,362",30659630
100,-11,['방탄소년단'],Intro : Singularity,LOVE YOURSELF 轉 `Tear`,"116,166",31085236
