﻿rank,rank_change,singer,title,album,like,song_code
1,+7,"['이유 갓지(GOD G) 않은 이유 (박명수, 아이유)']",레옹,무한도전 영동고속도로 가요제,"141,006",5826461
2,+23,['MINO (송민호)'],겁 (Feat. 태양),쇼미더머니 4 Episode 5,"145,794",5826447
3,+9,"['황태지 (황광희, 태양, 지드래곤)']",맙소사,무한도전 영동고속도로 가요제,"87,278",5824839
4,+13,"['으뜨거따시 (하하, 자이언티)']",스폰서 ($ponsor),무한도전 영동고속도로 가요제,"54,929",5826462
5,+44,['소녀시대 (GIRLS` GENERATION)'],Lion Heart,Lion Heart - The 5th Album,"78,584",5820368
6,New,['iKON'],취향저격,WELCOME BACK,"148,428",7854179
7,+9,"['인크레더블', 'Tablo', '지누션']",오빠차,쇼미더머니 4 Episode 4,"60,219",5818522
8,+12,"['오대천왕 (정형돈, 밴드 혁오)']",멋진헛간,무한도전 영동고속도로 가요제,"62,345",5826465
9,New,"['MINO (송민호)', '지코 (ZICO)']",Okey Dokey,쇼미더머니 4 Episode 6,"83,967",5835766
10,-7,"['Ja Mezz', 'Andup (앤덥)', 'MINO (송민호)']",거북선 (Feat. 팔로알토),쇼미더머니 4 Episode 2,"79,167",5804040
11,-10,['혁오 (HYUKOH)'],위잉위잉,20,"174,601",5385974
12,+21,['여자친구 (GFRIEND)'],오늘부터 우리는 (Me Gustas Tu),여자친구 2nd Mini Album `Flower Bud`,"129,756",5791706
13,New,['Red Velvet (레드벨벳)'],Dumb Dumb,The Red - The 1st Album,"96,462",7847861
14,+14,"['댄싱게놈 (유재석, JYP)']",I`m So Sexy,무한도전 영동고속도로 가요제,"41,340",5826464
15,-13,['BIGBANG'],우리 사랑하지 말아요,E,"109,203",5807274
16,New,['개리'],바람이나 좀 쐐 (Feat. 우혜미),2002,"102,596",7858908
17,+14,['SG 워너비'],가슴 뛰도록,THE VOICE,"45,307",5822923
18,-13,['Zion.T'],양화대교,양화대교,"172,990",5389475
19,-9,['사이먼 도미닉'],사이먼 도미닉,￦ & ONLY,"106,269",5815785
20,New,['플라이 투 더 스카이'],그렇게 됐어,Love & Hate,"36,975",7852842
21,-10,['BIGBANG'],뱅뱅뱅 (BANG BANG BANG),A,"192,528",5719286
22,-15,['혁오 (HYUKOH)'],와리가리,22,"124,992",5713422
23,-19,['BIGBANG'],쩔어 (GD & T.O.P),E,"74,561",5807273
24,New,"['소유 (SOYOU)', '권정열']",어깨,어깨,"79,349",7858989
25,-7,['마마무(Mamamoo)'],음오아예 (Um Oh Ah Yeh),Pink Funky,"107,676",5743804
26,-12,['Zion.T'],꺼내 먹어요,Eat,"151,527",5702706
27,-12,['AOA'],심쿵해 (Heart Attack),Heart Attack,"87,469",5748406
28,-22,['원더걸스'],I Feel You,REBOOT,"56,442",5804238
29,New,['박경'],보통연애 (Feat. 박보람),보통연애,"102,350",7860122
30,-8,['백아연'],이럴거면 그러지말지 (Feat. Young K),이럴거면 그러지말지,"188,156",5704397
31,-22,['씨스타'],SHAKE IT,SHAKE IT,"78,163",5748499
32,+54,['현아'],잘나가서 그래 (Feat. 정일훈 Of BTOB),A+,"32,652",5824767
33,+10,"['상주나 (정준하, 윤상)']",My Life (Feat. 효린 Of 씨스타),무한도전 영동고속도로 가요제,"26,619",5826463
34,-21,['Apink (에이핑크)'],Remember,Pink MEMORY,"81,111",5781104
35,+17,['블랙넛 (Black Nut)'],내가 할 수 있는 건 (Feat. 제시),쇼미더머니 4 Episode 5,"36,820",5826448
36,-15,['BIGBANG'],IF YOU,D,"162,700",5760115
37,-14,['Crush'],Oasis (Feat. ZICO),Oasis,"142,382",5771304
38,-1,"['릴보이 (Lil Boi)', '로꼬', '박재범']",ON IT + BO$$,쇼미더머니 4 Episode 4,"38,210",5818487
39,-12,"['MINO (송민호)', '지코 (ZICO)', '팔로알토 (Paloalto)']",moneyflow (다 비켜봐),쇼미더머니 4 Episode 3,"41,290",5811228
40,-11,['BIGBANG'],BAE BAE,M,"135,590",5684826
41,+14,['SG 워너비'],좋은 기억,THE VOICE,"21,221",5822925
42,-1,['엠씨더맥스'],그 남잔 말야,냄새를 보는 소녀 OST Part.5,"74,492",5668985
43,-19,['BIGBANG'],맨정신,D,"108,226",5760116
44,+2,['Maroon 5'],Sugar,V (Deluxe Edition),"178,611",4857981
45,New,['임창정'],또 다시 사랑,또 다시 사랑,"194,725",7861392
46,-27,"['식케이 (Sik-K)', '릴보이 (Lil Boi)', '지구인']","RESPECT (Feat. 로꼬, GRAY & DJ Pumkin)",쇼미더머니 4 Episode 1,"38,157",5794982
47,-8,['아이유'],마음,마음,"162,257",5700639
48,-14,['유승우'],예뻐서 (Feat. 루이 Of 긱스) (You`re beautiful),예뻐서,"48,167",5795006
49,New,['베이식 (Basick)'],Stand Up (Feat. 마마무),쇼미더머니 4 Episode 5,"25,848",5826449
50,-2,"['로꼬', '유주 (여자친구)']",우연히 봄,냄새를 보는 소녀 OST Part.2,"126,658",5650996
51,-25,['소녀시대 (GIRLS` GENERATION)'],PARTY,PARTY,"82,030",5768980
52,-17,['프라이머리'],"아끼지마 (Don`t Be Shy) (Feat. 초아 (AOA), 아이언)",2-3,"63,119",5793206
53,-13,['BIGBANG'],LOSER,M,"164,381",5682700
54,-12,['김연우'],사랑할수록 (화생방실 클레오파트라),복면가왕 14회,"29,707",5765885
55,-23,['걸스데이'],링마벨 (Ring My Bell),Girl`s Day Love Second Album,"51,709",5767424
56,+12,['Sam Smith'],I`m Not The Only One,In The Lonely Hour,"218,002",4660794
57,-7,"['Zion.T', 'Crush']",그냥 (Just),Young,"141,962",5572312
58,-4,['Mark Ronson'],Uptown Funk (Feat. Bruno Mars),Uptown Funk (Feat. Bruno Mars),"143,113",5459268
59,New,"['유재환', 'Lim Kim']",커피 (Prod. by G-Park 박명수),커피 (Prod. by G-Park 박명수),"48,090",7863752
60,New,['언프리티 랩스타 2'],언프리티 랩스타 (Don`t Stop) (Prod. By D.O),언프리티 랩스타 2 Track 1,"10,604",7852464
61,+1,['나얼'],같은 시간 속의 너,브라운 아이드 소울 싱글 프로젝트 1st. 같은 시간 속의 너 By 나얼,"150,364",5576417
62,+12,['아이유'],금요일에 만나요 (Feat. 장이정 Of HISTORY),Modern Times - Epilogue,"215,257",4369827
63,+22,['Redfoo'],New Thang,New Thang,"52,097",5781707
64,-4,"['지코 (ZICO)', '소진 (Sojin)']",아프다,가면 OST Part.2,"69,435",5731941
65,-12,['J.Lee'],나를 슬프게 하는 사람들 (노래왕 퉁키),복면가왕 16회,"21,729",5785421
66,-15,['박재범'],몸매 (MOMMAE) (Feat. Ugly Duck),몸매 (MOMMAE),"71,364",5708013
67,-11,['김연우'],가질 수 없는 너 (화생방실 클레오파트라) (Bonus Track),복면가왕 14회,"27,241",5765888
68,-21,['BIGBANG'],WE LIKE 2 PARTY,A,"112,046",5719287
69,-33,['비스트'],일하러 가야 돼,Ordinary,"60,996",5785424
70,+17,['Ariana Grande'],Best Mistake (Feat. Big Sean),My Everything,"87,519",4836118
71,+2,['아이유'],너의 의미 (Feat. 김창완),꽃갈피,"185,224",4646573
72,-1,['김범수'],사랑의 시작은 고백에서부터,프로듀사 OST,"62,068",5709750
73,-43,"['블랙넛 (Black Nut)', '마이크로닷 (Microdot)', '베이식 (Basick)']","MY ZONE (Feat. 산이, 버벌진트)",쇼미더머니 4 Episode 2,"17,015",5804038
74,New,['베이식 (Basick)'],좋은 날 (Feat. 거미),쇼미더머니 4 Episode 6,"10,827",5835767
75,+20,['Adam Levine'],Lost Stars,Begin Again - Music From And Inspired By The Original Motion Picture,"245,845",4743560
76,+5,['엠씨더맥스'],바라보기,미녀의 탄생 OST Part 4,"65,765",5482064
77,+5,['나얼'],바람기억,Principle Of My Soul,"212,322",3910821
78,-8,"['블랙넛 (Black Nut)', '버벌진트', 'San E']",M.I.L.E. (Make It Look Easy),쇼미더머니 4 Episode 4,"16,075",5818521
79,-14,['EXO'],LOVE ME RIGHT,LOVE ME RIGHT - The 2nd Album Repackage,"180,818",5721440
80,New,['백아연'],이렇게 우리,용팔이 OST Part.4,"22,072",7847624
81,-36,['혁오 (HYUKOH)'],Hooka,22,"41,906",5713425
82,-38,['리쌍'],주마등 (Feat. 우혜미),주마등,"37,058",5779688
83,New,['트루디 (Truedy)'],"음악이 아니었다면 (Prod. by 버벌진트) (Feat. 치타, 버벌진트)",언프리티 랩스타 2 Track 3,"8,251",7859960
84,-4,['블랙넛 (Black Nut)'],100 (Feat. 천재노창),100,"48,156",4800324
85,-47,['비스트'],예이 (YeY),Ordinary,"51,715",5794996
86,-28,['San E'],Me You (Feat. 백예린 Of 15&),양치기 소년,"85,429",5674119
87,New,['플라이 투 더 스카이'],미워해야 한다면,Love & Hate,"15,852",7852843
88,New,['개리'],엉덩이 (Feat. 박재범),2002,"10,302",7859965
89,New,['마마무(Mamamoo)'],Girl Crush,이니시아 네스트 OST,"35,604",7855597
90,-31,['김연우'],만약에 말야 (화생방실 클레오파트라) (Bonus Track),복면가왕 14회,"19,093",5765887
91,-12,['다비치'],두사랑 (Feat. 매드클라운),두사랑,"89,018",5628083
92,-2,['EXO'],CALL ME BABY,The 2nd Album `EXODUS`,"154,254",5644620
93,New,['제시 (Jessi)'],쎈언니,쎈언니,"21,586",7849542
94,New,['정인'],사실은 내가,용팔이 OST Part.3,"8,928",7839315
95,New,['레이디스 코드'],아파도 웃을래,아파도 웃을래,"22,571",7844023
96,New,['CNBLUE (씨엔블루)'],신데렐라 (Cinderella),2gether,"16,794",7852847
97,-31,['EXID'],아예 (Ah Yeah),AH YEAH,"55,649",5660040
98,New,"['주비', '거미']",지워지지 않는 1,지워지지 않는 1,"5,827",7837821
99,-32,"['San E', '레이나 (Raina)']",한여름밤의 꿀,"San E, 레이나 Project Single `한여름밤의 꿀`","143,255",4681146
100,New,['기리보이'],우결 (Feat. 프롬),외롬적인 4곡,"31,285",7837788
