﻿rank,rank_change,singer,title,album,like,song_code
1,+5,['폴킴'],안녕,호텔 델루나 OST Part.10,"154,267",31984204
2,+1,['마크툽 (MAKTUB)'],오늘도 빛나는 너에게 (To You My Light) (Feat.이라온),Red Moon : To You My Light,"183,402",31853557
3,New,['볼빨간사춘기'],워커홀릭,Two Five,"121,012",32038651
4,-3,['거미'],기억해줘요 내 모든 날과 그때를,호텔 델루나 OST Part.7,"125,398",31967064
5,New,['휘인 (Whee In)'],헤어지자 (Prod. 정키),soar,"88,829",32028531
6,New,['케이시 (Kassy)'],가을밤 떠난 너,Rewind,"83,014",32031043
7,New,['장범준'],흔들리는 꽃들 속에서 네 샴푸향이 느껴진거야,멜로가 체질 OST Part 3,"196,641",32003395
8,+11,['HYNN (박혜원)'],시든 꽃에 물을 주듯,시든 꽃에 물을 주듯,"148,498",31703498
9,-7,['태연 (TAEYEON)'],그대라는 시,호텔 델루나 OST Part.3,"161,120",31938460
10,-3,['황인욱'],포장마차,포장마차,"117,560",31873020
11,-6,['송하예'],니 소식,니 소식,"172,548",31788850
12,+14,['펀치 (Punch)'],Done For Me,호텔 델루나 OST Part.12,"88,022",31993173
13,-9,"['장혜진', '윤민수(바이브)']",술이 문제야,술이 문제야,"141,459",31870517
14,-2,['벤'],내 목소리 들리니,호텔 델루나 OST Part.9,"61,594",31983112
15,-5,['Anne-Marie'],2002,Speak Your Mind (Deluxe),"304,360",31029291
16,+83,['Crush'],나빠(NAPPA),나빠(NAPPA),"72,593",32014102
17,-6,['임재현'],사랑에 연습이 있었다면 (Prod. 2soo),사랑에 연습이 있었다면,"191,121",31324607
18,+82,['선미'],날라리 (LALALAY),날라리 (LALALAY),"48,824",32012356
19,-10,['벤'],헤어져줘서 고마워,헤어져줘서 고마워,"118,498",31901475
20,-12,['헤이즈 (Heize)'],내 맘을 볼 수 있나요,호텔 델루나 OST Part.5,"80,857",31952592
21,+1,['먼데이 키즈 (Monday Kiz)'],사랑이 식었다고 말해도 돼,사랑이 식었다고 말해도 돼,"90,837",31829536
22,-6,['10CM'],나의 어깨에 기대어요,호텔 델루나 OST Part.2,"85,029",31938046
23,+1,"['Shawn Mendes', 'Camila Cabello']",Señorita,Señorita,"132,994",31877297
24,-11,['Billie Eilish'],bad guy,"WHEN WE ALL FALL ASLEEP, WHERE DO WE GO?","213,591",31701428
25,New,['전상근'],사랑이란 멜로는 없어,사랑이란 멜로는 없어,"93,989",32034629
26,-12,['ITZY (있지)'],ICY,IT`z ICY,"73,434",31955739
27,-6,['방탄소년단'],작은 것들을 위한 시 (Boy With Luv) feat. Halsey,MAP OF THE SOUL : PERSONA,"344,805",31737197
28,New,['펀치 (Punch)'],가끔 이러다,가끔 이러다,"53,530",32048693
29,-11,['김나영'],솔직하게 말해서 나,솔직하게 말해서 나,"119,326",31854442
30,-2,"['창모 (CHANGMO)', 'Hash Swan', 'ASH ISLAND', '김효은']",BAND,BAND,"105,107",31854689
31,-16,['Naomi Scott'],"Speechless (Full) (From ""Aladdin""/Soundtrack Version)",Aladdin (Original Motion Picture Soundtrack),"216,798",31815967
32,-2,['폴킴'],"모든 날, 모든 순간 (Every day, Every Moment)",`키스 먼저 할까요?` OST Part.3,"318,709",30962526
33,New,['V.O.S'],다시 만날까 봐,다시 만날까 봐,"55,932",32021744
34,New,['AKMU (악동뮤지션)'],"어떻게 이별까지 사랑하겠어, 널 사랑하는 거지",항해,"270,849",32061975
35,New,['닐로(Nilo)'],벗,벗,"48,895",32006650
36,-11,"['먼데이 키즈 (Monday Kiz)', '펀치 (Punch)']",Another Day,호텔 델루나 OST Part.1,"63,924",31924110
37,-20,['멜로망스'],인사,인사,"71,852",31914848
38,-15,['다비치'],너에게 못했던 내 마지막 말은,너에게 못했던 내 마지막 말은,"121,820",31804010
39,+2,['폴킴'],너를 만나,너를 만나,"249,511",31388145
40,+41,['Red Velvet (레드벨벳)'],음파음파 (Umpah Umpah),‘The ReVe Festival’ Day 2,"64,142",31998495
41,-21,['청하'],Snapping,Flourishing,"97,840",31879867
42,-10,['케이시 (Kassy)'],그때가 좋았어,그때가 좋았어,"191,841",31524320
43,-7,['이우'],내 안부,내 안부,"51,470",31929663
44,New,['X1 (엑스원)'],FLASH,비상 : QUANTUM LEAP,"78,350",32012743
45,New,"['스윙스', 'Kid Milli', '매드클라운']","담아 (Feat. 염따, pH-1) (Prod. BOYCOLD)",쇼미더머니 8 Episode 1,"50,622",32006890
46,-17,['태연 (TAEYEON)'],사계 (Four Seasons),사계 (Four Seasons),"203,840",31688205
47,-14,['장범준'],노래방에서,장범준 3집,"159,149",31684636
48,-8,['Lauv'],Paris In The Rain,I met you when I was 18. (the playlist),"182,428",31341518
49,-12,['기리보이'],"아퍼 (Feat. Kid Milli, Lil tachi, 김승민, NO:EL, C JAMM)",100년제전문대학,"83,019",31856628
50,-23,['헤이즈 (Heize)'],We don`t talk together (Feat. 기리보이) (Prod. SUGA),We don`t talk together,"99,566",31908033
51,-13,['잔나비'],주저하는 연인들을 위해,전설,"241,531",31666417
52,-18,['TWICE (트와이스)'],FANCY,FANCY YOU,"114,806",31754579
53,New,['임재현'],조금 취했어 (Prod. 2soo),조금 취했어,"87,312",32059630
54,-23,['청하'],그 끝에 그대,호텔 델루나 OST Part.6,"44,550",31967092
55,+6,['폴킴'],비,비,"241,281",8235260
56,-21,['디오 (D.O.)'],괜찮아도 괜찮아 (That`s okay),괜찮아도 괜찮아 (That`s okay) - SM STATION,"149,057",31893681
57,-13,['첸 (CHEN)'],사월이 지나면 우리 헤어져요 (Beautiful goodbye),"사월, 그리고 꽃 - The 1st Mini Album","158,965",31706215
58,-15,['ITZY (있지)'],달라달라,IT`z Different,"138,065",31606729
59,-8,['Imagine Dragons'],Believer,Evolve,"154,393",30227238
60,+30,['BewhY (비와이)'],가라사대,The Movie Star,"67,958",31949142
61,-15,['엠씨더맥스'],사계 (하루살이),Circular,"102,152",31532642
62,-17,['박효신'],Goodbye,Goodbye,"136,193",31777113
63,New,['볼빨간사춘기'],XX,Two Five,"31,505",32038653
64,-25,['윤하 (YOUNHA)'],비가 내리는 날에는,STABLE MINDSET,"63,501",31899300
65,+19,['송하예'],Say Goodbye,호텔 델루나 OST Part.11,"30,067",31993356
66,New,"['Woodie Gochild', '최엘비 (CHOILB)', 'BIG Naughty (서동현)', '양홍원', 'Chillin Homie']",바다 (Feat. 기리보이) (Prod. 기리보이),쇼미더머니 8 Episode 2,"32,364",32021135
67,-18,['볼빨간사춘기'],"나만, 봄",사춘기집Ⅰ 꽃기운,"139,599",31709523
68,-18,['엔플라잉 (N.Flying)'],옥탑방 (Rooftop),FLY HIGH PROJECT #2 `옥탑방`,"228,620",31532656
69,-16,['숀 (SHAUN)'],Way Back Home,Take,"285,362",31151836
70,New,['에이치코드 (H:CODE)'],꿈속에 너 (Feat. 전상근),두 번째 이야기,"60,714",8119658
71,-29,['양다일'],너만 너만 너만,호텔 델루나 OST Part.4,"30,389",31952576
72,New,['볼빨간사춘기'],25,Two Five,"24,811",32038652
73,-13,['방탄소년단'],봄날,YOU NEVER WALK ALONE,"459,265",30244931
74,-20,['엠씨더맥스'],넘쳐흘러,Circular,"143,525",31532643
75,-23,['청하'],벌써 12시,벌써 12시,"152,149",31532438
76,-12,['방탄소년단'],IDOL,LOVE YOURSELF 結 `Answer`,"285,935",31266290
77,New,['X1 (엑스원)'],웃을 때 제일 예뻐,비상 : QUANTUM LEAP,"46,738",32012744
78,-5,['Jeremy Zucker'],comethru,"summer,","128,407",31621518
79,New,['TWICE (트와이스)'],Feel Special,Feel Special,"77,631",32057802
80,-10,['임한별'],이별하러 가는 길,이별하러 가는 길,"118,135",31304766
81,-18,"['창모 (CHANGMO)', 'Hash Swan', 'ASH ISLAND', '김효은', '릴러말즈 (Leellamarz)', 'The Quiett']",비워 (Beer) (Prod. Way Ched),Dingo X Ambition Musik,"59,357",31890067
82,-26,['우디 (Woody)'],대충 입고 나와,대충 입고 나와,"45,409",31835421
83,-35,"['Mena Massoud', 'Naomi Scott']","A Whole New World (From ""Aladdin""/Soundtrack Version)",Aladdin (Original Motion Picture Soundtrack),"108,083",31815962
84,-27,['BLACKPINK'],Kill This Love,KILL THIS LOVE,"108,339",31717822
85,-14,['하은'],비오는 날 뭐해,비오는 날 뭐해,"34,296",31920854
86,New,['X1 (엑스원)'],U GOT IT (X1 Ver.),비상 : QUANTUM LEAP,"40,103",32012746
87,-40,['어반자카파'],서울 밤 (feat. 빈지노),서울 밤,"58,511",31864770
88,-21,['EXO'],Love Shot,LOVE SHOT - The 5th Album Repackage,"166,194",31492319
89,New,"['태용 (TAEYONG)', '펀치 (Punch)']",러브 델루나,호텔 델루나 OST Part.13,"28,639",32006894
90,-10,['오마이걸'],BUNGEE (Fall in Love),OH MY GIRL SUMMER PACKAGE [FALL IN LOVE],"43,787",31969182
91,-23,['염따'],돈 Call Me (Prod.BRLLNT),Dingo X 염따,"70,514",31788828
92,New,['X1 (엑스원)'],움직여 (MOVE) (Prod. by ZICO) (X1 Ver.),비상 : QUANTUM LEAP,"38,797",32012747
93,New,['볼빨간사춘기'],Taste,Two Five,"19,316",32038654
94,-35,['백현 (BAEKHYUN)'],UN Village,City Lights - The 1st Mini Album,"101,467",31917677
95,-21,"['Ed Sheeran', 'Justin Bieber']",I Don`t Care,No.6 Collaborations Project,"59,161",31788110
96,-18,['방탄소년단'],소우주 (Mikrokosmos),MAP OF THE SOUL : PERSONA,"190,535",31737198
97,New,['X1 (엑스원)'],괜찮아요,비상 : QUANTUM LEAP,"41,946",32012745
98,New,['볼빨간사춘기'],낮 (Day off),Two Five,"17,214",32038655
99,New,['정효빈'],달라진 니 마음,달라진 니 마음,"15,491",32030864
100,New,"['윤비 (YunB)', '김승민', 'YUNHWAY', '도넛맨 (Donutman)']","덜어 (Feat. Kid Milli, 스윙스) (Prod. BOYCOLD)",쇼미더머니 8 Episode 2,"14,990",32021136
