﻿rank,rank_change,singer,title,album,like,song_code
1,New,['볼빨간사춘기'],"나만, 봄",사춘기집Ⅰ 꽃기운,"139,599",31709523
2,+21,['태연 (TAEYEON)'],사계 (Four Seasons),사계 (Four Seasons),"203,840",31688205
3,+30,['잔나비'],주저하는 연인들을 위해,전설,"241,531",31666417
4,New,['볼빨간사춘기'],별 보러 갈래?,사춘기집Ⅰ 꽃기운,"81,887",31709524
5,New,['BLACKPINK'],Kill This Love,KILL THIS LOVE,"108,338",31717822
6,+10,['장범준'],당신과는 천천히,장범준 3집,"100,657",31684634
7,New,['첸 (CHEN)'],사월이 지나면 우리 헤어져요 (Beautiful goodbye),"사월, 그리고 꽃 - The 1st Mini Album","158,965",31706215
8,+48,['장범준'],노래방에서,장범준 3집,"159,149",31684636
9,New,['방탄소년단'],작은 것들을 위한 시 (Boy With Luv) feat. Halsey,MAP OF THE SOUL : PERSONA,"344,804",31737197
10,-8,['케이시 (Kassy)'],그때가 좋았어,그때가 좋았어,"191,840",31524320
11,-10,['엔플라잉 (N.Flying)'],옥탑방 (Rooftop),FLY HIGH PROJECT #2 `옥탑방`,"228,620",31532656
12,-1,['백예린'],그건 아마 우리의 잘못은 아닐 거야,Our love is great,"127,993",31674786
13,-10,['ITZY (있지)'],달라달라,IT`z Different,"138,065",31606729
14,-5,['박봄'],봄 (feat. 산다라박),Spring,"84,520",31663597
15,-11,['에픽하이 (EPIK HIGH)'],술이 달다 (Feat. Crush),sleepless in __________,"96,029",31658897
16,-2,['마마무(Mamamoo)'],고고베베 (gogobebe),White Wind,"78,905",31668491
17,New,['케이시 (Kassy)'],진심이 담긴 노래 (True Song),진심이 담긴 노래 (True Song),"83,718",31699965
18,-11,['엠씨더맥스'],넘쳐흘러,Circular,"143,525",31532643
19,-13,['우디 (Woody)'],이 노래가 클럽에서 나온다면,이 노래가 클럽에서 나온다면,"113,505",31576009
20,-15,['화사(Hwa Sa)'],멍청이(twit),멍청이(twit),"118,077",31608765
21,+3,['엠씨더맥스'],사계 (하루살이),Circular,"102,152",31532642
22,-14,['청하'],벌써 12시,벌써 12시,"152,149",31532438
23,-3,['폴킴'],"모든 날, 모든 순간 (Every day, Every Moment)",`키스 먼저 할까요?` OST Part.3,"318,708",30962526
24,-5,['폴킴'],너를 만나,너를 만나,"249,511",31388145
25,+34,['Anne-Marie'],2002,Speak Your Mind (Deluxe),"304,359",31029291
26,+1,['헤이즈 (Heize)'],SHE`S FINE,She`s Fine,"52,734",31677966
27,New,['IZ*ONE (아이즈원)'],비올레타,HEART*IZ,"85,653",31706346
28,New,['방탄소년단'],소우주 (Mikrokosmos),MAP OF THE SOUL : PERSONA,"190,535",31737198
29,-14,['하은'],신용재,신용재,"124,876",31406357
30,New,['임재현'],사랑에 연습이 있었다면 (Prod. 2soo),사랑에 연습이 있었다면,"191,121",31324607
31,-19,['이소라'],신청곡 (Feat. SUGA of BTS),신청곡 (Feat. SUGA of BTS),"185,421",31571110
32,+15,['방탄소년단'],봄날,YOU NEVER WALK ALONE,"459,265",30244931
33,-20,['윤건'],너도 그냥 날 놓아주면 돼,너도 그냥 날 놓아주면 돼,"112,745",31455159
34,+44,"['Lil tachi', '호치키스 (김호진)']",눈 (Prod. 기리보이),고등래퍼3 팀대항전 Part 1,"99,861",31671295
35,-17,['폴킴'],초록빛,초록빛,"117,323",31565593
36,New,['방탄소년단'],Make It Right,MAP OF THE SOUL : PERSONA,"167,297",31737199
37,-20,"['Jvcki Wai', '양홍원', 'Osshun Gum', '한요한']",띵 (Prod. By 기리보이),Dingo X Indigo Music,"120,380",31554317
38,-28,['10CM'],그러나,4.3,"66,682",31652857
39,-18,['벤'],180도,180˚,"154,605",31477685
40,New,['볼빨간사춘기'],Mermaid,사춘기집Ⅰ 꽃기운,"55,541",31709526
41,-6,['하은요셉'],여자친구,여자친구,"43,870",31652482
42,+2,['방탄소년단'],IDOL,LOVE YOURSELF 結 `Answer`,"285,935",31266290
43,-15,['숀 (SHAUN)'],Way Back Home,Take,"285,362",31151836
44,-19,['케이윌'],내 생에 아름다운,뷰티 인사이드 OST Part.4,"133,010",31373277
45,-13,['임한별'],이별하러 가는 길,이별하러 가는 길,"118,135",31304766
46,New,['잔나비'],뜨거운 여름밤은 가고 남은 건 볼품없지만,MONKEY HOTEL,"120,060",8298724
47,-25,['제니 (JENNIE)'],SOLO,SOLO,"181,044",31417871
48,New,['방탄소년단'],HOME,MAP OF THE SOUL : PERSONA,"135,391",31737200
49,-20,['TWICE (트와이스)'],YES or YES,YES or YES,"142,347",31403163
50,-11,['Ariana Grande'],7 rings,7 rings,"97,752",31567235
51,New,['방탄소년단'],Dionysus,MAP OF THE SOUL : PERSONA,"153,892",31737202
52,-15,['양다일'],고백,고백,"128,453",31356458
53,New,['방탄소년단'],Jamais Vu,MAP OF THE SOUL : PERSONA,"133,256",31737201
54,-12,['백예린'],야간비행 (魔女の花),Our love is great,"53,073",31674785
55,-19,['Ariana Grande'],"thank u, next","thank u, next","136,966",31402611
56,New,['TWICE (트와이스)'],FANCY,FANCY YOU,"114,806",31754579
57,+33,['버스커 버스커'],벚꽃 엔딩,버스커 버스커 1집,"343,126",3753304
58,New,['볼빨간사춘기'],나들이 갈까,사춘기집Ⅰ 꽃기운,"25,290",31709522
59,-7,['폴킴'],비,비,"241,281",8235260
60,-15,['닐로(Nilo)'],지나오다,About You,"218,050",30699142
61,-21,['아이유'],삐삐,삐삐,"241,408",31346009
62,-14,['노을'],너는 어땠을까,별,"87,019",31403156
63,-22,['허각'],흔한 이별,흔한 이별,"67,153",31453551
64,-13,['EXO'],Love Shot,LOVE SHOT - The 5th Album Repackage,"166,194",31492319
65,-34,['MINO (송민호)'],아낙네,XX,"169,850",31448480
66,+9,['Lauv'],Paris In The Rain,I met you when I was 18. (the playlist),"182,425",31341518
67,-21,['벤'],열애중,RECIPE,"171,760",31062863
68,+12,['거미'],혼자,혼자,"28,333",31674782
69,-26,['바이브'],가을 타나 봐,가을 타나 봐,"132,573",31314144
70,New,['BLACKPINK'],Don`t Know What To Do,KILL THIS LOVE,"55,215",31717823
71,-41,['닐로(Nilo)'],미운 날,29,"38,108",31629490
72,New,['볼빨간사춘기'],Seattle Alone,사춘기집Ⅰ 꽃기운,"30,359",31709525
73,-23,['임창정'],하루도 그대를 사랑하지 않은 적이 없었다,하루도 그대를 사랑하지 않은 적이 없었다,"149,555",31316695
74,New,['잔나비'],사랑하긴 했었나요 스쳐가는 인연이었나요 짧지않은 우리 함께했던 시간들이 자꾸 내 마음을 가둬두네,봉춤을 추네,"82,478",4848555
75,-37,['WINNER'],MILLIONS,MILLIONS,"137,279",31506637
76,New,['첸 (CHEN)'],꽃 (Flower),"사월, 그리고 꽃 - The 1st Mini Album","56,484",31706214
77,-24,"['pH-1', 'Kid Milli', '루피(Loopy)']",Good Day (Feat. 팔로알토) (Prod. 코드 쿤스트),쇼미더머니 777 Episode 1,"154,791",31340985
78,-23,['비투비'],아름답고도 아프구나,HOUR MOMENT,"149,025",31417922
79,New,['방탄소년단'],Intro : Persona,MAP OF THE SOUL : PERSONA,"118,257",31737196
80,-23,['아이유'],밤편지,밤편지,"352,400",30314784
81,-16,['EXO'],Tempo,DON`T MESS UP MY TEMPO - The 5th Album,"186,564",31399721
82,New,['길구봉구'],있어줄래,있어줄래,"31,333",31723469
83,-49,['(여자)아이들'],Senorita,I made,"53,528",31635202
84,New,['잔나비'],She (Hidden Track No.V 1월 선정곡),She,"71,547",30616707
85,-16,['비투비'],그리워하다,Brother Act.,"237,632",30672529
86,+9,['헤이즈 (Heize)'],그러니까 (Feat. Colde),She`s Fine,"42,381",31677967
87,-26,['방탄소년단'],FAKE LOVE,LOVE YOURSELF 轉 `Tear`,"296,567",31085237
88,-17,['비투비'],너 없인 안 된다,THIS IS US,"168,985",31133898
89,New,['태연 (TAEYEON)'],Blue,사계 (Four Seasons),"52,666",31688204
90,New,['이영지'],"GO HIGH (Feat. 우원재, 창모 (CHANGMO), The Quiett) (Prod. CODE KUNST)",고등래퍼3 Final,"45,402",31736992
91,New,['장범준'],일산으로,장범준 3집,"21,587",31684635
92,-18,['IZ*ONE (아이즈원)'],라비앙로즈 (La Vie en Rose),COLOR*IZ,"106,144",31388213
93,-30,['BLACKPINK'],뚜두뚜두 (DDU-DU DDU-DU),SQUARE UP,"211,587",31131273
94,New,['첸 (CHEN)'],하고 싶던 말 (Sorry not sorry),"사월, 그리고 꽃 - The 1st Mini Album","45,155",31706216
95,-2,['첸 (CHEN)'],Make it count,진심이 닿다 OST Part.1,"54,244",31597986
96,New,['첸 (CHEN)'],사랑의 말 (Love words),"사월, 그리고 꽃 - The 1st Mini Album","47,048",31706217
97,-39,['양다일'],미안해,inside,"166,030",30809895
98,-30,['우원재'],호불호 (Feat. 기리보이) (Prod. By GRAY),호불호,"49,141",31659570
99,-29,['방탄소년단'],DNA,LOVE YOURSELF 承 `Her`,"359,651",30637982
100,New,['장범준'],그모습 그대로,장범준 3집,"15,694",31684637
