﻿rank,rank_change,singer,title,album,like,song_code
1,+74,['먼데이 키즈 (Monday Kiz)'],흩어져,New Sentimental,"4,896",2650539
2,New,['서영은'],이 거지같은 말 (With 정엽 Of 브라운 아이드 소울),With,"9,219",2660148
3,+49,['2PM'],Without U,Don`t Stop Can`t Stop,"5,605",2648642
4,New,['다비치'],시간아 멈춰라,Innocence,"22,018",2670748
5,New,['f(x)'],NU 예삐오 (NU ABO),NU 예삐오,"20,522",2667293
6,+4,['시크릿'],Magic,Secret Time,"7,645",2629049
7,New,['뜨거운 감자'],고백,시소,"59,024",2627301
8,+9,['이효리'],Chitty Chitty Bang Bang (Feat. Ceejay Of Freshboyz),H-Logic,"8,937",2640165
9,New,['서인국'],사랑해 U,Just Beginning,"10,492",2671449
10,-9,['비'],널 붙잡을 노래,Back To The Basic,"12,092",2626610
11,-9,['애프터스쿨'],뱅(Bang) !,Bang!,"9,712",2621364
12,+8,['예성 (YESUNG)'],너 아니면 안돼,신데렐라 언니 OST,"22,231",2627950
13,New,['거미'],사랑은 없다,사랑은 없다,"2,331",2654948
14,New,['원더걸스'],2 Different Tears,2 Different Tears,"17,125",2684572
15,-12,['소녀시대 (GIRLS` GENERATION)'],Run Devil Run,`Run Devil Run` The 2nd Album (Repackage),"16,381",2611648
16,+75,['2AM'],바보처럼,개인의 취향 OST,"2,926",2651832
17,New,['거미'],남자라서,Loveless,"8,274",2667088
18,-14,['2AM'],잘못했어,잘못했어,"6,747",2609744
19,+20,['비'],Hip Song,Back To The Basic,"6,711",2626611
20,New,['바이브'],다시 와주라,Vibe In Praha,"42,039",2680552
21,-15,['티아라'],너 때문에 미쳐,Breaking Heart (Repackage),"15,543",2587788
22,New,['이석훈'],그대를 사랑하는 10가지 이유,인사,"62,463",2654264
23,-18,['브라운 아이드 소울'],비켜줄께,비켜줄께 / Blowin My Mind,"16,628",2621349
24,-3,['씨야'],가슴이 뭉클,개인의 취향 OST Part.2,"4,045",2637292
25,New,['에이트'],이별이 온다,The Bridge,"5,938",2673348
26,-18,"['MC몽', '서인영']",Bubble Love,조영수 All Star 2.5,"37,204",2596161
27,-15,['디셈버'],배운게 사랑이라,Honesty,"11,430",2596063
28,-17,['비스트'],Shock,Shock Of The New Era,"30,578",2593618
29,New,['브라운 아이드 소울'],Love Ballad,Love Ballad / Never Forget,"28,508",2676935
30,New,['임재범'],사랑에 아파한 날들 (Duet. 윤하),사랑에 아파한 날들,"2,783",2656760
31,-24,['카라'],루팡 (Lupin),루팡 (Lupin),"16,144",2579459
32,-16,['포맨'],못해 (Feat. 美),The 3rd Generation (Special Album),"67,255",2544949
33,New,['다비치'],사랑을 못해 이별을 못해,Innocence,"6,459",2671461
34,New,['SUPER JUNIOR (슈퍼주니어)'],미인아,`미인아(Bonamana)` The 4th Album,"5,744",2673793
35,+54,['먼데이 키즈 (Monday Kiz)'],Goodbye My Princess,검사 프린세스 OST,"4,771",2643659
36,New,"['케이윌', '미료']",버스가 떠난 뒤에,인사 - 연·애·별,"3,637",2680150
37,New,['4minute'],HUH,Hit Your Heart,"6,440",2688949
38,New,['바비 킴'],남자답게,Heart & Soul,856,2656792
39,-30,['케이윌'],선물 (Feat. 은지원),선물,"20,744",2601592
40,+16,['티아라'],내가 너무 아파,Breaking Heart (Repackage),"4,462",2587789
41,-26,"['마이티 마우스', '백지영']",사랑이 올까요 (With 백지영),사랑이 올까요 (Digital Single),"12,300",2601848
42,New,['CNBLUE (씨엔블루)'],사랑 빛,Bluelove,"35,317",2675871
43,New,['린'],자기야 여보야 사랑아,6th Part 2 `Candy Train`,"31,825",2680287
44,New,['엠블랙'],Y,Y,"6,319",2684461
45,New,['하하'],술병 (With 타이거JK),술병,"5,320",2674754
46,New,['디셈버'],별이될께,Tears In Heaven,"12,798",2682148
47,-20,['길학미'],Super Soul,Super Soul,"1,504",2620650
48,-29,['윤하 (YOUNHA)'],말도 안돼,개인의 취향 OST Part.1,"9,622",2627748
49,New,['럼블피쉬'],1초 2초,I Am Me,353,2670153
50,-36,['지아'],나쁜 버릇,나쁜 버릇,"5,117",2623007
51,New,['서인영'],잘가요 로맨스,Lov-Elly,"5,862",2678848
52,-34,['아웃사이더'],주변인,주변인 : The Outsider,"10,446",2593649
53,New,"['SG 워너비', '옥주현']",페이지원,커피하우스 OST Part.2,"2,554",2674873
54,New,['가비엔제이'],아무도 모르죠,신이라 불리운 사나이 OST,946,2656848
55,-30,['이승기'],사랑이 술을 가르쳐 (Feat. 백찬 From 8eight),Shadow (Repackage),"24,819",2546258
56,+9,['김태우'],그대라는 날개,개인의 취향 OST Part.4,920,2646465
57,New,['CNBLUE (씨엔블루)'],Love,Bluelove,"15,570",2679548
58,-36,['정인'],미워요,정인 From Andromeda,"73,385",2604975
59,-29,['M4'],널 위한 멜로디,The Story Of M4,"9,757",2590471
60,-23,['JOO'],뒤돌아봐,신데렐라 언니 OST,"7,455",2633352
61,-37,['소녀시대 (GIRLS` GENERATION)'],Oh!,`Oh!` The Second Album,"19,594",2554001
62,-49,['이효리'],그네 (Feat. 개리 Of 리쌍),H-Logic,180,2631348
63,New,"['제아', '미료']",Love Is...,블루 브랜드 Trauma Part 1,547,2670548
64,New,['비스트'],Easy (Sincere Ver.),Easy (Sincere Ver.),"11,394",2665561
65,-39,['2AM'],죽어도 못 보내,죽어도 못 보내,"17,840",2549955
66,New,['Ab 에비뉴'],너뿐이야,너뿐이야,332,2671214
67,+11,"['현아', '낯선']",황야의 무법자,E-Tribe Project Album (201004),638,2646084
68,-15,['B.o.B'],Nothin` On You (Feat. Bruno Mars),Nothin` On You (Feat. Bruno Mars),"49,701",2610672
69,New,['엠투엠 (M To M)'],기념사진,기념사진,"2,613",2686250
70,New,['카라'],We`re With You,We`re With You,"1,809",2668648
71,New,['소야앤썬'],웃으며 안녕,웃으며 안녕,"9,386",2657048
72,-41,['은지원'],술김에...,술김에...,"5,487",2617540
73,New,['최현준 (V.O.S)'],너 없으면 죽어,Rainbow Piano,479,2669850
74,New,['박혜경'],새 남자친구,새 남자친구,"1,398",2682571
75,-52,['빅마마'],기다리다 미쳐,5,"2,652",2617550
76,New,['슬기'],결국 제자리,결국 제자리,"2,264",2675248
77,-16,['4minute'],사랑 만들기,개인의 취향 OST Part.3,"2,229",2643809
78,-49,['언터쳐블'],가슴에 살아 (Feat. 나르샤 Of Brown Eyed Girls),Untouchable Mini Album 2nd,"22,043",2566835
79,New,['거미'],Because Of You,Loveless,"11,528",2667086
80,-29,['이효리'],"Bring It Back (Feat. 베카 Of 애프터스쿨, 전지윤 Of 포미닛)",H-Logic,84,2641051
81,New,['이은미'],죄인,소리 위를 걷다 2,352,2664550
82,New,['길미'],사랑은 전쟁이다 (Feat. 아웃사이더),The Bridge Of Love Actually,"2,941",2687986
83,New,['유키스'],뭐라고 (New Ver.),뭐라고,183,2666648
84,New,['이비아'],쉐이크 (Shake)!,Must Have Mini Album,"3,214",2662283
85,-57,['G-DRAGON'],Heartbreaker (Feat. Flo Rida),Shine A Light,"7,622",2626713
86,-48,['브라운아이드걸스'],Magic (FOI 2010 주제곡),Festa On Ice 2010 스페셜 앨범,716,2634099
87,-4,['양정승'],밤하늘의 별을... (With KCM & No Noo),Generation,"56,716",2566458
88,New,['먼데이 키즈 (Monday Kiz)'],왜..하필,New Sentimental,849,2650540
89,-27,['이효리'],I`m Back,H-Logic,87,2641050
90,-47,['데프콘'],래퍼들이 헤어지는 방법 (Feat.구지성),Macho Museum,"6,540",2609656
91,New,['조성모'],웃을께,커피하우스 OST Part.1,293,2660751
92,New,['UV'],쿨하지 못해 미안해 (No Cool I`m Sorry),Do You Wanna Be Cool?,"7,654",2645549
93,-61,['에픽하이 (EPIK HIGH)'],Run,Epilogue,"9,948",2600849
94,New,['먼데이 키즈 (Monday Kiz)'],가지마,ru:t;,"4,550",2690353
95,New,['Tiago Iorc'],Fine (드라마 `개인의 취향` 삽입곡),Let Yourself In,"13,073",2653628
96,New,['2PM'],Don`t Stop Can`t Stop,Don`t Stop Can`t Stop,"2,039",2648948
97,-64,['용감한 형제'],슬픈 음악 (With V.O.S.),슬픈음악,514,2630748
98,New,['H2'],마음의 병,마음의 병,917,2671560
99,New,['B.o.B'],Airplanes (Feat. Hayley Williams Of Paramore),Airplanes (Feat. Hayley Williams Of Paramore),"12,714",2652027
100,-21,['Kesha'],TiK ToK,Animal,"1,139",2530461
