﻿rank,rank_change,singer,title,album,like,song_code
1,New,['BIGBANG'],LOSER,M,"164,381",5682700
2,New,['BIGBANG'],BAE BAE,M,"135,590",5684826
3,+23,['San E'],Me You (Feat. 백예린 Of 15&),양치기 소년,"85,429",5674119
4,+27,"['로꼬', '유주 (여자친구)']",우연히 봄,냄새를 보는 소녀 OST Part.2,"126,658",5650996
5,+4,['EXID'],아예 (Ah Yeah),AH YEAH,"55,649",5660040
6,-3,['박진영'],어머님이 누구니 (Feat. 제시),24/34,"54,566",5658708
7,-6,['미쓰에이'],다른 남자 말고 너,Colors,"78,674",5644636
8,+77,['박보람'],연예할래,CELEPRETTY,"34,570",5674470
9,-7,"['지민 (AOA)', '아이언']",Puss (Prod.by 라이머),언프리티 랩스타 SEMI FINAL,"71,629",5634219
10,New,['보아 (BoA)'],Who Are You (Feat. 개코),Kiss My Lips - The 8th Album,"42,842",5684914
11,-6,['다비치'],두사랑 (Feat. 매드클라운),두사랑,"89,018",5628083
12,New,['아이유'],마음,마음,"162,257",5700639
13,+4,['지누션'],한번 더 말해줘 (Feat. 장한나),한번 더 말해줘,"31,945",5657227
14,-10,['허각'],사월의 눈,사월의 눈,"91,370",5629186
15,New,['Zion.T'],꺼내 먹어요,Eat,"151,527",5702706
16,-6,['나얼'],같은 시간 속의 너,브라운 아이드 소울 싱글 프로젝트 1st. 같은 시간 속의 너 By 나얼,"150,364",5576417
17,-11,['EXO'],CALL ME BABY,The 2nd Album `EXODUS`,"154,253",5644620
18,+14,['블락비 바스타즈'],품행제로,품행제로,"54,730",5661710
19,+6,['Maroon 5'],Sugar,V (Deluxe Edition),"178,611",4857981
20,-1,['Mark Ronson'],Uptown Funk (Feat. Bruno Mars),Uptown Funk (Feat. Bruno Mars),"143,113",5459268
21,New,['방탄소년단'],I NEED U,화양연화 pt.1,"196,918",5681153
22,-11,['Red Velvet (레드벨벳)'],Ice Cream Cake,The 1st Mini Album `Ice Cream Cake`,"104,832",5629148
23,-10,['프라이머리'],"조만간 봐요 (Feat. BSK, 개코)",2-1,"30,274",5657052
24,-17,"['치타 (CHEETAH)', '에일리']",아무도 모르게 (Prod. by MC몽),언프리티 랩스타 Track 6,"44,969",5642918
25,-13,['케이윌'],꽃이 핀다,[RE:],"72,530",5639931
26,+4,['Sam Smith'],I`m Not The Only One,In The Lonely Hour,"218,001",4660794
27,New,['엠씨더맥스'],그 남잔 말야,냄새를 보는 소녀 OST Part.5,"74,492",5668985
28,-13,['MC몽'],사랑 범벅 (Feat. 챈슬러 of the channels),SONG FOR YOU,"55,278",5610343
29,-6,['백지영'],새벽 가로수길 (With 송유빈),새벽 가로수길,"55,404",5637019
30,-2,['EXID'],위아래,위아래,"89,327",4840271
31,New,['김성규'],너여야만 해,2nd Mini Album `27`,"51,875",5690596
32,-14,"['HIGH4 (하이포)', '아이유']",봄 사랑 벚꽃 말고,봄 사랑 벚꽃 말고,"175,987",4579468
33,-25,['박효신'],Shine Your Light,Shine Your Light,"59,670",5652555
34,New,['SHINee (샤이니)'],View,Odd - The 4th Album,"99,750",5700879
35,-8,['노을'],목소리,보이지 않는 것들,"59,602",5536206
36,-7,"['Zion.T', 'Crush']",그냥 (Just),Young,"141,962",5572312
37,-16,"['지민 (AOA)', '슬옹']",시작이 좋아 2015 (Prod. By 버벌진트),언프리티 랩스타 Track 2,"40,227",5608760
38,New,['윤미래'],너의 얘길 들어줄게,후아유 - 학교 2015 OST Part 3,"34,060",5690942
39,-25,['버스커 버스커'],벚꽃 엔딩,버스커 버스커 1집,"343,123",3753304
40,New,['나비'],잘지내니,잘지내니,"15,550",5683227
41,-19,"['키썸 (Kisum)', 'San E', '태완 (Taewan)']",슈퍼스타 (Prod. by D.O),언프리티 랩스타 Track 5,"35,721",5616999
42,-18,"['제시 (Jessi)', '치타 (CHEETAH)', '강남']",My Type (Prod. By 버벌진트),언프리티 랩스타 Track 3,"51,745",5592623
43,-23,['가인'],Apple (Feat. 박재범),Hawwah,"40,560",5622359
44,-6,['박효신'],야생화,야생화,"299,799",4543502
45,-29,['치타 (CHEETAH)'],"Coma 07` (Prod.by DJ Juice, D.Theo)",언프리티 랩스타 SEMI FINAL,"41,989",5634218
46,+4,['Adam Levine'],Lost Stars,Begin Again - Music From And Inspired By The Original Motion Picture,"245,845",4743560
47,-3,['여자친구 (GFRIEND)'],유리구슬 (Glass Bead),여자친구 1st Mini Album `Season Of Glass`,"69,500",5546489
48,New,"['허각', '정인']",동네술집,동네술집,"36,136",5704765
49,-4,['Ariana Grande'],Problem (Feat. Iggy Azalea),Problem,"102,982",4630555
50,New,"['키썸 (Kisum)', '릴 샴', '제이스', '보라', '아둥가']",Feedback (피드백),Feedback (피드백),"8,981",5674616
51,New,['나얼'],바람기억,Principle Of My Soul,"212,322",3910821
52,+4,['박진영'],대낮에 한 이별 (Feat. 선예 (Wonder Girls)),Back To Stage,"41,865",1764208
53,+23,['거미'],해줄 수 없는 일,Fall in Memory,"23,025",5667583
54,+36,"['Charlie Puth', 'Wiz Khalifa']",See You Again (폴 워커 추모 엔딩곡),분노의 질주: 더 세븐 OST,"191,257",5629279
55,+22,"['San E', '레이나 (Raina)']",한여름밤의 꿀,"San E, 레이나 Project Single `한여름밤의 꿀`","143,255",4681146
56,-1,['아이유'],금요일에 만나요 (Feat. 장이정 Of HISTORY),Modern Times - Epilogue,"215,257",4369827
57,-22,['매드클라운'],화 (Feat. 진실 Of Mad Soul Child) (Fire),Piece Of Mine,"73,491",5531227
58,New,"['바이브', '포맨', '벤', '임세준', '미(MIIII)']",축가 (Celebrate Love),축가 (Celebrate Love) (Made in THE VIBE),"18,349",5683329
59,+32,['백현 (BAEKHYUN)'],두근거려 (Beautiful),우리 옆집에 EXO가 산다 OST,"86,660",5672392
60,New,['배치기'],바람에 날려 (Feat. 펀치 (Punch)),후아유 - 학교 2015 OST Part 2,"16,419",5684197
61,New,['전효성'],반해,FANTASIA,"9,051",5686285
62,New,['걸스데이'],Hello Bubble,Hello Bubble,"19,492",5692770
63,-1,['엠씨더맥스'],바라보기,미녀의 탄생 OST Part 4,"65,765",5482064
64,-12,['Apink (에이핑크)'],LUV,Pink LUV,"103,735",5473905
65,-17,['규현 (KYUHYUN)'],광화문에서 (At Gwanghwamun),The 1st Mini Album `광화문에서 (At Gwanghwamun)`,"190,956",5458267
66,-32,['다비치'],또 운다 또,DAVICHI HUG,"47,889",5555751
67,-3,['Maroon 5'],Maps,Maps,"126,214",4688375
68,-14,['AOA'],사뿐사뿐,사뿐사뿐,"53,071",5456521
69,-28,['정승환'],사랑에 빠지고 싶다,K팝 스타 시즌4 `사랑에 빠지고 싶다`,"101,154",5495296
70,-13,['GD X TAEYANG'],GOOD BOY,GOOD BOY,"81,691",5470838
71,New,['타이거JK'],Reset (Feat. 진실 Of Mad Soul Child),후아유 - 학교 2015 OST Part 1,"33,727",5678250
72,-9,['로꼬'],니가 모르게 (You Don`t Know),LOCOMOTIVE,"99,600",5476552
73,-22,"['소유 (SOYOU)', '기리보이']",팔베개 (Feat. 기현) (Pillow),NO.MERCY (노머시) Part.2,"46,859",5546828
74,-8,['아이유'],너의 의미 (Feat. 김창완),꽃갈피,"185,224",4646573
75,-39,['이문세'],봄바람 (Feat. 나얼),NEW DIRECTION,"39,216",5653958
76,-4,['어쿠스틱 콜라보'],너무 보고싶어,연애의 발견 OST Part 6,"98,483",5386171
77,-16,['러블리즈'],안녕 (Hi~),Hi~,"48,496",5612284
78,New,['김성규'],Kontrol,2nd Mini Album `27`,"35,691",5690598
79,New,['버벌진트'],My Type 2 (Feat. 강민경&산체스),My Type 2,"5,729",5684893
80,-40,['GRAY (그레이)'],하기나 해 (Feat. Loco),grayground. 01,"88,097",5653497
81,New,['백아연'],이럴거면 그러지말지 (Feat. Young K),이럴거면 그러지말지,"188,155",5704397
82,New,['Lim Kim'],Awoo,Simple Mind,"13,679",5672768
83,-46,['4minute'],미쳐,Crazy,"37,921",5584641
84,-37,"['15& (박지민, 백예린)']",사랑은 미친짓 (Feat. 칸토 of 트로이),사랑은 미친짓,"45,797",5584400
85,New,['장현승'],니가 처음이야 (Feat. 기리보이),MY,"13,551",5688499
86,-16,['어쿠스틱 콜라보'],"묘해, 너와",연애의 발견 OST Part 4,"120,063",4864206
87,-22,['포스트맨(Postmen)'],신촌을 못가,신촌을 못가,"100,218",4016085
88,-42,['장재인'],환청 (Feat. 나쑈 (NaShow)),킬미힐미 OST Part.1,"59,068",5545022
89,-40,['민아 (걸스데이)'],나도 여자예요,I am a Woman too,"23,559",5627962
90,-22,['MC몽'],내 생애 가장 행복한 시간 (Feat. 허각),MISS ME OR DISS ME,"76,045",5442687
91,New,['보아 (BoA)'],Kiss My Lips,Kiss My Lips - The 8th Album,"13,971",5692635
92,New,['박재범'],몸매 (MOMMAE) (Feat. Ugly Duck),몸매 (MOMMAE),"71,364",5708013
93,-34,['San E'],모두가 내 발아래 (Feat. MC그리),모두가 내 발아래,"10,147",5663784
94,-21,['에픽하이 (EPIK HIGH)'],"BORN HATER (Feat. 빈지노, 버벌진트, B.I, MINO, BOBBY)",신발장,"114,009",5419682
95,-17,"['소유 (SOYOU)', '정기고']",썸 (Feat. 릴보이 Of 긱스),썸,"166,388",4433490
96,-63,['제시 (Jessi)'],Unpretty Dreams (Prod.by GRAY),언프리티 랩스타 SEMI FINAL,"18,419",5634221
97,-55,['빈지노 (Beenzino)'],어쩌라고 (So What),어쩌라고 (So What),"35,195",5622398
98,New,['SHINee (샤이니)'],Love Sick,Odd - The 4th Album,"44,839",5700878
99,-32,['토이'],세 사람 (With 성시경),Da Capo,"96,443",5465008
100,-42,['EXO'],EXODUS,The 2nd Album `EXODUS`,"67,312",5644827
