﻿rank,rank_change,singer,title,album,like,song_code
1,New,['BIGBANG'],뱅뱅뱅 (BANG BANG BANG),A,"192,528",5719286
2,+79,['백아연'],이럴거면 그러지말지 (Feat. Young K),이럴거면 그러지말지,"188,155",5704397
3,New,['BIGBANG'],WE LIKE 2 PARTY,A,"112,046",5719287
4,-3,['BIGBANG'],LOSER,M,"164,381",5682700
5,+7,['아이유'],마음,마음,"162,257",5700639
6,New,['EXO'],LOVE ME RIGHT,LOVE ME RIGHT - The 2nd Album Repackage,"180,818",5721440
7,+8,['Zion.T'],꺼내 먹어요,Eat,"151,527",5702706
8,-6,['BIGBANG'],BAE BAE,M,"135,590",5684826
9,-5,"['로꼬', '유주 (여자친구)']",우연히 봄,냄새를 보는 소녀 OST Part.2,"126,658",5650996
10,-7,['San E'],Me You (Feat. 백예린 Of 15&),양치기 소년,"85,429",5674119
11,+23,['SHINee (샤이니)'],View,Odd - The 4th Album,"99,750",5700879
12,+15,['엠씨더맥스'],그 남잔 말야,냄새를 보는 소녀 OST Part.5,"74,492",5668985
13,New,['포맨'],넌 나의 집,넌 나의 집 (Made in THE VIBE),"20,079",5717521
14,+34,"['허각', '정인']",동네술집,동네술집,"36,136",5704765
15,New,['이승기'],그리고 안녕,그리고...,"47,367",5731852
16,-11,['EXID'],아예 (Ah Yeah),AH YEAH,"55,649",5660040
17,New,['씨스타'],SHAKE IT,SHAKE IT,"78,163",5748499
18,+1,['Maroon 5'],Sugar,V (Deluxe Edition),"178,611",4857981
19,-13,['박진영'],어머님이 누구니 (Feat. 제시),24/34,"54,566",5658708
20,New,['EXO'],TENDER LOVE,LOVE ME RIGHT - The 2nd Album Repackage,"98,057",5721441
21,-13,['박보람'],연예할래,CELEPRETTY,"34,570",5674470
22,-5,['EXO'],CALL ME BABY,The 2nd Album `EXODUS`,"154,253",5644620
23,New,['김범수'],사랑의 시작은 고백에서부터,프로듀사 OST,"62,068",5709750
24,-17,['미쓰에이'],다른 남자 말고 너,Colors,"78,674",5644636
25,-14,['다비치'],두사랑 (Feat. 매드클라운),두사랑,"89,018",5628083
26,-10,['나얼'],같은 시간 속의 너,브라운 아이드 소울 싱글 프로젝트 1st. 같은 시간 속의 너 By 나얼,"150,364",5576417
27,-18,"['지민 (AOA)', '아이언']",Puss (Prod.by 라이머),언프리티 랩스타 SEMI FINAL,"71,629",5634219
28,-8,['Mark Ronson'],Uptown Funk (Feat. Bruno Mars),Uptown Funk (Feat. Bruno Mars),"143,113",5459268
29,New,['AOA'],심쿵해 (Heart Attack),Heart Attack,"87,469",5748406
30,-16,['허각'],사월의 눈,사월의 눈,"91,370",5629186
31,New,['프라이머리'],"마네퀸 (Feat. Beenzino, 수란)",2-2,"26,358",5725591
32,+39,['타이거JK'],Reset (Feat. 진실 Of Mad Soul Child),후아유 - 학교 2015 OST Part 1,"33,727",5678250
33,+5,['윤미래'],너의 얘길 들어줄게,후아유 - 학교 2015 OST Part 3,"34,060",5690942
34,New,['마마무(Mamamoo)'],음오아예 (Um Oh Ah Yeh),Pink Funky,"107,676",5743804
35,+57,['박재범'],몸매 (MOMMAE) (Feat. Ugly Duck),몸매 (MOMMAE),"71,364",5708013
36,-26,['보아 (BoA)'],Who Are You (Feat. 개코),Kiss My Lips - The 8th Album,"42,842",5684914
37,-24,['지누션'],한번 더 말해줘 (Feat. 장한나),한번 더 말해줘,"31,945",5657227
38,-12,['Sam Smith'],I`m Not The Only One,In The Lonely Hour,"218,001",4660794
39,-21,['블락비 바스타즈'],품행제로,품행제로,"54,730",5661710
40,New,['범키'],느껴 (My Everything),느껴 (My Everything),"28,828",5742255
41,New,"['지코 (ZICO)', '소진 (Sojin)']",아프다,가면 OST Part.2,"69,435",5731941
42,New,['EXO'],약속 (EXO 2014),LOVE ME RIGHT - The 2nd Album Repackage,"85,426",5721453
43,-22,['방탄소년단'],I NEED U,화양연화 pt.1,"196,918",5681153
44,-22,['Red Velvet (레드벨벳)'],Ice Cream Cake,The 1st Mini Album `Ice Cream Cake`,"104,832",5629148
45,-22,['프라이머리'],"조만간 봐요 (Feat. BSK, 개코)",2-1,"30,274",5657052
46,-22,"['치타 (CHEETAH)', '에일리']",아무도 모르게 (Prod. by MC몽),언프리티 랩스타 Track 6,"44,969",5642918
47,+8,"['San E', '레이나 (Raina)']",한여름밤의 꿀,"San E, 레이나 Project Single `한여름밤의 꿀`","143,255",4681146
48,New,['어반자카파'],Get (Feat. Beenzino),Get,"43,788",5708377
49,-24,['케이윌'],꽃이 핀다,[RE:],"72,530",5639931
50,-20,['EXID'],위아래,위아래,"89,327",4840271
51,-15,"['Zion.T', 'Crush']",그냥 (Just),Young,"141,962",5572312
52,-23,['백지영'],새벽 가로수길 (With 송유빈),새벽 가로수길,"55,404",5637019
53,New,['EXO'],FIRST LOVE,LOVE ME RIGHT - The 2nd Album Repackage,"64,847",5721449
54,-26,['MC몽'],사랑 범벅 (Feat. 챈슬러 of the channels),SONG FOR YOU,"55,278",5610343
55,-9,['Adam Levine'],Lost Stars,Begin Again - Music From And Inspired By The Original Motion Picture,"245,845",4743560
56,-21,['노을'],목소리,보이지 않는 것들,"59,602",5536206
57,-6,['나얼'],바람기억,Principle Of My Soul,"212,322",3910821
58,New,['카라'],CUPID,카라(KARA) 7th Mini Album `In Love`,"15,556",5710257
59,-15,['박효신'],야생화,야생화,"299,799",4543502
60,-0,['배치기'],바람에 날려 (Feat. 펀치 (Punch)),후아유 - 학교 2015 OST Part 2,"16,419",5684197
61,New,['2PM'],우리집,NO.5,"33,153",5738546
62,-13,['Ariana Grande'],Problem (Feat. Iggy Azalea),Problem,"102,982",4630555
63,-7,['아이유'],금요일에 만나요 (Feat. 장이정 Of HISTORY),Modern Times - Epilogue,"215,257",4369827
64,-33,['김성규'],너여야만 해,2nd Mini Album `27`,"51,875",5690596
65,-33,"['HIGH4 (하이포)', '아이유']",봄 사랑 벚꽃 말고,봄 사랑 벚꽃 말고,"175,987",4579468
66,New,['벤'],두근두근,프로듀사 OST,"25,859",5709755
67,New,['윤하 (YOUNHA)'],기도,후아유 - 학교 2015 OST Part 5,"26,145",5710000
68,-5,['엠씨더맥스'],바라보기,미녀의 탄생 OST Part 4,"65,765",5482064
69,-2,['Maroon 5'],Maps,Maps,"126,214",4688375
70,New,['노을'],만약에 말야 (전우성 Solo),TIME FOR LOVE,"84,445",3953196
71,+1,['로꼬'],니가 모르게 (You Don`t Know),LOCOMOTIVE,"99,600",5476552
72,+2,['아이유'],너의 의미 (Feat. 김창완),꽃갈피,"185,224",4646573
73,-19,"['Charlie Puth', 'Wiz Khalifa']",See You Again (폴 워커 추모 엔딩곡),분노의 질주: 더 세븐 OST,"191,257",5629279
74,-4,['GD X TAEYANG'],GOOD BOY,GOOD BOY,"81,691",5470838
75,New,['홍대광'],잘됐으면 좋겠다,너랑,"38,515",5697094
76,-0,['어쿠스틱 콜라보'],너무 보고싶어,연애의 발견 OST Part 6,"98,483",5386171
77,-40,"['지민 (AOA)', '슬옹']",시작이 좋아 2015 (Prod. By 버벌진트),언프리티 랩스타 Track 2,"40,227",5608760
78,New,['벤'],소개받기로 했어,소개받기로 했어,"19,539",5721554
79,-17,['걸스데이'],Hello Bubble,Hello Bubble,"19,492",5692770
80,-38,"['제시 (Jessi)', '치타 (CHEETAH)', '강남']",My Type (Prod. By 버벌진트),언프리티 랩스타 Track 3,"51,745",5592623
81,-34,['여자친구 (GFRIEND)'],유리구슬 (Glass Bead),여자친구 1st Mini Album `Season Of Glass`,"69,500",5546489
82,New,['키썸 (Kisum)'],#화이트 스타일 (Feat. 김호연 Of 달 좋은밤),Show Off,"15,439",5742256
83,New,"['김남주 (에이핑크)', '육성재 (비투비)']",사진,`A CUBE` FOR SEASON # BLUE Season 2,"26,316",5715541
84,New,"['하동균', 'J.Lee']",Beautiful Day,Beautiful Day,"11,331",5715381
85,-44,"['키썸 (Kisum)', 'San E', '태완 (Taewan)']",슈퍼스타 (Prod. by D.O),언프리티 랩스타 Track 5,"35,721",5616999
86,New,['김연우'],To Be With You,프로듀사 OST,"15,538",5709752
87,New,"['슬리피', '송지은']",쿨밤,쿨밤,"22,881",5740235
88,New,['어반자카파'],둘 하나 둘,UZ,"15,515",5713758
89,New,['육성재 (비투비)'],Love Song (Feat. 박혜수),후아유 - 학교 2015 OST Part 8,"30,359",5740262
90,New,['EXO'],LOVE ME RIGHT (漫遊宇宙),LOVE ME RIGHT - The 2nd Album Repackage,"38,640",5721454
91,-51,['나비'],잘지내니,잘지내니,"15,550",5683227
92,+6,['SHINee (샤이니)'],Love Sick,Odd - The 4th Album,"44,839",5700878
93,-32,['전효성'],반해,FANTASIA,"9,051",5686285
94,-37,['매드클라운'],화 (Feat. 진실 Of Mad Soul Child) (Fire),Piece Of Mine,"73,491",5531227
95,New,['윤하 (YOUNHA)'],기다리다,Audition,"98,686",1509829
96,-28,['AOA'],사뿐사뿐,사뿐사뿐,"53,071",5456521
97,-32,['규현 (KYUHYUN)'],광화문에서 (At Gwanghwamun),The 1st Mini Album `광화문에서 (At Gwanghwamun)`,"190,956",5458267
98,-65,['박효신'],Shine Your Light,Shine Your Light,"59,670",5652555
99,-35,['Apink (에이핑크)'],LUV,Pink LUV,"103,735",5473905
100,New,['린'],단 하루,가면 OST Part.1,"7,944",5721652
