﻿rank,rank_change,singer,title,album,like,song_code
1,New,['임창정'],내가 저지른 사랑,I`M,"220,823",9631530
2,+8,['한동근'],이 소설의 끝을 다시 써보려 해,The 1st Digital Single `이 소설의 끝을 다시 써보려 해`,"216,534",5398990
3,+35,['어반자카파'],목요일 밤 (Feat. 빈지노),목요일 밤,"114,768",9613173
4,-3,['BLACKPINK'],휘파람,SQUARE ONE,"129,041",8304594
5,New,['Red Velvet (레드벨벳)'],러시안 룰렛 (Russian Roulette),Russian Roulette - The 3rd Mini Album,"160,064",9634954
6,+26,['에일리'],If You,If You,"72,107",9609354
7,New,['거미'],구르미 그린 달빛,구르미 그린 달빛 OST Part.3,"68,610",9629220
8,New,['한동근'],그대라는 사치,The 3rd Digital Single `그대라는 사치`,"170,315",9614761
9,-1,"['C JAMM', 'BewhY (비와이)']",puzzle,puzzle,"102,201",8308231
10,New,['볼빨간사춘기'],우주를 줄게,Full Album RED PLANET,"251,441",9620469
11,-4,['어반자카파'],널 사랑하지 않아,스틸,"187,987",8199190
12,+85,"['첸 (CHEN)', '백현 (BAEKHYUN)', '시우민 (XIUMIN)']",너를 위해,달의 연인 - 보보경심 려 OST Part 1,"121,893",9611490
13,-9,['BewhY (비와이)'],Day Day (Feat. 박재범) (Prod. by GRAY),쇼미더머니 5 Episode 4,"110,598",8261338
14,-9,['여자친구 (GFRIEND)'],너 그리고 나 (NAVILLERA),여자친구 The 1st Album `LOL`,"110,083",8262125
15,-12,['원더걸스'],Why So Lonely,Why So Lonely,"129,133",8254545
16,+29,['존박'],네 생각,네 생각,"99,243",8268275
17,-11,['TWICE (트와이스)'],CHEER UP,PAGE TWO,"215,356",8158031
18,+78,"['소유 (SOYOU)', '유승우']",잠은 다 잤나봐요,구르미 그린 달빛 OST Part.1,"38,949",9611296
19,-17,['스탠딩 에그'],여름밤에 우린,여름밤에 우린,"96,819",8295867
20,-11,['BewhY (비와이)'],Forever (Prod. By GRAY),쇼미더머니 5 Episode 3,"104,480",8252408
21,+44,['헤이즈 (Heize)'],돌아오지마 (Feat. 용준형 Of 비스트),돌아오지마,"174,034",8143111
22,New,"['유재석', 'EXO']",Dancing King,Dancing King - SM STATION,"121,842",9647324
23,-11,['보이비'],"호랑나비 (Feat. Gill, 리듬파워, 김흥국)",쇼미더머니 5 Episode 3,"55,449",8252409
24,-0,['BLACKPINK'],붐바야,SQUARE ONE,"83,230",8304595
25,New,['성시경'],"다정하게, 안녕히",구르미 그린 달빛 OST Part.5,"48,540",9646401
26,-1,['DEAN'],D (half moon) (Feat. 개코),130 mood : TRBL,"215,612",8109412
27,+8,['EXO'],Lotto,LOTTO - The 3rd Album Repackage,"128,628",9606657
28,New,['BOBBY'],꽐라,The MOBB,"40,507",9634953
29,+10,['김범수'],사랑해요,함부로 애틋하게 OST Part.9,"52,782",8298424
30,-19,['수퍼비'],냉탕에 상어 (Feat. 블랙넛),냉탕에 상어,"60,577",7899303
31,+13,['헤이즈 (Heize)'],"And July (Feat. DEAN, DJ Friz)",And July,"133,719",8271355
32,+39,['임창정'],또 다시 사랑,또 다시 사랑,"194,726",7861392
33,-14,['엠씨더맥스'],어디에도,pathos,"197,386",8033528
34,+8,['정승환'],너였다면,또 오해영 OST Part.5,"182,136",8203900
35,-4,['정준일'],안아줘,Lo9ve3r4s,"197,452",3620493
36,+11,['환희'],사랑이 아프다,함부로 애틋하게 OST Part.10,"36,609",8300695
37,-17,['BewhY (비와이)'],The Time Goes On,Time Travel,"106,089",5620266
38,-25,['씨스타'],I Like That,沒我愛(몰아애),"46,867",8236055
39,-23,['아이오아이 (I.O.I)'],Whatta Man (Good man),Whatta Man,"54,535",8304617
40,+6,['정준영'],공감 (Feat. 서영은),공감,"88,626",8065398
41,New,['다비치'],그대를 잊는다는 건,달의 연인 - 보보경심 려 OST Part.4,"39,485",9631812
42,-19,['백예린'],Bye bye my blue,Bye bye my blue,"156,205",8233373
43,New,['MINO (송민호)'],몸,The MOBB,"66,297",9637758
44,-26,['#Gun'],미친놈 (Feat. 제시),쇼미더머니 5 Episode 4,"36,959",8261334
45,-16,['정은지'],하늘바라기 (Feat. 하림),Dream,"135,739",8148487
46,-31,"['허각', '정은지']",바다,`PLAN A` FIRST EPISODE,"36,503",8275728
47,-30,"['사이먼 도미닉', 'ONE', '지투 (G2)', 'BewhY (비와이)']",니가 알던 내가 아냐 (Prod. By GRAY),쇼미더머니 5 Episode 1,"65,512",8233291
48,New,"['양다일', '효린']",그리워,그리워,"32,541",9624546
49,-19,['벤'],꿈처럼,또 오해영 OST Part.2,"113,619",8174429
50,-29,"['사이먼 도미닉', 'GRAY (그레이)', 'ONE']",맘 편히 (Comfortable),쇼미더머니 5 Episode 2,"80,519",8243823
51,-15,['여자친구 (GFRIEND)'],시간을 달려서 (Rough),여자친구 3rd Mini Album `SNOWFLAKE`,"152,983",8028701
52,+9,['10CM'],스토커,3.0,"200,724",5466962
53,-25,['백아연'],쏘쏘,쏘쏘,"88,530",8189661
54,-20,['박경'],자격지심 (Feat. 은하 Of 여자친구),자격지심,"112,408",8184472
55,-18,['EXO'],Monster,EX`ACT - The 3rd Album,"166,319",8217164
56,New,['MOBB (MINO & BOBBY)'],빨리 전화해 (Feat. KUSH),The MOBB,"37,568",9640663
57,-6,['Justin Bieber'],Love Yourself,Purpose (Deluxe),"210,500",7931286
58,New,"['로꼬', '펀치 (Punch)']",Say Yes,달의 연인 - 보보경심 려 OST Part 2,"52,307",9619959
59,-45,['언니쓰'],Shut Up (Feat. 유희열),언니들의 슬램덩크,"67,771",8250334
60,-38,['비스트'],리본 (Ribbon),Highlight,"75,743",8252588
61,-2,['박보람'],거짓말이라도 해줘요,W OST Part.2,"21,599",8296543
62,+4,['Sam Smith'],I`m Not The Only One,In The Lonely Hour,"218,002",4660794
63,-30,['C JAMM'],아름다워 (Beautiful) (Feat. 지코 (ZICO)),쇼미더머니 5 Episode 4,"31,371",8261335
64,-10,['다비치'],이 사랑,태양의 후예 OST Part.3,"139,282",8071102
65,New,['임창정'],노래 한번 할게요,I`M,"16,475",9631520
66,-6,['거미'],You Are My Everything,태양의 후예 OST Part.4,"119,202",8089568
67,-40,['태연 (TAEYEON)'],Why,Why - The 2nd Mini Album,"93,552",8244030
68,-11,['이하이'],한숨,SEOULITE,"227,220",8086947
69,New,['벤'],안갯길 (Prod. By 진영(B1A4)),구르미 그린 달빛 OST Part.4,"60,780",9644886
70,-2,['이적'],걱정말아요 그대,응답하라 1988 OST Part.2,"160,607",7921208
71,+2,['Crush'],잊어버리지마 (Feat. 태연),잊어버리지마,"156,910",8026677
72,New,['박효신'],숨,I am A Dreamer,"200,090",30011624
73,New,['볼빨간사춘기'],나만 안되는 연애,Full Album RED PLANET,"178,491",9620473
74,-25,['TWICE (트와이스)'],OOH-AHH하게,THE STORY BEGINS,"147,272",7891119
75,-23,['여자친구 (GFRIEND)'],오늘부터 우리는 (Me Gustas Tu),여자친구 2nd Mini Album `Flower Bud`,"129,756",5791706
76,-35,"['권순일 (어반자카파)', '박용인 (어반자카파)']",No Way,닥터스 OST Part.1,"27,552",8233466
77,New,"['Kei (김지연)', 'myunDo']",Y (Feat. BUMZU),Y,"21,420",9628822
78,-23,['지코 (ZICO)'],너는 나 나는 너,Break Up 2 Make Up,"140,226",8028724
79,New,['인피니트'],태풍 (The Eye),INFINITE ONLY,"60,983",9647331
80,-37,"['The Quiett', '수퍼비', 'myunDo', '플로우식 (Flowsik)', 'Dok2']",공중도덕 (Air DoTheQ),쇼미더머니 5 Episode 1,"38,154",8233292
81,New,['박재범'],Me like yuh (k) (Feat. Hoody),Me like yuh,"27,657",9628337
82,-15,['마마무(Mamamoo)'],넌 is 뭔들,Melting,"106,012",8068881
83,-8,['EXO'],Lucky One,EX`ACT - The 3rd Album,"111,748",8217163
84,New,['산들'],마음을 삼킨다,구르미 그린 달빛 OST Part.2,"16,200",9619993
85,-2,['방탄소년단'],불타오르네 (FIRE),화양연화 Young Forever,"218,185",8167307
86,-28,['지코 (ZICO)'],Boys And Girls (Feat. Babylon),Boys and Girls,"148,638",7911687
87,New,['마마무(Mamamoo)'],NEW YORK,NEW YORK,"28,892",9644659
88,-62,['현아'],어때?,A`wesome,"24,514",8291212
89,-15,['SG 워너비'],사랑하자,태양의 후예 OST Part.8,"59,766",8122589
90,New,['가인'],Carnival (The Last Day),End Again,"23,651",9640320
91,New,['아이오아이 (I.O.I)'],사랑해 기억해,달의 연인 - 보보경심 려 OST Part.3,"27,197",9624572
92,New,['임창정'],이별 후,I`M,"11,712",9631521
93,New,['나다 (NADA)'],Sticky (Prod. By San E) (Feat. San E),언프리티 랩스타 3 Track 4,"9,155",9620831
94,-54,['Zion.T'],쿵,쇼미더머니 5 Special,"48,705",8247080
95,New,['태연 (TAEYEON)'],All With You,달의 연인 - 보보경심 려 OST Part.5,"29,330",9645607
96,New,"['케이윌', '매드클라운']",그게 뭐라고,빈티지박스 Vol.1,"34,741",30003393
97,New,['EXO'],꿈 (She`s Dreaming),LOTTO - The 3rd Album Repackage,"66,477",9606664
98,New,['권진아'],끝,웃긴 밤,"109,271",9646572
99,New,['형돈이와 대준이'],결정 (Feat. 아이유),결정 (Feat. 아이유),"18,909",30001062
100,-28,['에디킴'],내 입술 따뜻한 커피처럼 (Feat. 이성경) (Prod. by 박근태),내 입술 따뜻한 커피처럼,"71,367",8161257
