﻿rank,rank_change,singer,title,album,like,song_code
1,New,['BLACKPINK'],휘파람,SQUARE ONE,"129,041",8304594
2,New,['스탠딩 에그'],여름밤에 우린,여름밤에 우린,"96,819",8295867
3,-2,['원더걸스'],Why So Lonely,Why So Lonely,"129,133",8254545
4,-1,['BewhY (비와이)'],Day Day (Feat. 박재범) (Prod. by GRAY),쇼미더머니 5 Episode 4,"110,598",8261338
5,+2,['여자친구 (GFRIEND)'],너 그리고 나 (NAVILLERA),여자친구 The 1st Album `LOL`,"110,083",8262125
6,-0,['TWICE (트와이스)'],CHEER UP,PAGE TWO,"215,356",8158031
7,+2,['어반자카파'],널 사랑하지 않아,스틸,"187,987",8199190
8,New,"['C JAMM', 'BewhY (비와이)']",puzzle,puzzle,"102,201",8308231
9,-7,['BewhY (비와이)'],Forever (Prod. By GRAY),쇼미더머니 5 Episode 3,"104,480",8252408
10,New,['한동근'],이 소설의 끝을 다시 써보려 해,The 1st Digital Single `이 소설의 끝을 다시 써보려 해`,"216,534",5398990
11,+19,['수퍼비'],냉탕에 상어 (Feat. 블랙넛),냉탕에 상어,"60,577",7899303
12,-0,['보이비'],"호랑나비 (Feat. Gill, 리듬파워, 김흥국)",쇼미더머니 5 Episode 3,"55,449",8252409
13,-8,['씨스타'],I Like That,沒我愛(몰아애),"46,867",8236055
14,-10,['언니쓰'],Shut Up (Feat. 유희열),언니들의 슬램덩크,"67,771",8250334
15,+58,"['허각', '정은지']",바다,`PLAN A` FIRST EPISODE,"36,503",8275728
16,New,['아이오아이 (I.O.I)'],Whatta Man (Good man),Whatta Man,"54,535",8304617
17,-7,"['사이먼 도미닉', 'ONE', '지투 (G2)', 'BewhY (비와이)']",니가 알던 내가 아냐 (Prod. By GRAY),쇼미더머니 5 Episode 1,"65,511",8233291
18,-0,['#Gun'],미친놈 (Feat. 제시),쇼미더머니 5 Episode 4,"36,959",8261334
19,+9,['엠씨더맥스'],어디에도,pathos,"197,386",8033528
20,-3,['BewhY (비와이)'],The Time Goes On,Time Travel,"106,089",5620266
21,-13,"['사이먼 도미닉', 'GRAY (그레이)', 'ONE']",맘 편히 (Comfortable),쇼미더머니 5 Episode 2,"80,518",8243823
22,-9,['비스트'],리본 (Ribbon),Highlight,"75,743",8252588
23,-9,['백예린'],Bye bye my blue,Bye bye my blue,"156,205",8233373
24,New,['BLACKPINK'],붐바야,SQUARE ONE,"83,230",8304595
25,+2,['DEAN'],D (half moon) (Feat. 개코),130 mood : TRBL,"215,612",8109412
26,New,['현아'],어때?,A`wesome,"24,514",8291212
27,-6,['태연 (TAEYEON)'],Why,Why - The 2nd Mini Album,"93,552",8244030
28,-9,['백아연'],쏘쏘,쏘쏘,"88,530",8189661
29,-5,['정은지'],하늘바라기 (Feat. 하림),Dream,"135,739",8148487
30,-5,['벤'],꿈처럼,또 오해영 OST Part.2,"113,619",8174429
31,+11,['정준일'],안아줘,Lo9ve3r4s,"197,452",3620493
32,New,['에일리'],If You,If You,"72,107",9609354
33,-10,['C JAMM'],아름다워 (Beautiful) (Feat. 지코 (ZICO)),쇼미더머니 5 Episode 4,"31,371",8261335
34,-3,['박경'],자격지심 (Feat. 은하 Of 여자친구),자격지심,"112,408",8184472
35,New,['EXO'],Lotto,LOTTO - The 3rd Album Repackage,"128,628",9606657
36,+3,['여자친구 (GFRIEND)'],시간을 달려서 (Rough),여자친구 3rd Mini Album `SNOWFLAKE`,"152,983",8028701
37,-3,['EXO'],Monster,EX`ACT - The 3rd Album,"166,319",8217164
38,New,['어반자카파'],목요일 밤 (Feat. 빈지노),목요일 밤,"114,768",9613173
39,New,['김범수'],사랑해요,함부로 애틋하게 OST Part.9,"52,782",8298424
40,-29,['Zion.T'],쿵,쇼미더머니 5 Special,"48,705",8247080
41,+7,"['권순일 (어반자카파)', '박용인 (어반자카파)']",No Way,닥터스 OST Part.1,"27,552",8233466
42,-6,['정승환'],너였다면,또 오해영 OST Part.5,"182,136",8203900
43,-27,"['The Quiett', '수퍼비', 'myunDo', '플로우식 (Flowsik)', 'Dok2']",공중도덕 (Air DoTheQ),쇼미더머니 5 Episode 1,"38,154",8233292
44,+49,['헤이즈 (Heize)'],"And July (Feat. DEAN, DJ Friz)",And July,"133,719",8271355
45,+41,['존박'],네 생각,네 생각,"99,243",8268275
46,New,['정준영'],공감 (Feat. 서영은),공감,"88,626",8065398
47,New,['환희'],사랑이 아프다,함부로 애틋하게 OST Part.10,"36,609",8300695
48,-33,"['매드클라운', '#Gun']",비행소년 (Feat. 거미),쇼미더머니 5 Episode 2,"42,089",8243822
49,-2,['TWICE (트와이스)'],OOH-AHH하게,THE STORY BEGINS,"147,272",7891119
50,-28,['태연 (TAEYEON)'],Starlight (Feat. DEAN),Why - The 2nd Mini Album,"71,140",8244031
51,+7,['Justin Bieber'],Love Yourself,Purpose (Deluxe),"210,500",7931286
52,+3,['여자친구 (GFRIEND)'],오늘부터 우리는 (Me Gustas Tu),여자친구 2nd Mini Album `Flower Bud`,"129,756",5791706
53,New,['소녀시대 (GIRLS` GENERATION)'],그 여름 (0805),그 여름 (0805) - SM STATION,"33,458",8300804
54,-11,['다비치'],이 사랑,태양의 후예 OST Part.3,"139,282",8071102
55,-6,['지코 (ZICO)'],너는 나 나는 너,Break Up 2 Make Up,"140,226",8028724
56,-36,"['Zion.T', 'C JAMM', '레디 (Reddy)', '서출구']",신사 ($insa),쇼미더머니 5 Episode 1,"32,533",8233293
57,-5,['이하이'],한숨,SEOULITE,"227,220",8086947
58,-8,['지코 (ZICO)'],Boys And Girls (Feat. Babylon),Boys and Girls,"148,638",7911687
59,New,['박보람'],거짓말이라도 해줘요,W OST Part.2,"21,599",8296543
60,-14,['거미'],You Are My Everything,태양의 후예 OST Part.4,"119,202",8089568
61,-0,['10CM'],스토커,3.0,"200,724",5466962
62,-29,['수지 (SUZY)'],Ring My Bell,함부로 애틋하게 OST Part.1,"33,868",8250335
63,-31,"['San E', '레이나 (Raina)']",달고나,달고나,"30,163",8225127
64,-26,"['서현진', '유승우']",사랑이 뭔데,또 오해영 OST Part.3,"52,338",8182907
65,+17,['헤이즈 (Heize)'],돌아오지마 (Feat. 용준형 Of 비스트),돌아오지마,"174,034",8143111
66,+8,['Sam Smith'],I`m Not The Only One,In The Lonely Hour,"218,002",4660794
67,-13,['마마무(Mamamoo)'],넌 is 뭔들,Melting,"106,012",8068881
68,-12,['이적'],걱정말아요 그대,응답하라 1988 OST Part.2,"160,607",7921208
69,-29,['EXID'],L.I.E,STREET,"38,110",8206881
70,-44,"['KUSH', 'Zion.T']",Machine Gun (Feat. MINO),쇼미더머니 5 Special,"26,917",8247081
71,-5,['임창정'],또 다시 사랑,또 다시 사랑,"194,726",7861392
72,-27,['에디킴'],내 입술 따뜻한 커피처럼 (Feat. 이성경) (Prod. by 박근태),내 입술 따뜻한 커피처럼,"71,367",8161257
73,-13,['Crush'],잊어버리지마 (Feat. 태연),잊어버리지마,"156,910",8026677
74,-12,['SG 워너비'],사랑하자,태양의 후예 OST Part.8,"59,766",8122589
75,-8,['EXO'],Lucky One,EX`ACT - The 3rd Album,"111,748",8217163
76,New,['오마이걸'],내 얘길 들어봐 (A-ing) (Feat. 스컬&하하),내 얘길 들어봐,"49,733",8290871
77,-0,['정엽'],그 애 (愛),닥터스 OST Part.3,"20,041",8252139
78,-43,"['로꼬', 'GRAY (그레이)']",GOOD (Feat. ELO),GOOD,"48,566",8219168
79,-15,['김나영'],가슴이 말해,함부로 애틋하게 OST Part.3,"23,519",8259473
80,-29,['10CM'],봄이 좋냐??,3.2,"142,163",8124417
81,-22,['케이윌'],말해! 뭐해?,태양의 후예 OST Part.6,"95,911",8102386
82,-38,['AOA'],Good Luck,Good Luck,"35,346",8181755
83,-3,['방탄소년단'],불타오르네 (FIRE),화양연화 Young Forever,"218,185",8167307
84,-9,['세븐틴'],아주 NICE,Love&Letter Repackage Album,"112,770",8252573
85,-9,['윤미래'],ALWAYS,태양의 후예 OST Part.1,"107,443",8053157
86,+2,['에릭남 (Eric Nam)'],못참겠어 (Feat. 로꼬),못참겠어,"27,991",8266230
87,-24,"['키썸 (Kisum)', '슬옹']",틀린그림찾기,함부로 애틋하게 OST Part.2,"15,957",8257689
88,New,['육지담'],"빰빰해 (Prod. by Gill) (Feat. Gill, Mad Clown, 길조카들)",언프리티 랩스타 3 Track 2,"5,565",8302291
89,New,"['다이나믹 듀오', '프라이머리', '보이비', 'Crush']",highfiVe,highfiVe,"25,658",8279377
90,New,"['웬디 (WENDY)', '슬기 (SEULGI)']",밀지마 (Original Ver.),함부로 애틋하게 OST Part.7,"24,872",8279099
91,-22,['태연 (TAEYEON)'],Rain,Rain - SM STATION,"152,650",8042553
92,-27,['블락비 (Block B)'],Toy,Blooming Period,"105,566",8138940
93,-56,['비스트'],Butterfly,Highlight,"49,919",8244052
94,New,['f(x)'],All Mine,All Mine - SM STATION,"45,639",8279153
95,-66,"['C JAMM', '레디 (Reddy)']",현상수배 (Wanted),쇼미더머니 5 Episode 3,"16,800",8252404
96,New,"['소유 (SOYOU)', '유승우']",잠은 다 잤나봐요,구르미 그린 달빛 OST Part.1,"38,949",9611296
97,New,"['첸 (CHEN)', '백현 (BAEKHYUN)', '시우민 (XIUMIN)']",너를 위해,달의 연인 - 보보경심 려 OST Part 1,"121,893",9611490
98,-20,['아이오아이 (I.O.I)'],Dream Girls,아이오아이 (I.O.I) 1st Mini Album `Chrysalis`,"49,703",8171202
99,-46,['AKMU (악동뮤지션)'],RE-BYE,사춘기 상 (思春記 上),"70,262",8170828
100,New,['정준영'],내가 너에게 가든 네가 나에게 오든,W OST Part.1,"17,659",8284640
