﻿rank,rank_change,singer,title,album,like,song_code
1,+2,['잔나비'],주저하는 연인들을 위해,전설,"241,531",31666417
2,+7,['방탄소년단'],작은 것들을 위한 시 (Boy With Luv) feat. Halsey,MAP OF THE SOUL : PERSONA,"344,804",31737197
3,+27,['임재현'],사랑에 연습이 있었다면 (Prod. 2soo),사랑에 연습이 있었다면,"191,121",31324607
4,+52,['TWICE (트와이스)'],FANCY,FANCY YOU,"114,806",31754579
5,New,['박효신'],Goodbye,Goodbye,"136,193",31777113
6,-5,['볼빨간사춘기'],"나만, 봄",사춘기집Ⅰ 꽃기운,"139,599",31709523
7,+18,['Anne-Marie'],2002,Speak Your Mind (Deluxe),"304,359",31029291
8,-6,['태연 (TAEYEON)'],사계 (Four Seasons),사계 (Four Seasons),"203,840",31688205
9,-1,['장범준'],노래방에서,장범준 3집,"159,149",31684636
10,-5,['BLACKPINK'],Kill This Love,KILL THIS LOVE,"108,338",31717822
11,New,['Billie Eilish'],bad guy,"WHEN WE ALL FALL ASLEEP, WHERE DO WE GO?","213,590",31701428
12,-2,['케이시 (Kassy)'],그때가 좋았어,그때가 좋았어,"191,840",31524320
13,-6,['첸 (CHEN)'],사월이 지나면 우리 헤어져요 (Beautiful goodbye),"사월, 그리고 꽃 - The 1st Mini Album","158,965",31706215
14,-3,['엔플라잉 (N.Flying)'],옥탑방 (Rooftop),FLY HIGH PROJECT #2 `옥탑방`,"228,620",31532656
15,-11,['볼빨간사춘기'],별 보러 갈래?,사춘기집Ⅰ 꽃기운,"81,887",31709524
16,-10,['장범준'],당신과는 천천히,장범준 3집,"100,657",31684634
17,-4,['ITZY (있지)'],달라달라,IT`z Different,"138,065",31606729
18,+3,['엠씨더맥스'],사계 (하루살이),Circular,"102,152",31532642
19,+27,['잔나비'],뜨거운 여름밤은 가고 남은 건 볼품없지만,MONKEY HOTEL,"120,060",8298724
20,+8,['방탄소년단'],소우주 (Mikrokosmos),MAP OF THE SOUL : PERSONA,"190,535",31737198
21,New,['WINNER'],AH YEAH (아예),WE,"89,738",31798464
22,+52,['잔나비'],사랑하긴 했었나요 스쳐가는 인연이었나요 짧지않은 우리 함께했던 시간들이 자꾸 내 마음을 가둬두네,봉춤을 추네,"82,478",4848555
23,-0,['폴킴'],"모든 날, 모든 순간 (Every day, Every Moment)",`키스 먼저 할까요?` OST Part.3,"318,708",30962526
24,-6,['엠씨더맥스'],넘쳐흘러,Circular,"143,525",31532643
25,New,['다비치'],너에게 못했던 내 마지막 말은,너에게 못했던 내 마지막 말은,"121,820",31804010
26,+10,['방탄소년단'],Make It Right,MAP OF THE SOUL : PERSONA,"167,298",31737199
27,-3,['폴킴'],너를 만나,너를 만나,"249,511",31388145
28,-16,['백예린'],그건 아마 우리의 잘못은 아닐 거야,Our love is great,"127,993",31674786
29,-12,['케이시 (Kassy)'],진심이 담긴 노래 (True Song),진심이 담긴 노래 (True Song),"83,718",31699965
30,+2,['방탄소년단'],봄날,YOU NEVER WALK ALONE,"459,265",30244931
31,-9,['청하'],벌써 12시,벌써 12시,"152,149",31532438
32,-16,['마마무(Mamamoo)'],고고베베 (gogobebe),White Wind,"78,905",31668491
33,-14,['우디 (Woody)'],이 노래가 클럽에서 나온다면,이 노래가 클럽에서 나온다면,"113,505",31576009
34,-19,['에픽하이 (EPIK HIGH)'],술이 달다 (Feat. Crush),sleepless in __________,"96,029",31658897
35,+16,['방탄소년단'],Dionysus,MAP OF THE SOUL : PERSONA,"153,893",31737202
36,-22,['박봄'],봄 (feat. 산다라박),Spring,"84,520",31663597
37,-10,['IZ*ONE (아이즈원)'],비올레타,HEART*IZ,"85,653",31706346
38,+28,['Lauv'],Paris In The Rain,I met you when I was 18. (the playlist),"182,427",31341518
39,-19,['화사(Hwa Sa)'],멍청이(twit),멍청이(twit),"118,077",31608765
40,+2,['방탄소년단'],IDOL,LOVE YOURSELF 結 `Answer`,"285,935",31266290
41,-12,['하은'],신용재,신용재,"124,876",31406357
42,+1,['숀 (SHAUN)'],Way Back Home,Take,"285,362",31151836
43,-9,"['Lil tachi', '호치키스 (김호진)']",눈 (Prod. 기리보이),고등래퍼3 팀대항전 Part 1,"99,861",31671295
44,+4,['방탄소년단'],HOME,MAP OF THE SOUL : PERSONA,"135,391",31737200
45,+5,['Ariana Grande'],7 rings,7 rings,"97,752",31567235
46,New,['양다일'],이 밤,skepticism,"38,331",31764891
47,-12,['폴킴'],초록빛,초록빛,"117,323",31565593
48,-9,['벤'],180도,180˚,"154,605",31477685
49,+35,['잔나비'],She (Hidden Track No.V 1월 선정곡),She,"71,547",30616707
50,-5,['임한별'],이별하러 가는 길,이별하러 가는 길,"118,135",31304766
51,-20,['이소라'],신청곡 (Feat. SUGA of BTS),신청곡 (Feat. SUGA of BTS),"185,421",31571110
52,-19,['윤건'],너도 그냥 날 놓아주면 돼,너도 그냥 날 놓아주면 돼,"112,745",31455159
53,-16,"['Jvcki Wai', '양홍원', 'Osshun Gum', '한요한']",띵 (Prod. By 기리보이),Dingo X Indigo Music,"120,380",31554317
54,-1,['방탄소년단'],Jamais Vu,MAP OF THE SOUL : PERSONA,"133,256",31737201
55,-6,['TWICE (트와이스)'],YES or YES,YES or YES,"142,347",31403163
56,-12,['케이윌'],내 생에 아름다운,뷰티 인사이드 OST Part.4,"133,010",31373277
57,-2,['Ariana Grande'],"thank u, next","thank u, next","136,966",31402611
58,-11,['제니 (JENNIE)'],SOLO,SOLO,"181,044",31417871
59,-7,['양다일'],고백,고백,"128,453",31356458
60,-0,['닐로(Nilo)'],지나오다,About You,"218,050",30699142
61,-2,['폴킴'],비,비,"241,281",8235260
62,-0,['노을'],너는 어땠을까,별,"87,019",31403156
63,-22,['하은요셉'],여자친구,여자친구,"43,870",31652482
64,-3,['아이유'],삐삐,삐삐,"241,408",31346009
65,-39,['헤이즈 (Heize)'],SHE`S FINE,She`s Fine,"52,734",31677966
66,New,['Jeremy Zucker'],comethru,"summer,","128,406",31621518
67,New,['오마이걸'],다섯 번째 계절 (SSFWL),THE FIFTH SEASON,"77,944",31782686
68,-4,['EXO'],Love Shot,LOVE SHOT - The 5th Album Repackage,"166,194",31492319
69,+1,['BLACKPINK'],Don`t Know What To Do,KILL THIS LOVE,"55,215",31717823
70,-32,['10CM'],그러나,4.3,"66,682",31652857
71,+8,['방탄소년단'],Intro : Persona,MAP OF THE SOUL : PERSONA,"118,257",31737196
72,-5,['벤'],열애중,RECIPE,"171,760",31062863
73,-10,['허각'],흔한 이별,흔한 이별,"67,153",31453551
74,-9,['MINO (송민호)'],아낙네,XX,"169,850",31448480
75,+15,['이영지'],"GO HIGH (Feat. 우원재, 창모 (CHANGMO), The Quiett) (Prod. CODE KUNST)",고등래퍼3 Final,"45,402",31736992
76,+4,['아이유'],밤편지,밤편지,"352,400",30314784
77,New,['홍진영'],오늘 밤에,Lots of Love,"51,099",31655897
78,+4,['길구봉구'],있어줄래,있어줄래,"31,333",31723469
79,New,"['소유 (SOYOU)', '오반']",비가 오잖아,비가 오잖아,"37,329",31803557
80,-5,['WINNER'],MILLIONS,MILLIONS,"137,279",31506637
81,New,['기리보이'],교통정리 (Feat. 헤이즈),교통정리,"79,930",31815490
82,-13,['바이브'],가을 타나 봐,가을 타나 봐,"132,573",31314144
83,-6,"['pH-1', 'Kid Milli', '루피(Loopy)']",Good Day (Feat. 팔로알토) (Prod. 코드 쿤스트),쇼미더머니 777 Episode 1,"154,791",31340985
84,-11,['임창정'],하루도 그대를 사랑하지 않은 적이 없었다,하루도 그대를 사랑하지 않은 적이 없었다,"149,555",31316695
85,-7,['비투비'],아름답고도 아프구나,HOUR MOMENT,"149,025",31417922
86,-46,['볼빨간사춘기'],Mermaid,사춘기집Ⅰ 꽃기운,"55,541",31709526
87,-2,['비투비'],그리워하다,Brother Act.,"237,632",30672529
88,-7,['EXO'],Tempo,DON`T MESS UP MY TEMPO - The 5th Album,"186,564",31399721
89,-1,['비투비'],너 없인 안 된다,THIS IS US,"168,985",31133898
90,New,['임한별'],오월의 어느 봄날 (Feat. 첸(CHEN)),오월의 어느 봄날,"49,508",31792360
91,New,['TWICE (트와이스)'],Dance The Night Away,Summer Nights,"157,718",31175119
92,New,['볼빨간사춘기'],여행,Red Diary Page.2,"228,707",31093710
93,-22,['닐로(Nilo)'],미운 날,29,"38,108",31629490
94,New,['백예린'],스며들기 좋은 오늘,A-TEEN2 Part.1,"36,224",31783829
95,New,['송하예'],니 소식,니 소식,"172,548",31788850
96,-3,['BLACKPINK'],뚜두뚜두 (DDU-DU DDU-DU),SQUARE UP,"211,587",31131273
97,-29,['거미'],혼자,혼자,"28,333",31674782
98,New,['민현 (뉴이스트)'],Universe (별의 언어),Single ‘Universe’,"66,743",31713255
99,New,['뉴이스트'],BET BET,The 6th Mini Album ‘Happily Ever After’,"46,288",31768300
100,-8,['IZ*ONE (아이즈원)'],라비앙로즈 (La Vie en Rose),COLOR*IZ,"106,144",31388213
