﻿rank,rank_change,singer,title,album,like,song_code
1,New,['미쓰에이'],Breathe,Step Up,"7,613",2948449
2,New,"['Supreme Team', '영준 (브라운 아이드 소울)']",그땐 그땐 그땐,Ames Room,"79,598",2951700
3,+5,['2NE1'],Go Away,To Anyone,"37,024",2930968
4,+2,['2NE1'],Can`t Nobody,To Anyone,"18,386",2930967
5,New,"['성시경', '아이유']",그대네요,그대네요,"72,527",2949854
6,New,['비스트'],숨,Mastermind,"23,474",2948248
7,New,['가인'],돌이킬 수 없는,Step 2/4,"11,913",2960448
8,New,['임정희'],진짜일 리 없어,진짜일 리 없어,"11,476",2951631
9,+3,['2NE1'],박수쳐,To Anyone,"8,766",2930969
10,+21,['임정희'],헤어지러 가는 길 (Feat. 조권),헤어지러 가는 길,"4,941",2940474
11,New,['강승윤'],본능적으로 (Feat. Swings),슈퍼스타K 2 Top11 Part.3,"29,787",2967751
12,+36,['이승기'],지금부터 사랑해 (내 여자친구는 구미호 삽입곡),지금부터 사랑해,"6,247",2943430
13,-3,"['Supreme Team', '영준 (브라운 아이드 소울)']",왜,왜,"19,916",2924048
14,New,['SHINee (샤이니)'],Hello,`Hello` SHINee The 2nd Album Repackage,"17,819",2952163
15,-13,['씨스타'],가식걸,가식걸,"10,986",2908515
16,-15,['FTISLAND (FT아일랜드)'],사랑사랑사랑,Beautiful Journey,"13,355",2906349
17,+2,['2NE1'],아파 (Slow),To Anyone,"34,322",2930971
18,New,['거미'],죽어도 사랑해,대물 OST Part.1,"5,899",2954935
19,-16,['휘성 (Realslow)'],결혼까지 생각했어,Realslow Is Back,"44,625",2903041
20,New,['다비치'],두 번 헤어지는 일,신승훈 20th Anniversary With 다비치,"8,072",2960543
21,+37,['V.O.S'],Full Story,The Blue Bird,"1,393",2944387
22,+2,['미스에스'],이 나이 먹고 뭐했길래 (Feat. 정슬기),Miss Independent,"8,607",2933662
23,-19,"['Homme (창민, 이현)']",밥만 잘 먹더라,Homme By `Hitman` Bang,"25,201",2776748
24,+36,"['박유천', 'XIA (준수)', '김재중']",찾았다,성균관 스캔들 OST,"32,104",2943720
25,-16,['레인보우'],A,A (Digital Single),"16,763",2803451
26,New,['2PM'],I`ll Be Back,Still 2:00pm,"4,906",2962948
27,New,['남녀공학'],Too Late (Part.1),Too Late (Digital Single),"1,017",2952363
28,-23,['포맨'],U,You,"15,544",2910952
29,New,['보아 (BoA)'],Copy&Paste,`Copy&Paste` BoA The 6th Repack Album,"4,452",2947165
30,-17,['미쓰에이'],Bad Girl Good Girl,Bad But Good,"27,648",2741416
31,+34,['정엽'],Love You (Feat. Piano By Eco Bridge),Love You / Without You (Digital Single),"2,874",2944162
32,-25,['시크릿'],Madonna,Madonna,"6,696",2797558
33,New,['김범수'],지나간다,Solista Part.1,"36,674",2950925
34,New,['서영은'],너는 날 녹여 (With 노블레스),With Soulish Mates,"3,258",2949405
35,New,['싸이 (PSY)'],내 눈에는 (Feat. 이재훈),내 눈에는,"9,627",2963061
36,New,['강승윤'],당신께 쓰는 편지,슈퍼스타K 2 Top6 (My Story),"2,275",2953678
37,New,['싸이 (PSY)'],Right Now,PSYFIVE,"16,883",2979490
38,New,['화요비'],나 같은 여자,나 같은 여자,"5,245",2967768
39,-6,['가비엔제이'],그만하자,그만하자,"2,648",2925029
40,New,"['지아', '포맨']","울고, 불고…","울고, 불고...","16,065",2972778
41,-4,['2NE1'],난 바빠,To Anyone,"4,217",2930970
42,-31,['DJ DOC'],나 이런사람이야,풍류,"11,792",2783154
43,+11,['박효신'],안녕 사랑아,안녕 사랑아 (Digital Single),"26,958",2937988
44,New,['마이티 마우스'],사랑이란 (Feat. 김희선),사랑이란,"3,902",2967753
45,-10,['2NE1'],사랑은 아야야,To Anyone,"6,356",2930972
46,+36,['오종혁'],가슴이 뛰잖아,Oj,"1,849",2944381
47,-31,['다비치'],난 너에게,조영수 All Star - 다비치,"19,353",2783260
48,New,['씨야'],이별이 오지 못하게,TWENTYth Urban,"1,773",2960456
49,-19,['이승철'],그 사람,제빵왕 김탁구 OST Part.3,"27,273",2759248
50,New,['이적'],그대랑,사랑,"15,621",2951898
51,New,['소녀시대 (GIRLS` GENERATION)'],훗 (Hoot),`훗 (Hoot)` The 3rd Mini Album,"15,621",2987448
52,New,"['씨야', '다비치']",다 컸잖아,씨야 그리고 다비치,"2,742",2964185
53,New,['티아라'],하늘땅 별땅,TWENTYth Urban,"2,880",2951008
54,New,['우은미 (Woo Eun Mi)'],부탁해,Consolation Match,"4,524",2949425
55,-38,['나르샤 (Brown Eyed Girls)'],맘마미아 (With Sunny Hill),맘마미아,"1,888",2901845
56,New,['SG 워너비'],해바라기,SG Wannabe 7 Part.1,"18,827",2974750
57,-39,['지아'],웃음만..,Difference,"12,251",2792665
58,New,['Supreme Team'],로미오 & 줄리엣,신승훈 20th Anniversary With 슈프림팀 Vol. 2,"3,537",2970574
59,New,['JYJ'],"Ayyy Girl (Feat. Kanye West, Malik Yusef)",The Beginning,"2,990",2969364
60,New,['2AM'],전활 받지 않는 너에게,Saint o`clock,"22,513",2979880
61,-47,['이승기'],정신이 나갔었나봐,정신이 나갔었나봐,"7,130",2793051
62,New,['SG 워너비'],겨울 나무,겨울 나무,"8,063",2964477
63,+6,['비스트'],주먹을 꽉 쥐고,주먹을 꽉 쥐고,"14,156",2944748
64,New,['싸이 (PSY)'],Thank You (Feat. 서인영),Thank You,"1,580",2969981
65,-44,['MC몽'],죽을 만큼 아파서 (Feat. 멜로우),블루브랜드 Trauma Part 2,"68,069",2733249
66,New,['배다해'],My All,닥터챔프 OST Part 4,877,2963520
67,New,['김종국'],다시 내게로 돌아와 (Feat. 개리),노래,"2,171",2951356
68,New,"['윤종신', '스윙스']",본능적으로,Monthly 2010 May,"7,290",2671181
69,New,['하하'],너는 내 운명 2,너는 내 운명 2,809,2973753
70,-55,['보아 (BoA)'],Hurricane Venus,Hurricane Venus,"10,034",2788757
71,New,['윤하 (YOUNHA)'],One Shot (Feat. 주석),One Shot,"2,211",2968426
72,-43,['아이유'],잔소리 (With 2AM 슬옹),잔소리,"67,811",2705410
73,-53,['박효신'],널 사랑한다,아테나 OST Part.1,"13,038",2900010
74,New,['SE7EN'],I`m Going Crazy,I`m Going Crazy (Digital Single),"3,447",2951390
75,-37,['브라운 아이드 소울'],그대 (Original Ver.),그대,"5,898",2928874
76,+13,['San E'],맛좋은산 (Feat. Min),Everybody ready?,"12,320",2937631
77,-54,['DJ DOC'],부치지 못한 편지,풍류,"15,406",2783256
78,New,['Ab 에비뉴'],사랑 안녕..,Love Story - 사랑 안녕..,673,2954475
79,+8,['Kelly Clarkson'],Because Of You,Because Of You (Remixes),"28,950",2183857
80,New,['티파니 (TIFFANY)'],반지 (Banji),하루 OST Part 2,"1,829",2970597
81,New,['아웃사이더'],주인공 (Feat. LMNOP),주인공,"4,094",2980912
82,New,['레인보우'],Mach,Mach,"8,379",2978062
83,New,['Jessica (제시카)'],Sweet Delight-East4A Qm Mix (Radio Edit),Sweet Delight,647,2965596
84,New,['허각'],My Heart,슈퍼스타K 2 Top6 (My Story),777,2953683
85,New,['장재인'],가로수 그늘 아래 서면,슈퍼스타K 2 Top11 Part.4,"14,103",2989873
86,-59,['태양'],I`ll Be There (Korean Ver.),Solar (인터내셔널 릴리즈 앨범),"6,602",2900275
87,New,['2AM'],미친 듯이,Saint o`clock,"3,484",2979881
88,New,['미스에스'],Promise U (Feat. 정슬기),Pro. Miss. U,"2,022",2983513
89,New,['엠블랙'],Running & Running,도망자 Plan.B OST,"1,540",2965706
90,-68,['SE7EN'],Better Together,Digital Bounce,"4,354",2772064
91,-48,['TraxX (트랙스)'],오! 나의 여신님 (Oh! My Goddess),오! 나의 여신님,"5,714",2919565
92,-66,['지나'],꺼져 줄게 잘 살아 (Feat. 용준형),Draw G`s First Breath,"11,717",2759748
93,New,"['베이지', '려욱 (RYEOWOOK)']",친구와 사랑에 빠질 때,친구와 사랑에 빠질 때,"4,972",2951511
94,New,['장재인'],들어줄래,슈퍼스타K 2 Top6 (My Story),371,2953681
95,New,['존박'],내가 다 줄게요,슈퍼스타K 2 Top6 (My Story),733,2953682
96,-71,['SHINee (샤이니)'],Lucifer,The 2nd Album `Lucifer`,"19,560",2768149
97,New,['J.Lee'],헤어지는 일 (Feat. 리쌍),헤어지는 일,"1,132",2988848
98,-5,['2AM'],L.O.V.E,어쿠스틱 OST Part.1,557,2942674
99,-71,['서인국'],애기야 (My Baby U),애기야,"10,555",2801651
100,New,['이비아'],삐까 Chu~♡ (Pick Up! U!) (Radio Edit Ver.),비아폴라,636,2959740
