﻿rank,rank_change,singer,title,album,like,song_code
1,+74,['볼빨간사춘기'],썸 탈꺼야,Red Diary Page.1,"177,700",30657307
2,-1,['윤종신'],좋니,LISTEN 010 좋니,"326,753",30486509
3,New,['볼빨간사춘기'],나의 사춘기에게,Red Diary Page.1,"214,355",30657311
4,+83,['멜로망스'],선물,Moonlight,"288,465",30514366
5,-3,['우원재'],시차 (We Are) (Feat. 로꼬 & GRAY),시차 (We Are),"265,654",30613202
6,-1,['아이유'],가을 아침,꽃갈피 둘,"228,952",30636089
7,New,['볼빨간사춘기'],Blue,Red Diary Page.1,"119,108",30657308
8,-5,['선미'],가시나,SUNMI SPECIAL EDITION `가시나`,"154,568",30587846
9,+17,['방탄소년단'],DNA,LOVE YOURSELF 承 `Her`,"359,651",30637982
10,+2,['박원'],all of my life,0M,"212,891",30550388
11,-7,['헤이즈 (Heize)'],비도 오고 그래서 (Feat. 신용재),/// (너 먹구름 비),"241,349",30492279
12,+20,['아이유'],잠 못 드는 밤 비는 내리고,꽃갈피 둘,"114,674",30646585
13,New,['비투비'],그리워하다,Brother Act.,"237,633",30672529
14,New,['에픽하이 (EPIK HIGH)'],연애소설 (Feat. 아이유),WE`VE DONE SOMETHING WONDERFUL,"144,024",30688500
15,-6,['아이유'],밤편지,밤편지,"352,396",30314784
16,-10,['황치열'],매일 듣는 노래 (A Daily Song),Be Ordinary,"176,630",30467550
17,-0,['Ed Sheeran'],Shape of You,÷ (Deluxe),"275,772",30188113
18,-8,['Red Velvet (레드벨벳)'],빨간 맛 (Red Flavor),The Red Summer - Summer Mini Album,"218,916",30512671
19,-11,['Wanna One (워너원)'],에너제틱 (Energetic),1X1=1(TO BE ONE),"297,841",30568338
20,New,['볼빨간사춘기'],고쳐주세요,Red Diary Page.1,"47,992",30657309
21,-8,['BLACKPINK'],마지막처럼,마지막처럼,"183,856",30481578
22,-6,"['볼빨간사춘기', '스무살']",남이 될 수 있을까,남이 될 수 있을까,"161,999",30468654
23,New,['볼빨간사춘기'],상상,Red Diary Page.1,"43,313",30657310
24,+11,['방탄소년단'],봄날,YOU NEVER WALK ALONE,"459,261",30244931
25,-6,['버즈'],사랑하지 않은 것처럼,`Be One` - Buzz The 1st Mini Album,"119,469",30550293
26,-11,['헤이즈 (Heize)'],널 너무 모르고,/// (너 먹구름 비),"137,970",30492276
27,New,['에픽하이 (EPIK HIGH)'],빈차 (Feat. 오혁),WE`VE DONE SOMETHING WONDERFUL,"91,138",30688502
28,+67,['방탄소년단'],고민보다 Go,LOVE YOURSELF 承 `Her`,"204,933",30637988
29,-18,"['넉살', '한해', 'RYNO (라이노)', '조우찬']",N분의1 (Feat. 다이나믹듀오),쇼미더머니 6 Episode 1,"89,078",30566061
30,-9,['볼빨간사춘기'],처음부터 너와 나,군주 - 가면의 주인 OST Part.2,"136,105",30414090
31,+46,['아이유'],비밀의 화원,꽃갈피 둘,"90,952",30646584
32,+47,['방탄소년단'],Best Of Me,LOVE YOURSELF 承 `Her`,"183,255",30637983
33,-15,['지코 (ZICO)'],Artist,TELEVISION,"121,884",30519033
34,-11,['현아'],베베 (BABE),Following,"52,589",30605241
35,-28,['행주'],"Red Sun (Feat. ZICO, Swings)",쇼미더머니 6 Episode 4,"67,552",30601121
36,-3,['에일리'],첫눈처럼 너에게 가겠다,도깨비 OST Part.9,"298,831",30190630
37,-23,"['행주', '양홍원', 'Hash Swan', '킬라그램 (KILLAGRAMZ)']","요즘것들 (Feat. ZICO, DEAN)",쇼미더머니 6 Episode 1,"78,715",30566064
38,New,['길구봉구'],이 별,Star,"141,354",30637776
39,-17,['아이유'],팔레트 (Feat. G-DRAGON),Palette,"214,540",30378156
40,New,['뉴이스트 W'],WHERE YOU AT,"W, HERE","94,715",30661885
41,New,['윤종신'],너를 찾아서,건반 위의 하이에나,"32,205",30660699
42,New,['에픽하이 (EPIK HIGH)'],"노땡큐 (Feat. MINO, 사이먼 도미닉, 더콰이엇)",WE`VE DONE SOMETHING WONDERFUL,"91,269",30688501
43,-16,['G-DRAGON'],"무제(無題) (Untitled, 2014)",권지용,"186,719",30461396
44,+17,['뉴이스트 W'],있다면,NU`EST W `있다면`,"121,560",30543235
45,+20,['뉴이스트'],여보세요,THE SECOND MINI ALBUM `여보세요`,"131,156",4032981
46,-18,['SURAN (수란)'],오늘 취하면 (Feat. 창모) (Prod. SUGA),WINE,"196,742",30390068
47,-27,['EXO'],Ko Ko Bop,THE WAR - The 4th Album,"323,114",30529996
48,New,['방탄소년단'],MIC Drop,LOVE YOURSELF 承 `Her`,"196,435",30637987
49,+1,['엠씨더맥스'],어디에도,pathos,"197,386",8033528
50,+33,['방탄소년단'],피 땀 눈물,WINGS,"275,937",30029173
51,New,"['에릭남 (Eric Nam)', 'CHEEZE (치즈)']",Perhaps Love (사랑인가요) (Prod.By 박근태),Your BGM Vol.1,"69,446",30660281
52,-13,"['마크툽 (MAKTUB)', '구윤회']",Marry Me,마크툽 프로젝트 Vol.03,"172,878",4786735
53,+1,['10CM'],폰서트,4.0,"135,243",30611680
54,-1,['볼빨간사춘기'],나만 안되는 연애,Full Album RED PLANET,"178,491",9620473
55,+39,['방탄소년단'],보조개,LOVE YOURSELF 承 `Her`,"146,199",30637984
56,+6,['길구봉구'],바람이 불었으면 좋겠어,바람이 불었으면 좋겠어,"117,129",4383833
57,-5,['볼빨간사춘기'],좋다고 말해,Full Album RED PLANET `Hidden Track`,"191,503",30163110
58,New,['아이유'],어젯밤 이야기,꽃갈피 둘,"43,095",30646586
59,-29,['청하'],Why Don`t You Know (Feat. 넉살),Hands on Me,"131,146",30457690
60,New,['다비치'],나에게 넌,나에게 넌,"27,090",30663524
61,-21,['WINNER'],REALLY REALLY,FATE NUMBER FOR,"220,673",30341745
62,+35,['아이유'],매일 그대와,꽃갈피 둘,"48,593",30646588
63,-26,['AKMU (악동뮤지션)'],DINOSAUR,SUMMER EPISODE,"125,976",30536155
64,-4,['볼빨간사춘기'],우주를 줄게,Full Album RED PLANET,"251,441",9620469
65,-17,['The Chainsmokers'],Closer (Feat. Halsey),Collage EP,"194,847",8287788
66,New,['방탄소년단'],Pied Piper,LOVE YOURSELF 承 `Her`,"156,489",30637985
67,-42,['여자친구 (GFRIEND)'],귀를 기울이면 (LOVE WHISPER),여자친구 The 5th Mini Album `PARALLEL`,"82,330",30558525
68,-37,['마마무(Mamamoo)'],나로 말할 것 같으면 (Yes I am),Purple,"113,172",30488202
69,New,['임창정'],그 사람을 아나요,그 사람을 아나요,"69,743",30688990
70,New,['케이윌'],실화,The 4th Album Part.1 `Nonfiction`,"28,977",30651724
71,-28,['아이유'],사랑이 잘 (With 오혁),사랑이 잘,"169,968",30349593
72,New,['휘인 (Whee In)'],그림자,Yellow OST Part.1,"38,411",30660684
73,-44,['Wanna One (워너원)'],활활 (Burn It Up),1X1=1(TO BE ONE),"163,827",30568337
74,-40,['EXO'],Power,The Power of Music - The 4th Album Repackage,"183,927",30616684
75,-8,['정승환'],너였다면,또 오해영 OST Part.5,"182,137",8203900
76,-30,['DEAN'],D (half moon) (Feat. 개코),130 mood : TRBL,"215,612",8109412
77,-33,['한동근'],미치고 싶다,한동근 1ST ALBUM `Your Diary`,"73,444",30399360
78,New,['폴킴'],길,정규 1집 Part.1 `길`,"73,091",30654623
79,New,['방탄소년단'],Intro : Serendipity,LOVE YOURSELF 承 `Her`,"138,128",30637981
80,-22,['Justin Bieber'],Love Yourself,Purpose (Deluxe),"210,501",7931286
81,New,['하이라이트 (Highlight)'],어쩔 수 없지 뭐,CELEBRATE,"56,411",30672400
82,-40,['싸이 (PSY)'],New Face,PSY 8th 4X2=8,"87,706",30403590
83,-27,['BLACKPINK'],불장난,SQUARE TWO,"155,358",30069773
84,-60,['넉살'],필라멘트 (Feat. BSK A.K.A 김범수),쇼미더머니 6 Episode 4,"38,220",30601123
85,New,['방탄소년단'],Outro : Her,LOVE YOURSELF 承 `Her`,"121,525",30637989
86,-17,"['The Chainsmokers', 'Coldplay']",Something Just Like This,Memories...Do Not Open,"143,962",30271730
87,-28,['헤이즈 (Heize)'],돌아오지마 (Feat. 용준형 Of 비스트),돌아오지마,"174,034",8143111
88,New,['로이킴'],좋겠다,당신이 잠든 사이에 OST Part.3,"20,713",30660180
89,New,['에디킴'],긴 밤이 오면,당신이 잠든 사이에 OST Part.1,"29,728",30657325
90,-39,['TWICE (트와이스)'],SIGNAL,SIGNAL,"122,471",30413326
91,-50,['지코 (ZICO)'],FANXY CHILD (Feat. FANXY CHILD),TELEVISION,"72,353",30519035
92,New,['뉴이스트 W'],하루만,"W, HERE","52,369",30661884
93,New,['수지 (SUZY)'],I Love You Boy,당신이 잠든 사이에 OST Part.4,"29,891",30664017
94,-30,['한동근'],그대라는 사치,The 3rd Digital Single `그대라는 사치`,"170,315",9614761
95,-57,['WINNER'],LOVE ME LOVE ME,OUR TWENTY FOR,"109,854",30565334
96,New,['펀치 (Punch)'],밤이 되니까,밤이 되니까,"175,362",30659630
97,-61,"['행주', '양홍원']",SEARCH (Feat. 카더가든),쇼미더머니 6 Episode 3,"33,252",30588628
98,-41,"['효린', '창모 (CHANGMO)']",BLUE MOON (Prod. GroovyRoom),BLUE MOON,"145,243",30367365
99,New,['김나영'],헤어질 수 밖에,헤어질 수 밖에,"44,450",30675647
100,-45,['Wanna One (워너원)'],Wanna Be (My Baby),1X1=1(TO BE ONE),"129,872",30568339
