﻿rank,rank_change,singer,title,album,like,song_code
1,+45,['iKON'],사랑을 했다 (LOVE SCENARIO),Return,"289,898",30859584
2,-1,['장덕철'],그날처럼,그날처럼,"228,023",30755375
3,New,['Red Velvet (레드벨벳)'],Bad Boy,The Perfect Red Velvet - The 2nd Album Repackage,"165,093",30864993
4,+71,['모모랜드 (MOMOLAND)'],뿜뿜,GREAT!,"143,998",30816860
5,+11,['선미'],주인공,주인공,"94,766",30838076
6,+5,['Camila Cabello'],Havana (Feat. Young Thug),Camila,"183,713",30567963
7,-3,['멜로망스'],선물,Moonlight,"288,466",30514366
8,-5,['문문 (MoonMoon)'],비행운,LIFE IS BEAUTY FULL,"201,282",30086173
9,-4,['볼빨간사춘기'],#첫사랑,#첫사랑,"107,361",30829858
10,New,['로이킴'],그때 헤어지면 돼,그때 헤어지면 돼,"191,619",30884950
11,+47,['청하'],Roller Coaster,Offset,"163,543",30844118
12,-10,['DEAN'],instagram,instagram,"208,342",30806580
13,+27,['수지 (SUZY)'],다른사람을 사랑하고 있어,Faces of Love,"74,588",30851703
14,-6,['펀치 (Punch)'],밤이 되니까,밤이 되니까,"175,362",30659630
15,-9,['TWICE (트와이스)'],Heart Shaker,Merry & Happy,"139,616",30781481
16,+71,['Fitz & The Tantrums'],HandClap,Fitz and The Tantrums (Deluxe),"179,842",8111603
17,-4,['윤종신'],좋니,LISTEN 010 좋니,"326,753",30486509
18,New,['정승환'],눈사람,그리고 봄,"178,076",30877002
19,-9,['김동률'],답장,답장,"86,216",30833270
20,+2,['길구봉구'],이 별,Star,"141,354",30637776
21,-12,['나얼'],기억의 빈자리,기억의 빈자리,"114,162",30757693
22,-4,['박원'],all of my life,0M,"212,892",30550388
23,-4,['방탄소년단'],DNA,LOVE YOURSELF 承 `Her`,"359,651",30637982
24,-7,['TWICE (트와이스)'],LIKEY,twicetagram,"137,634",30700708
25,-10,['Red Velvet (레드벨벳)'],피카부 (Peek-A-Boo),Perfect Velvet - The 2nd Album,"150,287",30736437
26,-14,"['민서', '윤종신']",좋아,2017 월간 윤종신 11월호,"135,224",30729198
27,-3,['비투비'],그리워하다,Brother Act.,"237,633",30672529
28,+14,['먼데이 키즈 (Monday Kiz)'],가을 안부,가을 안부,"144,538",30669593
29,+3,['Ed Sheeran'],Shape of You,÷ (Deluxe),"275,774",30188113
30,-3,['우원재'],시차 (We Are) (Feat. 로꼬 & GRAY),시차 (We Are),"265,655",30613202
31,-17,['종현 (JONGHYUN)'],Lonely (Feat. 태연),종현 소품집 `이야기 Op.2`,"209,973",30383758
32,-3,['아이유'],밤편지,밤편지,"352,400",30314784
33,-8,['볼빨간사춘기'],썸 탈꺼야,Red Diary Page.1,"177,700",30657307
34,-14,['어반자카파'],"그때의 나, 그때의 우리","그때의 나, 그때의 우리","103,678",30709103
35,-12,['Wanna One (워너원)'],Beautiful,1-1=0 (NOTHING WITHOUT YOU),"238,187",30725482
36,-5,['허각'],바보야,바보야,"66,238",30753213
37,-7,['선미'],가시나,SUNMI SPECIAL EDITION `가시나`,"154,568",30587846
38,+3,['Shawn Mendes'],There`s Nothing Holdin` Me Back,Illuminate (Deluxe),"157,771",30380953
39,-1,['방탄소년단'],봄날,YOU NEVER WALK ALONE,"459,265",30244931
40,-19,['EXO'],Universe,"Universe - 겨울 스페셜 앨범, 2017","189,195",30806536
41,-4,['박원'],노력,1/24,"159,526",30099927
42,-7,['에일리'],첫눈처럼 너에게 가겠다,도깨비 OST Part.9,"298,833",30190630
43,-15,['에픽하이 (EPIK HIGH)'],연애소설 (Feat. 아이유),WE`VE DONE SOMETHING WONDERFUL,"144,025",30688500
44,-10,['헤이즈 (Heize)'],비도 오고 그래서 (Feat. 신용재),/// (너 먹구름 비),"241,349",30492279
45,New,['다비치'],너 없는 시간들,&10,"59,593",30859636
46,New,['세븐틴'],고맙다,SEVENTEEN SPECIAL ALBUM `DIRECTOR`S CUT`,"81,335",30878838
47,-40,['박효신'],겨울소리,겨울소리,"82,300",30810765
48,+2,['Red Velvet (레드벨벳)'],빨간 맛 (Red Flavor),The Red Summer - Summer Mini Album,"218,918",30512671
49,-16,['임창정'],그 사람을 아나요,그 사람을 아나요,"69,743",30688990
50,-3,['BLACKPINK'],마지막처럼,마지막처럼,"183,859",30481578
51,+4,['멜로망스'],짙어져,Yellow OST Part.2,"82,495",30667988
52,-13,['볼빨간사춘기'],나의 사춘기에게,Red Diary Page.1,"214,356",30657311
53,-10,['Wanna One (워너원)'],에너제틱 (Energetic),1X1=1(TO BE ONE),"297,841",30568338
54,-6,['포맨'],눈 떠보니 이별이더라,REMEMBER ME,"94,809",30690674
55,+13,['오마이걸'],비밀정원,비밀정원,"105,202",30827192
56,New,['이수 (엠씨 더 맥스)'],My Way,돈꽃 OST Part.1,"138,560",30721801
57,-3,['WINNER'],REALLY REALLY,FATE NUMBER FOR,"220,676",30341745
58,-32,['Zion.T'],눈 (Feat. 이문세),눈,"94,323",30753021
59,-14,['EXO'],Ko Ko Bop,THE WAR - The 4th Album,"323,115",30529996
60,-24,['이하이'],한숨,SEOULITE,"227,220",8086947
61,-9,['방탄소년단'],고민보다 Go,LOVE YOURSELF 承 `Her`,"204,933",30637988
62,-1,['길구봉구'],바람이 불었으면 좋겠어,바람이 불었으면 좋겠어,"117,129",4383833
63,-10,['황치열'],매일 듣는 노래 (A Daily Song),Be Ordinary,"176,630",30467550
64,-15,['볼빨간사춘기'],Blue,Red Diary Page.1,"119,108",30657308
65,-8,['양다일'],미안해,inside,"166,030",30809895
66,New,['수지 (SUZY)'],HOLIDAY (Feat. DPR LIVE),Faces of Love,"43,158",30851704
67,New,['멜로망스'],You,투유 프로젝트 - 슈가맨2 Part.2,"158,262",30849733
68,-24,['EXID'],덜덜덜,Full Moon,"55,703",30713051
69,-4,['방탄소년단'],MIC Drop,LOVE YOURSELF 承 `Her`,"196,438",30637987
70,-7,['엠씨더맥스'],어디에도,pathos,"197,389",8033528
71,-11,['EXO'],Power,The Power of Music - The 4th Album Repackage,"183,930",30616684
72,New,['펀치 (Punch)'],오늘밤도,오늘밤도,"50,600",30879719
73,New,['에일리'],다시 쓰고 싶어,이런 꽃 같은 엔딩 OST Part.3,"25,654",30889512
74,+8,['The Chainsmokers'],Closer (Feat. Halsey),Collage EP,"194,852",8287788
75,-4,['인피니트'],Tell Me,TOP SEED,"62,601",30824600
76,New,['다이나믹 듀오'],봉제선 (Feat. 수란),봉제선,"27,187",30882218
77,-7,['아이유'],팔레트 (Feat. G-DRAGON),Palette,"214,542",30378156
78,+1,['방탄소년단'],피 땀 눈물,WINGS,"275,941",30029173
79,New,['iKON'],LONG TIME NO SEE,Return,"45,961",30859595
80,New,['허각'],마지막으로 안아도 될까,마지막으로 안아도 될까,"21,129",30874386
81,-19,"['볼빨간사춘기', '스무살']",남이 될 수 있을까,남이 될 수 있을까,"162,000",30468654
82,New,['종현 (JONGHYUN)'],빛이 나 (Shinin`),Poet｜Artist,"65,327",30853153
83,New,['권진아'],이별 뒷면,이런 꽃 같은 엔딩 OST Part.2,"43,778",30869144
84,-17,['버즈'],사랑하지 않은 것처럼,`Be One` - Buzz The 1st Mini Album,"119,469",30550293
85,-16,['EXO'],지나갈 테니 (Been Through),"Universe - 겨울 스페셜 앨범, 2017","97,558",30806539
86,New,['세븐틴'],박수,"SEVENTEEN 2ND ALBUM `TEEN, AGE`","75,247",30712793
87,-13,['10CM'],폰서트,4.0,"135,246",30611680
88,-22,['아이유'],가을 아침,꽃갈피 둘,"228,954",30636089
89,-0,['방탄소년단'],Best Of Me,LOVE YOURSELF 承 `Her`,"183,257",30637983
90,New,['Imagine Dragons'],Thunder,Evolve,"135,125",30393293
91,+3,['뉴이스트'],여보세요,THE SECOND MINI ALBUM `여보세요`,"131,157",4032981
92,-33,['에픽하이 (EPIK HIGH)'],빈차 (Feat. 오혁),WE`VE DONE SOMETHING WONDERFUL,"91,139",30688502
93,New,['양요섭'],별,YANG YOSEOP 2ND MINI ALBUM `白`,"40,969",30890388
94,-18,['Wanna One (워너원)'],갖고 싶어,1-1=0 (NOTHING WITHOUT YOU),"131,032",30725483
95,New,"['민경훈', '김희철']",후유증,후유증,"39,393",30899960
96,New,['세븐틴'],지금 널 찾아가고 있어,SEVENTEEN SPECIAL ALBUM `DIRECTOR`S CUT`,"46,213",30878839
97,-1,['뉴이스트 W'],WHERE YOU AT,"W, HERE","94,715",30661885
98,-8,['Maroon 5'],What Lovers Do (Feat. SZA),Red Pill Blues (Deluxe Edition),"71,303",30608019
99,-43,"['소유 (SOYOU)', '성시경']",뻔한 이별 (PROD. 13),RE:BORN,"49,168",30725643
100,New,['iKON'],BEAUTIFUL,Return,"32,297",30859585
