﻿rank,rank_change,singer,title,album,like,song_code
1,New,['개리'],또 하루 (Feat. 개코),또 하루,"76,776",7999021
2,New,"['수지 (SUZY)', '백현 (BAEKHYUN)']",Dream (Prod. by 박근태),Dream,"175,617",8005879
3,-2,['오혁'],소녀,응답하라 1988 OST Part.3,"177,372",7942948
4,New,['김나영'],어땠을까,어땠을까,"72,328",7998349
5,-1,['이적'],걱정말아요 그대,응답하라 1988 OST Part.2,"160,607",7921208
6,New,['케이윌'],니가 하면 로맨스 (Feat. 다비치),니가 하면 로맨스,"48,503",8004377
7,+9,['TWICE (트와이스)'],OOH-AHH하게,THE STORY BEGINS,"147,272",7891119
8,-2,['지코 (ZICO)'],유레카 (Feat. Zion.T),GALLERY,"91,778",7965449
9,-7,['싸이 (PSY)'],DADDY (Feat. CL of 2NE1),칠집싸이다,"61,633",7956304
10,+34,['노을'],함께,응답하라 1988 OST Part.7,"64,209",7985298
11,-1,['김필'],청춘 (Feat. 김창완),응답하라 1988 OST Part.1,"81,287",7909196
12,-7,['박보람'],혜화동 (혹은 쌍문동),응답하라 1988 OST Part.4,"71,153",7953577
13,-4,['윤미래'],사랑이 맞을거야,사랑이 맞을거야,"47,558",7975242
14,-3,['임창정'],또 다시 사랑,또 다시 사랑,"194,725",7861392
15,-12,['싸이 (PSY)'],나팔바지,칠집싸이다,"59,175",7956303
16,-8,['지코 (ZICO)'],Boys And Girls (Feat. Babylon),Boys and Girls,"148,638",7911687
17,-3,['EXO'],Sing For You,"SING FOR YOU - 겨울 스페셜 앨범, 2015","122,412",7971052
18,+11,['여자친구 (GFRIEND)'],오늘부터 우리는 (Me Gustas Tu),여자친구 2nd Mini Album `Flower Bud`,"129,756",5791706
19,New,['Crush'],잊어버리지마 (Feat. 태연),잊어버리지마,"156,910",8026677
20,-5,['EXID'],HOT PINK,HOT PINK,"44,645",7935396
21,+6,['디셈버'],네게 줄 수 있는건 오직 사랑뿐,응답하라 1988 OST Part.5,"31,546",7964823
22,-9,['백예린'],우주를 건너,FRANK,"128,821",7953958
23,-6,['Adele'],Hello,Hello,"149,760",7899235
24,-17,"['San E', '매드클라운']",못먹는 감 (Sour Grapes),못먹는 감,"66,684",7933703
25,-4,['아이유'],스물셋,CHAT-SHIRE,"145,030",7896508
26,+15,['터보'],다시 (Feat. 유재석),AGAIN (다시),"24,291",7985328
27,-3,['iKON'],취향저격,WELCOME BACK,"148,428",7854179
28,-9,['태연 (TAEYEON)'],I (Feat. 버벌진트),I - The 1st Mini Album,"181,677",7877917
29,New,['지코 (ZICO)'],너는 나 나는 너,Break Up 2 Make Up,"140,226",8028724
30,+6,['러블리즈'],Ah-Choo,Lovelyz8,"79,108",7870472
31,+61,['iKON'],덤앤더머 (DUMB & DUMBER),WELCOME BACK,"42,699",7991610
32,+51,['거미'],친구라도 될 걸 그랬어,Like Them,"75,843",418598
33,-7,['Zion.T'],No Make Up,No Make Up,"128,288",7881505
34,New,['기현 (Kihyun)'],세월이 가면,응답하라 1988 OST Part.9,"31,389",7999470
35,-2,['EXO'],불공평해 (Unfair),"SING FOR YOU - 겨울 스페셜 앨범, 2015","106,490",7971051
36,+11,['다비치'],화이트(WHITE) (Feat. 박재범),D-MAKE,"26,962",7979764
37,+12,"['Crush', '로꼬']",아마도 그건,투유 프로젝트 - 슈가맨 Part.3,"80,553",7912749
38,New,['소진 (Sojin)'],매일 그대와,응답하라 1988 OST Part.8,"19,887",7993256
39,-5,['개리'],바람이나 좀 쐐 (Feat. 우혜미),2002,"102,596",7858908
40,New,['여자친구 (GFRIEND)'],시간을 달려서 (Rough),여자친구 3rd Mini Album `SNOWFLAKE`,"152,982",8028701
41,-6,['MINO (송민호)'],겁 (Feat. 태양),쇼미더머니 4 Episode 5,"145,794",5826447
42,-20,['포맨'],안아보자,4MEN 1st Live Album,"46,791",7924015
43,+9,['Sam Smith'],I`m Not The Only One,In The Lonely Hour,"218,002",4660794
44,-4,['박효신'],기억속의 먼 그대에게,Neo Classicism,"74,824",851429
45,-25,['싸이 (PSY)'],Dream (Feat. XIA of JYJ),칠집싸이다,"40,091",7956305
46,-23,['노을'],이별밖에,이별밖에,"31,149",7946059
47,+16,['AOA'],심쿵해 (Heart Attack),Heart Attack,"87,469",5748406
48,-30,['브라운 아이드 소울'],밤의 멜로디,BROWN EYED SOUL 정규 4집 `SOUL COOKE`,"28,292",7967337
49,New,['이승기'],나 군대 간다,나 군대 간다,"21,028",8024756
50,-18,['iKON'],지못미,WELCOME BACK,"59,942",7931712
51,-20,['방탄소년단'],RUN,화양연화 pt.2,"165,902",7953785
52,+5,['Red Velvet (레드벨벳)'],Dumb Dumb,The Red - The 1st Album,"96,462",7847861
53,-15,"['소유 (SOYOU)', '권정열']",어깨,어깨,"79,349",7858989
54,-1,['iKON'],리듬 타 (RHYTHM TA),WELCOME BACK,"67,683",7870705
55,+10,['EXO'],LOVE ME RIGHT,LOVE ME RIGHT - The 2nd Album Repackage,"180,818",5721440
56,+14,['박효신'],야생화,야생화,"299,799",4543502
57,+5,['Zion.T'],꺼내 먹어요,Eat,"151,527",5702706
58,New,['엠씨더맥스'],어디에도,pathos,"197,386",8033528
59,-11,['박경'],보통연애 (Feat. 박보람),보통연애,"102,350",7860122
60,New,['여은'],이젠 잊기로 해요,응답하라 1988 OST Part.10,"25,022",8009716
61,New,['가인'],열두 시가 되면,열두 시가 되면,"28,286",7987620
62,-4,"['MINO (송민호)', '지코 (ZICO)']",Okey Dokey,쇼미더머니 4 Episode 6,"83,967",5835766
63,-35,['싸이 (PSY)'],I Remember You (Feat. Zion.T),칠집싸이다,"31,175",7956302
64,-52,['소녀시대-태티서 (Girls` Generation-TTS)'],Dear Santa,Dear Santa - X-Mas Special,"44,161",7963662
65,-22,['아이유'],푸르던,CHAT-SHIRE,"120,407",7896509
66,-0,['BIGBANG'],뱅뱅뱅 (BANG BANG BANG),A,"192,528",5719286
67,+6,['백아연'],이럴거면 그러지말지 (Feat. Young K),이럴거면 그러지말지,"188,156",5704397
68,+3,['Zion.T'],양화대교,양화대교,"172,990",5389475
69,-13,['EXO'],Girl x Friend,"SING FOR YOU - 겨울 스페셜 앨범, 2015","72,112",7971053
70,New,['기리보이'],호구 (Prod. By Fisherman of wybh) (Feat. 브라더수),호구,"69,958",7995991
71,+6,['EXO'],CALL ME BABY,The 2nd Album `EXODUS`,"154,254",5644620
72,-3,['혁오 (HYUKOH)'],위잉위잉,20,"174,601",5385974
73,New,['WINNER'],사랑가시 (민호&태현),EXIT : E,"39,466",8009782
74,-29,['거미'],가질 수 없는 너,투유 프로젝트 - 슈가맨 Part.7,"14,791",7958267
75,-45,['다이나믹 듀오'],꿀잼,GRAND CARNIVAL,"21,041",7931723
76,-25,['아이유'],Zeze,CHAT-SHIRE,"65,799",7896507
77,-23,['지아'],가끔,그녀는 예뻤다 OST Part.2,"38,520",7865089
78,-39,"['소유 (SOYOU)', '브라더수']",모르나봐,그녀는 예뻤다 OST Part.4,"50,378",7884171
79,New,['지코 (ZICO)'],사랑이었다 (Feat. 루나 of f(x)),Break Up 2 Make Up,"100,452",8028725
80,-0,['엠씨더맥스'],그 남잔 말야,냄새를 보는 소녀 OST Part.5,"74,492",5668985
81,-44,['f(x)'],4 Walls,4 Walls - The 4th Album,"78,749",7900822
82,-22,['지코 (ZICO)'],"말해 Yes Or No (Feat. PENOMECO, The Quiett)",말해 Yes Or No,"58,518",7888412
83,-11,['지코 (ZICO)'],날 (Feat. JTONG),Boys and Girls,"48,311",7911686
84,-59,"['성시경', '박효신', '이석훈', '서인국', 'VIXX (빅스)']",크리스마스니까,Jelly Christmas 2012 HEART PROJECT,"145,668",3973781
85,-17,['EXO'],발자국 (On the snow),"SING FOR YOU - 겨울 스페셜 앨범, 2015","67,204",7971054
86,-22,['빈지노 (Beenzino)'],Break,Break,"70,132",7881233
87,New,['범키'],Better Man (Feat. 타블로),Better Man,"14,788",8015549
88,-21,['지코 (ZICO)'],VENI VIDI VICI (Feat. DJ Wegun),GALLERY,"40,218",7965448
89,New,['WABLE (와블)'],보라빛향기,응답하라 1988 OST Part.6,"14,941",7971283
90,New,['iKON'],왜 또,WELCOME BACK,"27,423",7991611
91,-36,['로이킴'],북두칠성,북두칠성,"64,971",7963607
92,+2,"['효린', '범키', '주영']",Love Line,Love Line,"12,919",7977442
93,New,['iKON'],아니라고,WELCOME BACK,"28,682",7991612
94,New,['초아'],불꽃,불꽃,"16,375",7981508
95,-7,['EXO'],LIGHTSABER,LIGHTSABER,"60,114",7926003
96,-14,"['솔지 (EXID)', '유재환', '정형돈']",오늘은,돈 워리 뮤직 Vol.1,"15,901",7970872
97,New,['이영현'],이미 슬픈 사랑,투유 프로젝트 - 슈가맨 Part.12,"5,855",8003787
98,-56,['CL'],Hello Bitches,Hello Bitches,"23,386",7965433
99,-40,['지코 (ZICO)'],오만과 편견 (Feat. 수란),GALLERY,"44,040",7965450
100,New,"['윤미래', '펀치 (Punch)']",잘 지내고 있니,잘 지내고 있니,"14,330",8013829
