﻿rank,rank_change,singer,title,album,like,song_code
1,+40,['어반자카파'],널 사랑하지 않아,스틸,"187,987",8199190
2,-1,['TWICE (트와이스)'],CHEER UP,PAGE TWO,"215,356",8158031
3,+24,['백아연'],쏘쏘,쏘쏘,"88,530",8189661
4,+26,['벤'],꿈처럼,또 오해영 OST Part.2,"113,619",8174429
5,+64,['박경'],자격지심 (Feat. 은하 Of 여자친구),자격지심,"112,408",8184472
6,-4,['정은지'],하늘바라기 (Feat. 하림),Dream,"135,739",8148487
7,New,"['사이먼 도미닉', 'ONE', '지투 (G2)', 'BewhY (비와이)']",니가 알던 내가 아냐 (Prod. By GRAY),쇼미더머니 5 Episode 1,"65,511",8233291
8,+5,['DEAN'],D (half moon) (Feat. 개코),130 mood : TRBL,"215,612",8109412
9,New,['EXO'],Monster,EX`ACT - The 3rd Album,"166,319",8217164
10,+73,"['서현진', '유승우']",사랑이 뭔데,또 오해영 OST Part.3,"52,338",8182907
11,+15,['AOA'],Good Luck,Good Luck,"35,346",8181755
12,-0,['엠씨더맥스'],어디에도,pathos,"197,386",8033528
13,-10,['AKMU (악동뮤지션)'],RE-BYE,사춘기 상 (思春記 上),"70,262",8170828
14,+26,['Dok2'],1llusion,1llusion,"44,990",8190803
15,New,['EXID'],L.I.E,STREET,"38,110",8206881
16,New,"['The Quiett', '수퍼비', 'myunDo', '플로우식 (Flowsik)', 'Dok2']",공중도덕 (Air DoTheQ),쇼미더머니 5 Episode 1,"38,154",8233292
17,New,"['로꼬', 'GRAY (그레이)']",GOOD (Feat. ELO),GOOD,"48,566",8219168
18,New,['정승환'],너였다면,또 오해영 OST Part.5,"182,135",8203900
19,-15,['에디킴'],내 입술 따뜻한 커피처럼 (Feat. 이성경) (Prod. by 박근태),내 입술 따뜻한 커피처럼,"71,367",8161257
20,New,"['Zion.T', 'C JAMM', '레디 (Reddy)', '서출구']",신사 ($insa),쇼미더머니 5 Episode 1,"32,533",8233293
21,-16,['10CM'],봄이 좋냐??,3.2,"142,163",8124417
22,New,['iKON'],오늘 모해 (#WYD),오늘 모해 (#WYD),"51,536",8201572
23,-17,['다비치'],이 사랑,태양의 후예 OST Part.3,"139,282",8071102
24,New,['씨스타'],I Like That,沒我愛(몰아애),"46,867",8236055
25,New,"['San E', '레이나 (Raina)']",달고나,달고나,"30,163",8225127
26,-16,['Crush'],우아해 (woo ah),Interlude,"66,712",8172437
27,-18,['거미'],You Are My Everything,태양의 후예 OST Part.4,"119,202",8089568
28,New,['BewhY (비와이)'],The Time Goes On,Time Travel,"106,089",5620266
29,-13,['여자친구 (GFRIEND)'],시간을 달려서 (Rough),여자친구 3rd Mini Album `SNOWFLAKE`,"152,983",8028701
30,-23,['블락비 (Block B)'],Toy,Blooming Period,"105,566",8138940
31,New,['EXO'],Lucky One,EX`ACT - The 3rd Album,"111,748",8217163
32,-11,['지코 (ZICO)'],너는 나 나는 너,Break Up 2 Make Up,"140,226",8028724
33,-22,['케이윌'],말해! 뭐해?,태양의 후예 OST Part.6,"95,911",8102386
34,-20,['아이오아이 (I.O.I)'],Dream Girls,아이오아이 (I.O.I) 1st Mini Album `Chrysalis`,"49,703",8171202
35,-27,['AKMU (악동뮤지션)'],사람들이 움직이는 게,사춘기 상 (思春記 上),"47,053",8170829
36,-21,['마마무(Mamamoo)'],넌 is 뭔들,Melting,"106,012",8068881
37,-12,['TWICE (트와이스)'],OOH-AHH하게,THE STORY BEGINS,"147,272",7891119
38,+10,['이적'],걱정말아요 그대,응답하라 1988 OST Part.2,"160,607",7921208
39,-16,['지코 (ZICO)'],Boys And Girls (Feat. Babylon),Boys and Girls,"148,638",7911687
40,New,['키썸 (Kisum)'],맥주 두 잔,맥주 두 잔,"24,637",8204539
41,New,['로이킴'],어쩌면 나,또 오해영 OST Part.4,"38,816",8193236
42,+17,['정준일'],안아줘,Lo9ve3r4s,"197,452",3620493
43,-24,['SG 워너비'],사랑하자,태양의 후예 OST Part.8,"59,766",8122589
44,-27,['방탄소년단'],불타오르네 (FIRE),화양연화 Young Forever,"218,185",8167307
45,-13,['Crush'],잊어버리지마 (Feat. 태연),잊어버리지마,"156,910",8026677
46,-28,['윤미래'],ALWAYS,태양의 후예 OST Part.1,"107,443",8053157
47,New,"['보아 (BoA)', '빈지노 (Beenzino)']",No Matter What,No Matter What - SM STATION,"36,700",8231453
48,New,"['사이먼 도미닉', 'GRAY (그레이)', 'ONE']",맘 편히 (Comfortable),쇼미더머니 5 Episode 2,"80,518",8243823
49,New,['빈지노 (Beenzino)'],토요일의 끝에서 (Feat. Blacknut),12,"33,752",8204705
50,-19,['이하이'],한숨,SEOULITE,"227,220",8086947
51,-16,['여자친구 (GFRIEND)'],오늘부터 우리는 (Me Gustas Tu),여자친구 2nd Mini Album `Flower Bud`,"129,756",5791706
52,New,['백예린'],Bye bye my blue,Bye bye my blue,"156,205",8233373
53,-31,"['매드클라운', '김나영']",다시 너를,태양의 후예 OST Part.5,"73,038",8100402
54,-5,['Justin Bieber'],Love Yourself,Purpose (Deluxe),"210,500",7931286
55,-2,['10CM'],스토커,3.0,"200,724",5466962
56,New,['헤이즈 (Heize)'],Shut Up & Groove (Feat. DEAN),And July,"54,131",8207243
57,+1,['하현우 (국카스텐)'],Don`t Cry (우리 동네 음악대장),복면가왕 50회,"42,625",8094566
58,-19,['임창정'],또 다시 사랑,또 다시 사랑,"194,725",7861392
59,New,['정키'],바라지 않아 (Feat. 소정 Of 레이디스 코드),LISH,"36,986",8217129
60,-36,"['첸 (CHEN)', '펀치 (Punch)']",Everytime,태양의 후예 OST Part.2,"126,181",8067023
61,-41,['XIA (준수)'],How Can I Love You,태양의 후예 OST Part.10,"72,890",8141498
62,New,['EXO'],Heaven,EX`ACT - The 3rd Album,"88,706",8217167
63,-16,['지코 (ZICO)'],유레카 (Feat. Zion.T),GALLERY,"91,778",7965449
64,-19,['태연 (TAEYEON)'],Rain,Rain - SM STATION,"152,650",8042553
65,-32,['소녀온탑'],같은 곳에서,PRODUCE 101 - 35 Girls 5 Concepts,"81,587",8104431
66,-37,['장범준'],사랑에 빠졌죠 (당신만이),장범준 2집,"66,639",8104509
67,-7,['Sam Smith'],I`m Not The Only One,In The Lonely Hour,"218,002",4660794
68,New,"['매드클라운', '도넛맨 (Donutman)', '보이비', '#Gun']",무궁화,쇼미더머니 5 Episode 1,"15,671",8233294
69,New,['스탠딩 에그'],뚝뚝뚝 (With 예슬),뚝뚝뚝,"30,748",8213780
70,-34,['PRODUCE 101'],PICK ME,PRODUCE 101 - PICK ME,"55,300",7982920
71,+29,['DEAN'],21,130 mood : TRBL,"91,141",8109414
72,-38,['엠씨더맥스'],"그대, 바람이 되어",태양의 후예 OST Part.9,"38,443",8129740
73,New,['태연 (TAEYEON)'],Starlight (Feat. DEAN),Why - The 2nd Mini Album,"71,140",8244031
74,-37,['로꼬'],너도 (Feat. Cha Cha Malone),너도,"61,941",8129245
75,New,['EXO'],Artificial Love,EX`ACT - The 3rd Album,"74,952",8217165
76,-25,['San E'],마치 비행기 (Feat. 개리),마치 비행기,"16,179",8180414
77,-0,['헤이즈 (Heize)'],돌아오지마 (Feat. 용준형 Of 비스트),돌아오지마,"174,034",8143111
78,-28,['아이오아이 (I.O.I)'],벚꽃이 지면,아이오아이 (I.O.I) 1st Mini Album `Chrysalis`,"69,241",8171206
79,+11,['하현우 (국카스텐)'],매일 매일 기다려 (우리 동네 음악대장),복면가왕 58회,"25,072",8173036
80,New,"['매드클라운', '#Gun']",비행소년 (Feat. 거미),쇼미더머니 5 Episode 2,"42,089",8243822
81,-24,"['수지 (SUZY)', '백현 (BAEKHYUN)']",Dream (Prod. by 박근태),Dream,"175,617",8005879
82,New,['Crush'],Oasis (Feat. ZICO),Oasis,"142,382",5771304
83,New,['EXO'],백색소음 (White Noise),EX`ACT - The 3rd Album,"72,429",8217168
84,-19,['Jessica (제시카)'],Fly (Feat. Fabolous),"With Love, J","32,240",8182784
85,New,['EXO'],Cloud 9,EX`ACT - The 3rd Album,"67,439",8217166
86,-25,"['Jessie J', 'Ariana Grande', 'Nicki Minaj']",Bang Bang,Bang Bang,"79,311",4774191
87,-3,['태연 (TAEYEON)'],제주도의 푸른 밤,밴드 고맙삼다,"63,055",8141272
88,New,['하현우 (국카스텐)'],아주 오래된 연인들 (우리 동네 음악대장),복면가왕 62회,"14,950",8213792
89,-47,"['에릭남 (Eric Nam)', '웬디 (WENDY)']",봄인가 봐 (Spring Love),봄인가 봐 (Spring Love) - SM STATION,"90,161",8077712
90,-19,['러블리즈'],Ah-Choo,Lovelyz8,"79,108",7870472
91,New,['The One (더원)'],녹턴 (Nocturn) (하면 된다 백수탈출),복면가왕 62회,"12,440",8213791
92,New,['EXO'],Stronger,EX`ACT - The 3rd Album,"66,554",8217171
93,New,['소유 (SOYOU)'],내게 말해줘,운빨로맨스 OST Part.3,"10,317",8210888
94,New,['EXO'],유리어항 (One and Only),EX`ACT - The 3rd Album,"64,390",8217169
95,New,['EXO'],They Never Know,EX`ACT - The 3rd Album,"63,360",8217170
96,-53,['바이브'],1년 365일 (Feat. 거미),Repeat,"18,382",8154292
97,-34,['세븐틴'],예쁘다,SEVENTEEN 1st Album First `LOVE&LETTER`,"87,364",8153410
98,-28,['김범수'],그댄 행복에 살텐데,투유 프로젝트 - 슈가맨 Part.16,"37,241",8042169
99,New,['GRAY (그레이)'],하기나 해 (Feat. Loco),grayground. 01,"88,097",5653497
100,New,['Zion.T'],쿵,쇼미더머니 5 Special,"48,705",8247080
