﻿rank,rank_change,singer,title,album,like,song_code
1,+10,['아이유'],Blueming,Love poem,"198,160",32183386
2,-0,['노을'],늦은 밤 너의 집 앞 골목길에서,늦은 밤 너의 집 앞 골목길에서,"124,076",32156286
3,New,"['염따', '딥플로우', '팔로알토 (Paloalto)', 'The Quiett', '사이먼 도미닉']","아마두 (feat.우원재, 김효은, 넉살, Huckleberry P)",Dingo X DAMOIM (Part 2),"139,134",32228058
4,New,['다비치'],나의 오랜 연인에게,나의 오랜 연인에게,"62,946",32226962
5,+69,"['Idina Menzel', 'Aurora']","Into the Unknown (From ""Frozen 2""/Soundtrack Version)",Frozen 2 (Original Motion Picture Soundtrack/Deluxe Edition),"158,636",32180585
6,-5,['아이유'],Love poem,Love poem,"230,323",32143487
7,New,['백예린'],Square (2017),Every letter I sent you.,"168,708",32243273
8,+12,['마마무(Mamamoo)'],HIP,reality in BLACK,"100,270",32175937
9,New,['창모 (CHANGMO)'],METEOR,Boyhood,"171,848",32224272
10,New,"['김나영', '양다일']",헤어진 우리가 지켜야 할 것들,헤어진 우리가 지켜야 할 것들,"46,977",32224383
11,-8,['AKMU (악동뮤지션)'],"어떻게 이별까지 사랑하겠어, 널 사랑하는 거지",항해,"270,849",32061975
12,New,['정승환'],십이월 이십오일의 고백,십이월 이십오일의 고백,"59,878",32235310
13,-7,['장범준'],흔들리는 꽃들 속에서 네 샴푸향이 느껴진거야,멜로가 체질 OST Part 3,"196,641",32003395
14,-2,['바이브'],이 번호로 전화해줘,이 번호로 전화해줘,"53,963",32171791
15,-7,['임재현'],조금 취했어 (Prod. 2soo),조금 취했어,"87,312",32059630
16,New,"['성시경', '아이유']",첫 겨울이니까,첫 겨울이니까,"45,329",32240554
17,-12,['송하예'],새 사랑,새 사랑,"80,940",32091557
18,-9,['전상근'],사랑이란 멜로는 없어,사랑이란 멜로는 없어,"93,990",32034629
19,-15,['MC몽'],"인기 (Feat. 송가인, 챈슬러)",CHANNEL 8,"68,433",32128104
20,-7,['폴킴'],안녕,호텔 델루나 OST Part.10,"154,267",31984204
21,-7,['마크툽 (MAKTUB)'],오늘도 빛나는 너에게 (To You My Light) (Feat.이라온),Red Moon : To You My Light,"183,401",31853557
22,New,"['Idina Menzel', 'Evan Rachel Wood']","Show Yourself (From ""Frozen 2""/Soundtrack Version)",Frozen 2 (Original Motion Picture Soundtrack/Deluxe Edition),"87,255",32180594
23,New,['Mariah Carey'],All I Want For Christmas Is You,Merry Christmas (Deluxe Anniversary Edition),"128,874",14776
24,+17,['아이유'],시간의 바깥,Love poem,"85,634",32182535
25,-15,['장덕철'],있어줘요,있어줘요,"63,285",32085144
26,New,['Ariana Grande'],Santa Tell Me,Santa Tell Me,"146,280",5475060
27,-11,['HYNN (박혜원)'],시든 꽃에 물을 주듯,시든 꽃에 물을 주듯,"148,498",31703498
28,-21,['태연 (TAEYEON)'],불티 (Spark),Purpose - The 2nd Album,"85,985",32130396
29,New,['EXO'],Obsession,OBSESSION - The 6th Album,"96,687",32217921
30,-11,['황인욱'],포장마차,포장마차,"117,560",31873020
31,-6,['황인욱'],이별주,이별주,"40,611",32142272
32,-15,['송하예'],니 소식,니 소식,"172,548",31788850
33,-11,['Anne-Marie'],2002,Speak Your Mind (Deluxe),"304,360",31029291
34,-1,['방탄소년단'],작은 것들을 위한 시 (Boy With Luv) feat. Halsey,MAP OF THE SOUL : PERSONA,"344,805",31737197
35,-1,['V.O.S'],다시 만날까 봐,다시 만날까 봐,"55,933",32021744
36,-12,['거미'],기억해줘요 내 모든 날과 그때를,호텔 델루나 OST Part.7,"125,398",31967064
37,+27,['HYNN (박혜원)'],차가워진 이 바람엔 우리가 써있어(Bad Love),차가워진 이 바람엔 우리가 써있어(Bad Love),"43,921",32168238
38,-6,['폴킴'],"모든 날, 모든 순간 (Every day, Every Moment)",`키스 먼저 할까요?` OST Part.3,"318,709",30962526
39,-21,['볼빨간사춘기'],워커홀릭,Two Five,"121,012",32038651
40,-13,['임재현'],사랑에 연습이 있었다면 (Prod. 2soo),사랑에 연습이 있었다면,"191,121",31324607
41,New,['태연 (TAEYEON)'],"숨겨진 세상 (Into the Unknown End Credit Version) (""겨울왕국 2"")",겨울왕국 2 (한국어 버전),"72,569",32180580
42,New,['Red Velvet (레드벨벳)'],Psycho,‘The ReVe Festival’ Finale,"148,809",32273582
43,+9,['아이유'],unlucky,Love poem,"67,862",32183384
44,-15,['먼데이 키즈 (Monday Kiz)'],사랑이 식었다고 말해도 돼,사랑이 식었다고 말해도 돼,"90,837",31829536
45,New,['아이유'],미리 메리 크리스마스 (Feat. 천둥 Of MBLAQ),Real,"117,481",3053259
46,New,['Sia'],Snowman,Everyday Is Christmas (Deluxe),"122,092",30717645
47,-10,['Billie Eilish'],bad guy,"WHEN WE ALL FALL ASLEEP, WHERE DO WE GO?","213,591",31701428
48,-6,"['창모 (CHANGMO)', 'Hash Swan', 'ASH ISLAND', '김효은']",BAND,BAND,"105,107",31854689
49,-21,"['Shawn Mendes', 'Camila Cabello']",Señorita,Señorita,"132,995",31877297
50,-29,['폴킴'],허전해,"정규 2집 '마음, 하나'","62,320",32081871
51,-28,['케이시 (Kassy)'],가을밤 떠난 너,Rewind,"83,014",32031043
52,-22,"['장혜진', '윤민수(바이브)']",술이 문제야,술이 문제야,"141,459",31870517
53,New,"['성시경', '박효신', '이석훈', '서인국', 'VIXX (빅스)']",크리스마스니까,Jelly Christmas 2012 HEART PROJECT,"145,669",3973781
54,-39,['MC몽'],샤넬 (Feat. 박봄),CHANNEL 8,"36,477",32128105
55,-11,['폴킴'],너를 만나,너를 만나,"249,511",31388145
56,New,['백지영'],"다시는 사랑하지 않고, 이별에 아파하기 싫어","다시는 사랑하지 않고, 이별에 아파하기 싫어","41,009",32271720
57,-21,['태연 (TAEYEON)'],그대라는 시,호텔 델루나 OST Part.3,"161,120",31938460
58,-27,['휘인 (Whee In)'],헤어지자 (Prod. 정키),soar,"88,829",32028531
59,-20,['TWICE (트와이스)'],Feel Special,Feel Special,"77,631",32057802
60,-25,['(여자)아이들'],LION,퀸덤 <FINAL 컴백 싱글>,"67,920",32125782
61,New,['V.O.S'],잘 살고 있다,잘 살고 있다,"21,671",32225055
62,+6,['아이유'],그 사람,Love poem,"55,091",32183385
63,-17,['태연 (TAEYEON)'],사계 (Four Seasons),사계 (Four Seasons),"203,840",31688205
64,-9,['에이치코드 (H:CODE)'],꿈속에 너 (Feat. 전상근),두 번째 이야기,"60,715",8119658
65,-16,['Lauv'],Paris In The Rain,I met you when I was 18. (the playlist),"182,428",31341518
66,-12,['Naomi Scott'],"Speechless (Full) (From ""Aladdin""/Soundtrack Version)",Aladdin (Original Motion Picture Soundtrack),"216,798",31815967
67,-8,['펀치 (Punch)'],영화 속에 나오는 주인공처럼,동백꽃 필 무렵 (KBS2 수목드라마) OST - Part.6,"35,583",32136650
68,-8,['다비치'],너에게 못했던 내 마지막 말은,너에게 못했던 내 마지막 말은,"121,820",31804010
69,+8,['아이유'],자장가,Love poem,"54,198",32183387
70,-20,['닐로(Nilo)'],벗,벗,"48,895",32006650
71,New,['박진영'],"FEVER (Feat. 수퍼비, BIBI)",FEVER,"18,720",32224149
72,-25,['벤'],헤어져줘서 고마워,헤어져줘서 고마워,"118,498",31901475
73,New,['AOA'],날 보러 와요 (Come See Me),NEW MOON,"43,275",32213920
74,-48,['헤이즈 (Heize)'],떨어지는 낙엽까지도,만추,"43,885",32091434
75,-30,['첸 (CHEN)'],우리 어떻게 할까요,사랑하는 그대에게 - The 2nd Mini Album,"93,589",32073454
76,-3,['방탄소년단'],봄날,YOU NEVER WALK ALONE,"459,265",30244931
77,-24,['10CM'],나의 어깨에 기대어요,호텔 델루나 OST Part.2,"85,029",31938046
78,-12,['잔나비'],주저하는 연인들을 위해,전설,"241,531",31666417
79,New,['백예린'],Popo (How deep is our love?),Every letter I sent you.,"30,037",32243262
80,New,"['Kristen Bell', 'Idina Menzel', 'Josh Gad', 'Jonathan Groff', 'Cast of Frozen 2']","Some Things Never Change (From ""Frozen 2""/Soundtrack Version)",Frozen 2 (Original Motion Picture Soundtrack/Deluxe Edition),"28,084",32180584
81,-43,['허각'],이별은 늘 그렇게 (Duet. 정은지),이별은 늘 그렇게,"26,079",32140355
82,-25,['이우'],이별행동,이별행동,"32,780",32080223
83,New,['EXO'],Trouble,OBSESSION - The 6th Album,"55,020",32217922
84,-28,['김나영'],솔직하게 말해서 나,솔직하게 말해서 나,"119,326",31854442
85,New,['신예영'],우리 왜 헤어져야 해,우리 왜 헤어져야 해,"28,206",32187544
86,New,['창모 (CHANGMO)'],빌었어,Boyhood,"69,913",32224271
87,-4,['방탄소년단'],IDOL,LOVE YOURSELF 結 `Answer`,"285,935",31266290
88,New,['EXO'],춤 (Groove),OBSESSION - The 6th Album,"52,433",32217924
89,-31,['케이시 (Kassy)'],그때가 좋았어,그때가 좋았어,"191,841",31524320
90,New,['백예린'],0310,Every letter I sent you.,"32,647",32243275
91,New,['EXO'],나비효과 (Butterfly Effect),OBSESSION - The 6th Album,"53,515",32217929
92,New,['EXO'],지킬 (Jekyll),OBSESSION - The 6th Album,"50,668",32217923
93,-42,['지코 (ZICO)'],"천둥벌거숭이 (Feat. Jvcki Wai, 염따)",THINKING Part.1,"52,423",32071685
94,-32,['장범준'],노래방에서,장범준 3집,"159,149",31684636
95,New,['송이한'],안녕이라는 말,안녕이라는 말,"23,107",31691453
96,New,['EXO'],Ya Ya Ya,OBSESSION - The 6th Album,"49,025",32217925
97,New,['폴킴'],마음,마음,"22,420",32224088
98,New,['EXO'],오늘도 (Day After Day),OBSESSION - The 6th Album,"51,344",32217928
99,New,['EXO'],Baby You Are,OBSESSION - The 6th Album,"48,899",32217926
100,-60,['Zion.T'],5월의 밤,5월의 밤,"33,318",32153755
