﻿rank,rank_change,singer,title,album,like,song_code
1,New,['다이나믹 듀오'],BAAAM (Feat. Muzie Of UV),Luckynumbers,"82,021",4160246
2,New,['다비치'],오늘따라 보고싶어서 그래,여름날의 추억,"66,748",4163613
3,-1,['씨스타'],Give It To Me,Give It To Me,"59,051",4138606
4,+26,['이승철'],My Love,MY LOVE,"91,288",4142913
5,New,['Apink (에이핑크)'],NoNoNo,Secret Garden,"96,567",4163116
6,New,['2NE1'],Falling In Love,Falling In Love,"36,547",4165390
7,+12,['Lim Kim'],All Right,A Voice,"42,410",4144408
8,New,['에일리'],U & I,A`s Doll House,"71,256",4171462
9,+81,['걸스데이'],여자 대통령,여자 대통령,"38,611",4152253
10,+88,['아웃사이더'],슬피 우는 새 (Feat. 이수영),슬피 우는 새,"38,976",4153450
11,-10,"['허각', '정은지']",짧은머리,`A Cube` For Season # Blue,"71,545",4129672
12,-7,['범키'],미친연애 (Bad Girl) (Feat. E-Sens Of 슈프림팀),미친연애,"86,113",4130922
13,+70,['로이킴'],Love Love Love,Love Love Love,"50,952",4153481
14,New,['다이나믹 듀오'],쌔끈해 (Three Dopeboyz) (Feat. Zion.T),Luckynumbers,"32,000",4160243
15,-3,['씨스타'],넌 너무 야해 (Feat. 긱스) (The Way You Make Me Melt),Give It To Me,"34,416",4138607
16,-8,['포맨'],너 하나야,구가의 서 OST Part.7,"44,692",4132144
17,New,['4minute'],물 좋아?,물 좋아?,"14,607",4154505
18,New,['브라운아이드걸스'],레시피,레시피,"14,684",4167370
19,+66,['버벌진트'],비범벅 (Feat. 범키),비범벅,"32,920",4150987
20,New,['긱스 (Geeks)'],Fly,Fly,"30,583",4168688
21,-18,['4minute'],이름이 뭐예요?,Name Is 4minute,"50,446",4099280
22,-0,['씨스타'],바빠 (Bad Boy),Give It To Me,"25,569",4138608
23,New,['강승윤'],비가 온다,비가 온다,"43,687",4175139
24,New,['다이나믹 듀오'],날개뼈 (Hot Wings) (Feat. 효린 Of Sistar),Luckynumbers,"51,618",4160250
25,+69,['정엽'],왜 이제야 왔니,너의 목소리가 들려 OST Part.2,"40,847",4143937
26,-16,['포맨'],청혼하는 거예요,The 5th Album Vol.2 `Thank You`,"59,862",4108714
27,New,['다이나믹 듀오'],진격의 거인 둘 (Return Of The Kings),Luckynumbers,"16,717",4160242
28,New,['다이나믹 듀오'],"거품 안 넘치게 따라줘 (Life Is Good) (Feat. Crush, DJ Friz)",Luckynumbers,"28,855",4160245
29,+3,['애프터스쿨'],첫사랑,After School The 6th Maxi Single `첫사랑`,"16,505",4141700
30,New,['크레용팝'],빠빠빠,빠빠빠,"60,935",4148967
31,New,['유성은'],Be OK (Feat. 배치기),Be OK,"58,798",4172962
32,+46,['써니힐'],만인의 연인 (Feat. 하림),Young Folk,"17,405",4147352
33,-22,['The One (더원)'],잘 있나요,구가의 서 OST Part.6,"34,028",4117702
34,+1,['프라이머리'],자니 (Feat. Dynamic Duo),자니,"155,966",3726617
35,-26,['로이킴'],봄봄봄,봄봄봄,"124,306",4091105
36,New,['인피니트'],Destiny,Destiny,"54,897",4175021
37,New,['존박'],Baby,Inner Child,"14,570",4162716
38,+51,['달샤벳'],내 다리를 봐 (Be Ambitious),Be Ambitious,"13,823",4149064
39,-23,['긱스 (Geeks)'],Wash Away (Feat. 에일리),Backpack,"65,735",4100521
40,-2,['아이비'],I Dance (Feat. 유빈 Of 원더걸스),I DANCE,"10,639",4141792
41,New,['쥬얼리'],핫 앤 콜드 (Hot & Cold),Hot & Cold,"10,157",4164425
42,New,['비스트'],Shadow (그림자),"Hard to love, How to love","69,199",4180409
43,-36,['비스트'],괜찮겠니,괜찮겠니,"44,116",4126905
44,-40,['이효리'],Bad Girls,MONOCHROME,"30,453",4118143
45,+5,['최진혁'],잘 있나요 (Acoustic Ver.),구가의 서 OST Special,"21,845",4145757
46,New,['울랄라세션'],한사람 (I`ll Be There),Memory,"11,313",4157526
47,+24,['씨스타'],Crying,Give It To Me,"25,193",4138611
48,-42,['AKMU (악동뮤지션)'],콩떡빙수,콩떡빙수,"39,347",4121653
49,-31,['바이브'],꼭 한번 만나고 싶다,Organic Sound,"46,087",4100925
50,New,['XIA (준수)'],11시 그 적당함,11시 그 적당함,"19,193",4160436
51,-37,['시크릿'],YooHoo (유후),Letter From Secret,"30,202",4101639
52,New,['다이나믹 듀오'],"만루홈런 (Lee Dae Ho) (Feat. Supreme Team, DJ Friz)",Luckynumbers,"15,591",4160248
53,New,"['김용준', '이보람']",우리가 사랑하는 방법,우리가 사랑하는 방법,"7,290",4165873
54,-29,['2BIC(투빅)'],"회복이 급해 (Feat. 하림, 호투)",회복이 급해,"23,876",4133615
55,-1,['빈지노 (Beenzino)'],Boogie On & On,2 4 : 2 6,"95,965",3843565
56,-43,['AKMU (악동뮤지션)'],I Love You,내 연애의 모든 것 OST Part.3,"85,511",4097003
57,-24,['걸스데이'],기대해,기대,"48,948",4054983
58,New,['나윤권'],몇 날 며칠 (Countless Days),상어 OST `몇 날 며칠`,"7,751",4162375
59,New,['손승연'],미친게 아니라구요 (Feat. MC 스나이퍼),미친게 아니라구요,"26,165",4168680
60,-33,['다비치'],녹는 중 (Feat. 버벌진트),녹는 중,"56,818",4072715
61,+21,"['DJ Gollum', 'Empyre One']",The Bad Touch (Gordon & Doyle Edit),The Bad Touch,"46,074",4070694
62,+12,['백아연'],a Good Boy,A Good Girl,"16,281",4144539
63,New,['김연지'],두눈에. 두볼에. 가슴에 (In My Eyes),너의 목소리가 들려 OST Part.3,"10,414",4160198
64,-41,['싸이 (PSY)'],GENTLEMAN,GENTLEMAN,"104,962",4085875
65,New,"['이창민', '다희']",한 사람만 보여요,최고다 이순신 OST Part.4,"10,672",4160255
66,-40,['린'],오늘 밤 (Feat. 배치기),8th #1 유리 심장,"50,713",4082435
67,-14,['프라이머리'],"? (물음표) (Feat. 최자 Of 다이나믹듀오, Zion.T)",Primary And The Messengers LP,"116,990",3947371
68,-31,['다비치'],거북이,Mystic Ballad Part.1,"84,625",4047160
69,-40,['B1A4'],이게 무슨 일이야,이게 무슨 일이야,"45,698",4105654
70,New,['박재범'],I Like 2 Party,I Like 2 Party,"10,043",4168683
71,-47,['바이브'],이 나이 먹도록,Organic Sound,"26,376",4115610
72,-11,['신용재'],가수가 된 이유,24,"89,676",3864961
73,-18,['이승철'],사랑하고 싶은 날,MY LOVE,"12,285",4142912
74,+14,['헨리 (HENRY)'],Trap (Feat. 규현&태민),The 1st Mini Album `Trap`,"35,515",4135141
75,-17,['비스트'],I`m Sorry,I`m Sorry,"31,519",4144135
76,New,['신승훈'],너에겐 들리지 않는 그 말,너의 목소리가 들려 OST Part.4,"8,601",4167283
77,-9,['프라이머리'],"씨스루 (Feat. Zion.T, 개코 Of 다이나믹듀오)",Primary And The Messengers LP,"89,975",3948908
78,New,['언터쳐블'],연락 좀 자주 해 (Feat. 앤드류 최),Call Me,"6,692",4171478
79,-36,['레인보우'],SUNSHINE,Rainbow Syndrome Part.2,"12,755",4127571
80,New,['에일리'],No No No,A`s Doll House,"13,360",4171463
81,New,['지나'],Love & Slow,Love & Slow,"3,462",4162284
82,-5,"['긱스 (Geeks)', '소유 (SOYOU)']","Officially Missing You, Too",re;code Episode I,"112,057",3946867
83,-18,['리쌍'],눈물 (Feat. 유진 Of 더 씨야),이단옆차기 프로젝트 Vol.02,"106,603",4020215
84,-67,['투개월'],Number 1,Number 1,"29,077",4123220
85,-51,['케이윌'],Love Blossom (러브블러썸),The 3rd Album Part.2 `Love Blossom (러브블러썸)`,"107,337",4076051
86,-37,['박재범'],좋아 (JOAH),JOAH,"91,759",4082812
87,-59,['조용필'],Bounce,Bounce,"66,670",4089360
88,New,['태연 (TAEYEON)'],BYE,미스터고 OST `BYE`,"13,112",4167428
89,New,['소울스타 (SOULSTAR)'],Call My Name,Call My Name,"37,674",4153568
90,New,['다이나믹 듀오'],"Airplane Mode (Feat. 이주한, 혜원 Of Winterplay, Simo)",Luckynumbers,"3,783",4160247
91,-60,['수지 (SUZY)'],나를 잊지말아요,구가의 서 OST Part.5,"27,916",4105693
92,New,['B.A.P'],Coffee Shop,Coffee Shop,"12,942",4149163
93,-57,['윤하 (YOUNHA)'],우리가 헤어진 진짜 이유,Just Listen,"71,018",4103251
94,New,['XIA (준수)'],Incredible (Feat. Quincy),INCREDIBLE,"23,239",4172974
95,New,['다이나믹 듀오'],슛 골인 (Shoot - Goal In),Luckynumbers,"5,694",4160249
96,-76,['이효리'],미스코리아,MONOCHROME,"38,610",4095862
97,-55,['린'],유리 심장 (Feat. 용준형 Of 비스트),8th #1 유리 심장,"37,000",4099386
98,New,['JUNIEL'],감동이 중요해 (Feat. 한해 Of 팬텀),DOKKUN Project Pt.3,"11,774",4178692
99,-78,['이승기'],마지막 그 한마디,마지막 그 한마디,"15,150",4124144
100,New,['Jessica (제시카)'],그대라는 한 사람,연애조작단 : 시라노 OST Part 4,"6,112",4161678
