﻿rank,rank_change,singer,title,album,like,song_code
1,+30,['허각'],Hello,LIKE 1st MINI ALBUM `First Story`,"81,491",3549031
2,New,['브라운아이드걸스'],Sixth Sense,Sixth Sense,"25,309",3557196
3,New,['투개월'],여우야,슈퍼스타K 3 Top11 Part 1,"19,355",3565243
4,-2,['다비치'],안녕이라고 말하지마,Love Delight,"61,904",3536905
5,New,['울랄라세션'],달의 몰락,슈퍼스타K 3 Top11 Part 1,"11,400",3565242
6,-5,['리쌍'],"TV를 껐네... (Feat. t윤미래, 권정열 Of 10cm)",AsuRa BalBalTa,"51,076",3527235
7,New,['버스커 버스커'],동경소녀,슈퍼스타K 3 Top11 Part 1,"39,530",3565240
8,+1,['카라'],STEP,KARA 3rd Album STEP,"23,450",3538478
9,+24,['성시경'],난 좋아,처음,"20,657",3550136
10,New,['지아'],내가 이렇지 (Feat. 하동균),Avancer,"14,091",3561276
11,+13,['다비치'],사랑 사랑아,Love Delight,"12,413",3536906
12,-8,['씨스타'],So Cool (쏘쿨),So Cool,"28,645",3521672
13,-10,['리쌍'],회상 (Feat. 백지영),AsuRa BalBalTa,"44,635",3534943
14,+24,['브라운아이드걸스'],Hotshot,Sixth Sense,"2,067",3551105
15,New,['이승기'],연애시대 (Feat. Ra.D) (Narr. 한효주),연애시대,"20,183",3573175
16,-9,['2NE1'],UGLY,2NE1 2nd Mini Album,"38,128",3509751
17,-11,['지나'],Top Girl,Top Girl,"7,942",3532821
18,New,['소녀시대 (GIRLS` GENERATION)'],The Boys,`The Boys` The 3rd Album,"20,608",3565193
19,New,['울랄라세션'],Open Arms (Journey) (Feat. 크리스티나),슈퍼스타K 3 Top11 Part 2,"7,857",3570032
20,New,['인피니트'],파라다이스 (Paradise),`Paradise` (정규 1집 스페셜 리패키지),"39,322",3558975
21,-7,['버벌진트'],좋아보여 (Feat. 검정치마),Go Easy,"63,408",3538775
22,+34,['SG 워너비'],사랑법,사랑법,"3,606",3550280
23,-18,['리쌍'],나란 놈은 답은 너다 (Feat. 하림),AsuRa BalBalTa,"35,899",3534941
24,New,['Tablo'],Airbag (feat. 나얼),"열꽃, Part 1","27,955",3574100
25,+3,['JYJ'],Get Out,Get Out,"6,446",3546001
26,+4,['지아'],그대이길 바래요 (With 케이윌),그대이길 바래요,"8,055",3545342
27,New,['투개월'],Poker Face (Lady GaGa),슈퍼스타K 3 Top11 Part 2,"3,084",3570030
28,New,['휘성 (Realslow)'],놈들이 온다,놈들이 온다,"4,963",3568879
29,+14,['LMFAO'],Party Rock Anthem (Feat. Lauren Bennett & Goon Rock),Party Rock Anthem,"23,090",3135148
30,New,['시크릿'],사랑은 Move,Moving In Secret,"9,691",3573326
31,+14,['김범수'],끝사랑,Solista Part.2,"110,176",3436083
32,-21,['티아라'],Roly-Poly,존트라볼타 워너비,"29,231",3457172
33,New,['오렌지 캬라멜'],샹하이 로맨스 (上海之戀),샹하이 로맨스 (上海之戀),"12,150",3570725
34,-24,['미쓰에이'],Good-bye Baby,A Class,"17,506",3488849
35,New,['알리 (ALi)'],뭐 이런 게 다 있어,뭐 이런 게 다 있어,"3,969",3562467
36,-16,"['디셈버', '제이세라']","가슴으로 운다 (Feat. 아이린, 윤미)",Love Harmony,"21,305",3524625
37,New,['김경호'],사랑과 우정 사이 (With 김연우) (피노키오),[나는 가수다] 경연10-1. `듀엣곡 부르기`,"17,986",3569458
38,+1,"['하동균', 'J.Lee']",기다릴게,공주의 남자 OST Part.3,"76,490",3520616
39,-2,['Maroon 5'],Moves Like Jagger (Feat. Christina Aguilera) (Studio Recording From The Voice Performance),Moves Like Jagger,"71,309",3457091
40,-32,['SUPER JUNIOR (슈퍼주니어)'],Mr. Simple,`Mr. Simple` The 5th Album,"10,538",3516563
41,New,['김건모'],어제보다 슬픈 오늘,自敍傳 (자서전) & Best,"43,843",3559933
42,-27,['2NE1'],내가 제일 잘 나가,내가 제일 잘 나가 (Digital Single),"23,296",3452769
43,New,['UV'],"Who Am I (Feat. 유희열, 정재형)",Who Am I,"3,102",3553178
44,-17,['포맨'],살다가 한번쯤,The Artist,"39,865",3427926
45,New,['클로버'],아는 오빠,아는 오빠,"3,127",3559100
46,+32,['JYJ'],In Heaven (Narr. 김정은),IN HEAVEN,"11,802",3550111
47,-30,['인피니트'],내꺼하자,Over The Top,"45,276",3488667
48,New,['사이먼 도미닉'],짠해 (Cheerz),Simon Dominic Presents `SNL LEAGUE BEGINS`,"33,526",3565173
49,-33,['GG (박명수 & G-Dragon)'],바람났어 (Feat. 박봄),무한도전 서해안 고속도로 가요제,"20,875",3467463
50,-37,['2NE1'],Hate You,2NE1 2nd Mini Album,"9,748",3488750
51,-2,['비스트'],비가 오는 날엔,비가 오는 날엔,"108,445",3397448
52,New,['울랄라세션'],미인,슈퍼스타K 3 Top11 Part 3,"5,369",3576488
53,New,['투개월'],Brown City,슈퍼스타K 3 Top11 Part 3,"7,503",3576490
54,New,['Tablo'],나쁘다 (feat. 진실),"열꽃, Part 1","15,131",3584075
55,-32,['백지영'],오늘도 사랑해,공주의 남자 OST Part.1,"12,993",3486450
56,-24,['성시경'],오 나의 여신님,처음,"9,936",3545207
57,-45,['10CM'],안아줘요,안아줘요,"24,993",3526967
58,+7,"['Nari & Milani', 'Cristian Marchi']",I Got My Eye On You (Cristian Marchi & Paolo Sandrini Perfect Edit) (Feat. Luciana),I Got My Eye On You,"15,409",2992122
59,New,['정엽'],눈물나,Part I : Me,"1,033",3570626
60,New,['버스커 버스커'],정류장,슈퍼스타K 3 Top11 Part 3,"64,857",3576486
61,-40,['걸스데이'],"너, 한눈 팔지마!",Girl`s Day Party #4,"7,745",3540493
62,New,['김경호'],못찾겠다 꾀꼬리 (조용필),[나는 가수다] 경연9-2. `조용필 스페셜`,"1,648",3565219
63,-41,['현아'],Bubble Pop!,Bubble Pop!,"22,686",3468048
64,New,['김보경 (NEON)'],아파,GroWing,"3,752",3553954
65,-29,['처진 달팽이 (유재석 & 이적)'],압구정 날라리,무한도전 서해안 고속도로 가요제,"15,345",3467466
66,-47,['달샤벳'],블링블링 (Bling Bling),Bling Bling,"2,199",3522389
67,New,['이영현'],사랑이라 쓰고 아픔이라 부른다,박근태 Black Label 3,"1,811",3572627
68,New,['SUPER JUNIOR (슈퍼주니어)'],A-CHA,`Mr. Simple` The 5th Album Repackage,"4,154",3552380
69,New,['버스커 버스커'],Livin`La Vida Loca (Ricky Martin),슈퍼스타K 3 Top11 Part 2,"3,529",3570031
70,New,['메이비 (Maybee)'],Goodbye Valentine,Goodbye Valentine,"2,080",3554844
71,-1,['에이트'],그 입술을 막아본다,8eight,"14,584",3446888
72,+4,['브레이브걸스'],툭하면 (Feat. Skull),Back To Da Future,"4,620",3507555
73,-7,['비스트'],Fiction,Fiction And Fact,"56,301",3403761
74,New,['보이프렌드'],내 여자 손대지마 (Don`t Touch My Girl),내 여자 손대지마,"6,125",3562113
75,New,['FTISLAND (FT아일랜드)'],새들처럼,MEMORY IN FTISLAND,"11,592",3568873
76,New,['먼데이 키즈 (Monday Kiz)'],다음 사람에게는,Nostalgia Part 3-2,"2,994",3566254
77,New,['윤민수(바이브)'],체념 (With 이영현) (빅마마),[나는 가수다] 경연10-1. `듀엣곡 부르기`,"4,531",3569455
78,New,['김현중'],Lucky Guy,Lucky,"1,730",3571022
79,New,"['린', '나윤권']",CHU! POP! CHU!,나는 작사가다 Season 02 `CHU! POP! CHU!`,"5,710",3555488
80,New,['Jason Mraz'],The World As I See It,The World As I See It,"3,163",3555275
81,New,['노을'],그리워 그리워,그리움,"64,297",3585793
82,New,['성시경'],네가 불던 날,처음,"5,412",3550135
83,New,['효린'],내겐 너니까,영광의 재인 OST Part.1,"4,287",3579243
84,-32,['시크릿'],별빛달빛,별빛달빛,"20,964",3424822
85,-13,['유키스'],NEVERLAND,NEVERLAND,"2,402",3540354
86,New,['이정아'],Desperado (Eagles),슈퍼스타K 3 Top11 Part 2,"4,382",3570026
87,New,['백지영'],여기가 아파,천일의 약속 OST Part.1,"3,219",3577017
88,New,['성시경'],우리 참 좋았는데 (Duet With 박정현),처음,"17,572",3550137
89,New,['바비 킴'],물레방아 인생 (With 부가킹즈) (조영남),[나는 가수다] 경연10-1. `듀엣곡 부르기`,598,3569457
90,New,['간미연'],안만나,Obsession,551,3560635
91,New,['김지수'],가을이 오네요,가을이 오네요,"2,387",3563473
92,-67,['리쌍'],"Grand Final (Feat. 정인, MC 날유)",Grand Final,"4,137",3509748
93,-18,['먼데이 키즈 (Monday Kiz)'],너를 처음 만난 그때,Nostalgia Part.3,"2,344",3546214
94,New,['양요섭'],안돼,포세이돈 OST Part.1,"11,551",3560127
95,New,['김장훈'],이별 참 나답다 (With 김희철),이별 참 나답다,675,3559847
96,New,['성훈 (브라운 아이드 소울)'],Marry Me,Lyrics Within My Story,"2,025",3555310
97,-79,['리쌍'],"Serenade (Feat. 개코 Of Dynamic Duo, Windy City)",AsuRa BalBalTa,"3,046",3534942
98,-63,['2PM'],Hands Up,Hands Up,"11,616",3448185
99,-35,['틴탑'],향수 뿌리지마,Roman,"10,876",3498780
100,New,['소녀시대 (GIRLS` GENERATION)'],MR.TAXI (Korean Ver.),`The Boys` The 3rd Album,"11,246",3579341
