﻿rank,rank_change,singer,title,album,like,song_code
1,New,['씨스타'],Loving U (러빙유),Summer Special `Loving U`,"82,321",3837683
2,New,['2NE1'],I Love You,I Love You,"68,641",3847197
3,New,['티아라'],DAY BY DAY,DAY BY DAY,"41,898",3840800
4,+64,['버스커 버스커'],정말로 사랑한다면,버스커 버스커 1집 마무리,"106,792",3832101
5,+71,['이현'],가슴이 시린 게,신사의 품격 OST Part 3,"50,195",3822632
6,New,['싸이 (PSY)'],강남스타일,싸이6甲 Part.1,"153,288",3853978
7,+6,['f(x)'],Electric Shock,`Electric Shock` The 2nd Mini Album,"37,878",3822622
8,New,['허각'],한사람,한사람 (빅 OST),"46,442",3834908
9,+83,['버스커 버스커'],그댈 마주하는건 힘들어 (그마힘),버스커 버스커 1집 마무리,"67,838",3832098
10,New,['버벌진트'],충분히 예뻐 (feat. 산체스 Of 팬텀),10년동안의오독 I,"66,117",3832079
11,-10,['원더걸스'],Like this,Wonder Party,"35,419",3815739
12,-10,['BIGBANG'],MONSTER,BIGBANG SPECIAL EDITION `STILL ALIVE`,"74,290",3818487
13,New,['포맨'],안되겠더라,각시탈 OST Part.2,"24,551",3837815
14,New,['JUNIEL'],illa illa (일라 일라),My First June,"75,078",3820647
15,New,['처진 달팽이 (유재석 & 이적)'],방구석 날라리,방구석 날라리,"14,343",3843986
16,+22,['버벌진트'],굿모닝 (Feat. 권정열 Of 10cm),굿모닝,"62,138",3820695
17,New,['이종현 (CNBLUE)'],내 사랑아,신사의 품격 OST Part 5,"63,852",3848972
18,New,['버스커 버스커'],소나기 (주르르루),버스커 버스커 1집 마무리,"29,203",3832100
19,New,['비스트'],Midnight (별 헤는 밤),Midnight (별 헤는 밤),"62,771",3854238
20,-17,['아이유'],하루 끝,스무 살의 봄,"123,143",3795586
21,New,['2BIC(투빅)'],Love Again (Feat. 에일리),HU+MAN,"17,810",3833409
22,-12,['형돈이와 대준이'],안좋을때 들으면 더 안좋은 노래,껭스타랩 볼륨 1,"32,426",3818839
23,New,['애프터스쿨'],Flashback,AFTERSCHOOL 5th Maxi-Single (Korea Release),"11,783",3827879
24,New,['버스커 버스커'],네온사인,버스커 버스커 1집 마무리,"24,459",3832099
25,-21,['지나'],2HOT,BLOOM,"14,755",3808405
26,New,['SUPER JUNIOR (슈퍼주니어)'],"Sexy, Free & Single","Sexy, Free & Single","14,088",3842500
27,-20,['씨스타'],나혼자 (Alone),ALONE,"56,014",3763493
28,New,['김진표'],미안해서 미안해 (Feat. G.NA),JP6,"40,028",3840677
29,-17,['BIGBANG'],STILL ALIVE,BIGBANG SPECIAL EDITION `STILL ALIVE`,"42,488",3818486
30,New,['브라운아이드걸스'],한 여름 밤의 꿈,Brown Eyed Girls The Original,"24,264",3853074
31,-26,['백지영'],목소리 (Feat. 개리 Of 리쌍),Good Boy,"35,100",3791867
32,New,['싸이 (PSY)'],뜨거운 안녕 (Feat. 성시경),싸이6甲 Part.1,"62,232",3853977
33,+4,['김태우'],High High,신사의 품격 OST Part 1,"23,496",3814176
34,+8,['울랄라세션'],굿바이데이,각시탈 OST Part.1,"24,488",3824467
35,-29,['소녀시대-태티서 (Girls` Generation-TTS)'],Twinkle,`Twinkle` Mini Album,"46,275",3783041
36,New,['디셈버'],Unfinished,Unfinished,"8,553",3848536
37,-28,['울랄라세션'],아름다운 밤,ULALA SENSATION Part 1,"37,772",3798160
38,New,['싸이 (PSY)'],청개구리 (Feat. G-Dragon),싸이6甲 Part.1,"20,918",3853976
39,-31,['백지영'],Good Boy (Feat. 용준형 Of 비스트),Good Boy,"15,882",3804268
40,New,['Apink (에이핑크)'],BUBIBU (Remix Ver.),BUBIBU,"19,685",3848383
41,-24,['버스커 버스커'],벚꽃 엔딩,버스커 버스커 1집,"343,122",3753304
42,New,['Maroon 5'],One More Night,Overexposed (Deluxe Edition),"24,419",3835666
43,-21,['틴탑'],To You,aRtisT,"20,891",3811437
44,-28,['인피니트'],추격자,INFINITIZE,"63,620",3801396
45,New,['원더걸스'],Like Money (Feat. Akon),Like Money,"8,334",3847659
46,New,['길미'],내가 먼저 (Feat. 은지원),내가 먼저,"9,322",3852737
47,New,['보아 (BoA)'],Only One,Only One,"83,156",3859894
48,+7,['신보라'],그리워 운다,유령 OST Part.2,"9,483",3825475
49,-31,['B1A4'],잘자요 굿나잇,THE B1A4Ⅰ`IGNITION` SPECIAL EDITION,"40,235",3811406
50,New,['노을'],사랑이라면,사랑이라면 (빅 OST),"15,860",3828032
51,New,['싸이 (PSY)'],어땠을까 (Feat. 박정현),싸이6甲 Part.1,"115,834",3853980
52,-41,['용감한 녀석들'],I 돈 Care (Feat. 서수민PD),용감한 녀석들,"17,773",3800393
53,New,['싸이 (PSY)'],"77학개론 (Feat. 리쌍, 김진표)",싸이6甲 Part.1,"27,578",3853979
54,-34,['디셈버'],She`s Gone,She`s Gone,"25,073",3787653
55,-41,['마이티 마우스'],나쁜놈 (Feat. 소야),나쁜놈,"21,081",3796159
56,+5,['다비치'],너라서,너라서 (빅 OST),"16,370",3818472
57,-23,['버스커 버스커'],여수 밤바다,버스커 버스커 1집,"140,276",3753303
58,-31,['버스커 버스커'],첫사랑,버스커 버스커 1집,"98,033",3753302
59,-7,['달샤벳'],Mr. BangBang,THE 1ST ALBUM `BANG BANG`,"11,685",3820624
60,New,['양파'],사랑... 어떡하나요,신사의 품격 OST Part 4,"12,923",3834749
61,-32,['허각'],나를 사랑했던 사람아,LACRIMOSO,"91,315",3758104
62,New,['제국의아이들 (ZE:A)'],후유증,SPECTACULAR,"24,259",3846001
63,New,['임재범'],이 또한 지나 가리라,TO...,"13,759",3851548
64,New,['장우영'],Sexy Lady,"23, Male, Single","7,844",3846706
65,-22,['Maroon 5'],Payphone (Feat. Wiz Khalifa),Payphone,"95,952",3774133
66,-41,['Apink (에이핑크)'],HUSH,UNE ANNEE,"30,764",3796613
67,+10,['비스트'],미운사람,미운사람 (빅 OST),"28,802",3822585
68,-19,['프라이머리'],"씨스루 (Feat. 개코, Zion.T)",Primary And The Messengers Part 3,"39,478",3779134
69,New,['버스커 버스커'],기다려주세요,버스커 버스커 1집 마무리,"11,941",3832102
70,-31,['버스커 버스커'],꽃송이가,버스커 버스커 1집,"82,500",3753309
71,-56,['박진영'],너뿐이야 (You`re The One),Spring 새로운 사랑에게 보내는 다섯곡의 노래,"28,950",3786914
72,-40,['프라이머리'],"입장정리 (Feat. 최자, Simon D)",Primary And The Messengers Part 4,"29,854",3813657
73,-50,['BIGBANG'],EGO,BIGBANG SPECIAL EDITION `STILL ALIVE`,"31,833",3818493
74,-34,['케이윌'],지금처럼 (We Never Go Alone),지금처럼 (We Never Go Alone),"7,858",3822491
75,New,['수지 (SUZY)'],그래도 사랑해,그래도 사랑해 (빅 OST),"12,852",3854029
76,New,['레드애플'],Run To You (Swing),Run To You,"3,321",3843387
77,-42,['BIGBANG'],FANTASTIC BABY,빅뱅 미니앨범 5집 `ALIVE`,"88,413",3715676
78,New,['윤하 (YOUNHA)'],Run,Supersonic,"14,920",3843476
79,New,['10CM'],Only U,로맨스가 필요해 2012 OST Part 1,"7,971",3827555
80,-21,['Maroon 5'],Moves Like Jagger (Feat. Christina Aguilera) (Studio Recording From The Voice Performance),Moves Like Jagger,"71,309",3457091
81,+5,['윤하 (YOUNHA)'],우린 달라졌을까 (With John Park),Supersonic,"18,864",3826678
82,-52,"['2BIC(투빅)', '다비치']",오늘같은 밤이면,조영수 All Star - 투빅&다비치,"23,783",3805813
83,New,['용감한 녀석들'],봄 여름 여름 여름,용감한 녀석들 Summer Single,"12,874",3859717
84,New,['장동건'],나보다 더,신사의 품격 OST Part 6,"7,652",3849090
85,-31,"['양요섭', '정은지']",LOVE DAY,`A Cube` For Season # Green,"79,415",3734735
86,New,['싸이 (PSY)'],Never Say Goodbye (Feat. 윤도현),싸이6甲 Part.1,"10,675",3853981
87,New,['소울스타 (SOULSTAR)'],Good-Bye Luv,Revive,"1,943",3842474
88,New,['소향'],I Have Nothing (Whitney Houston),`나는 가수다 2` 7월 B조 경연,"9,405",3849643
89,New,['조권'],I`m Da One (Feat. Zion.T),I`m Da One,"3,262",3827998
90,-40,['원더걸스'],Girlfriend,Wonder Party,"25,112",3815741
91,New,['비스트'],아름다운 밤이야,Midnight Sun,"65,944",3860282
92,-61,['BIGBANG'],빙글빙글,BIGBANG SPECIAL EDITION `STILL ALIVE`,"20,577",3818492
93,New,['에일리'],인연,불후의 명곡 - 전설을 노래하다 (윤일상편),"5,423",3843118
94,New,['김진표'],아저씨 (Feat. 제이레빗),아저씨 (Feat. 제이레빗),"34,261",3830327
95,-71,['BIGBANG'],FEELING,BIGBANG SPECIAL EDITION `STILL ALIVE`,"19,100",3818488
96,-40,['버스커 버스커'],외로움증폭장치 (브래드 드럼 한판 쉬기),버스커 버스커 1집,"54,562",3753305
97,-17,['이석훈'],연애의 시작,Y.BIRD From Jellyfish With 이석훈,"8,400",3824773
98,-65,['4minute'],Volume Up,Volume Up,"21,192",3764899
99,-48,['에일리'],Heaven,Heaven,"69,395",3701333
100,New,['박정현'],미안해,Parallax,"11,221",3828883
