﻿rank,rank_change,singer,title,album,like,song_code
1,New,['10CM'],봄이 좋냐??,3.2,"142,163",8124417
2,-1,['다비치'],이 사랑,태양의 후예 OST Part.3,"139,282",8071102
3,+2,['거미'],You Are My Everything,태양의 후예 OST Part.4,"119,202",8089568
4,+13,['케이윌'],말해! 뭐해?,태양의 후예 OST Part.6,"95,911",8102386
5,+24,['장범준'],사랑에 빠졌죠 (당신만이),장범준 2집,"66,639",8104509
6,-2,['윤미래'],ALWAYS,태양의 후예 OST Part.1,"107,443",8053157
7,+7,"['매드클라운', '김나영']",다시 너를,태양의 후예 OST Part.5,"73,038",8100402
8,-5,"['첸 (CHEN)', '펀치 (Punch)']",Everytime,태양의 후예 OST Part.2,"126,181",8067023
9,-7,['마마무(Mamamoo)'],넌 is 뭔들,Melting,"106,012",8068881
10,-3,['엠씨더맥스'],어디에도,pathos,"197,386",8033528
11,-5,['여자친구 (GFRIEND)'],시간을 달려서 (Rough),여자친구 3rd Mini Album `SNOWFLAKE`,"152,983",8028701
12,New,['블락비 (Block B)'],Toy,Blooming Period,"105,566",8138940
13,New,['XIA (준수)'],How Can I Love You,태양의 후예 OST Part.10,"72,890",8141498
14,-5,['지코 (ZICO)'],너는 나 나는 너,Break Up 2 Make Up,"140,226",8028724
15,New,['SG 워너비'],사랑하자,태양의 후예 OST Part.8,"59,766",8122589
16,New,['로꼬'],너도 (Feat. Cha Cha Malone),너도,"61,941",8129245
17,+24,['소녀온탑'],같은 곳에서,PRODUCE 101 - 35 Girls 5 Concepts,"81,587",8104431
18,New,['정은지'],하늘바라기 (Feat. 하림),Dream,"135,738",8148487
19,-11,['이하이'],한숨,SEOULITE,"227,220",8086947
20,-2,['버스커 버스커'],벚꽃 엔딩,버스커 버스커 1집,"343,123",3753304
21,New,['블락비 (Block B)'],몇 년 후에,몇 년 후에,"60,948",8115189
22,+6,['장범준'],그녀가 곁에 없다면 (결혼 행진곡을 활용한 신곡),장범준 2집,"58,437",8104514
23,+37,['7 go up'],Yum-Yum (얌얌),PRODUCE 101 - 35 Girls 5 Concepts,"35,633",8104430
24,-12,"['에릭남 (Eric Nam)', '웬디 (WENDY)']",봄인가 봐 (Spring Love),봄인가 봐 (Spring Love) - SM STATION,"90,161",8077712
25,New,['엠씨더맥스'],"그대, 바람이 되어",태양의 후예 OST Part.9,"38,443",8129740
26,-13,['PRODUCE 101'],PICK ME,PRODUCE 101 - PICK ME,"55,300",7982920
27,-12,['Crush'],잊어버리지마 (Feat. 태연),잊어버리지마,"156,910",8026677
28,-2,['지코 (ZICO)'],Boys And Girls (Feat. Babylon),Boys and Girls,"148,638",7911687
29,New,['린'],With You,태양의 후예 OST Part.7,"25,670",8109957
30,New,"['첸 (CHEN)', '헤이즈 (Heize)', '바이브']",썸타 (Lil` Something),썸타 (Lil` Something) - SM STATION,"54,166",8136765
31,+31,['장범준'],빗속으로,장범준 2집,"25,909",8104512
32,-16,['TWICE (트와이스)'],OOH-AHH하게,THE STORY BEGINS,"147,272",7891119
33,New,['DEAN'],D (half moon) (Feat. 개코),130 mood : TRBL,"215,612",8109412
34,-14,['여자친구 (GFRIEND)'],오늘부터 우리는 (Me Gustas Tu),여자친구 2nd Mini Album `Flower Bud`,"129,756",5791706
35,-24,['태연 (TAEYEON)'],Rain,Rain - SM STATION,"152,650",8042553
36,-26,['지민 (AOA)'],야 하고 싶어 (Feat. 시우민 of EXO),야 하고 싶어,"58,752",8075429
37,-13,['임창정'],또 다시 사랑,또 다시 사랑,"194,725",7861392
38,-19,"['수지 (SUZY)', '백현 (BAEKHYUN)']",Dream (Prod. by 박근태),Dream,"175,617",8005879
39,+11,"['HIGH4 (하이포)', '아이유']",봄 사랑 벚꽃 말고,봄 사랑 벚꽃 말고,"175,987",4579468
40,+48,['Pinkrush'],Fingertips,PRODUCE 101 - 35 Girls 5 Concepts,"36,140",8104428
41,-20,['이적'],걱정말아요 그대,응답하라 1988 OST Part.2,"160,607",7921208
42,-9,['지코 (ZICO)'],유레카 (Feat. Zion.T),GALLERY,"91,778",7965449
43,-18,['이하이'],손잡아 줘요,SEOULITE,"40,802",8086946
44,+52,['장범준'],봄비,장범준 2집,"40,318",8104513
45,New,['비투비'],봄날의 기억,Remember that,"95,996",8115192
46,New,['아이오아이 (I.O.I)'],Crush,PRODUCE 101 - Crush,"31,297",8129783
47,+10,"['Jessie J', 'Ariana Grande', 'Nicki Minaj']",Bang Bang,Bang Bang,"79,311",4774191
48,New,['TWICE (트와이스)'],CHEER UP,PAGE TWO,"215,356",8158031
49,-19,['오혁'],소녀,응답하라 1988 OST Part.3,"177,372",7942948
50,-16,['김범수'],그댄 행복에 살텐데,투유 프로젝트 - 슈가맨 Part.16,"37,241",8042169
51,+12,"['로꼬', '유주 (여자친구)']",우연히 봄,냄새를 보는 소녀 OST Part.2,"126,658",5650996
52,New,['10CM'],스토커,3.0,"200,724",5466962
53,-31,['마마무(Mamamoo)'],I Miss You,I Miss You,"71,926",8036303
54,-23,['개리'],또 하루 (Feat. 개코),또 하루,"76,776",7999021
55,+23,['하현우 (국카스텐)'],Don`t Cry (우리 동네 음악대장),복면가왕 50회,"42,625",8094566
56,-33,['마마무(Mamamoo)'],1cm의 자존심,1cm의 자존심,"43,822",8049264
57,New,['장범준'],사랑에 빠져요 (금세 사랑에 빠지는),장범준 2집,"17,816",8104515
58,-31,['WINNER'],센치해,EXIT : E,"75,214",8038492
59,-4,['Sam Smith'],I`m Not The Only One,In The Lonely Hour,"218,002",4660794
60,+7,['Justin Bieber'],Love Yourself,Purpose (Deluxe),"210,500",7931286
61,New,['에릭남 (Eric Nam)'],Good For You,INTERVIEW,"52,736",8109960
62,New,['마마무(Mamamoo)'],기대해도 좋은 날,LG G5 & Friends OST,"26,245",8127341
63,-31,['케이윌'],니가 하면 로맨스 (Feat. 다비치),니가 하면 로맨스,"48,503",8004377
64,-28,['러블리즈'],Ah-Choo,Lovelyz8,"79,108",7870472
65,-26,['백예린'],우주를 건너,FRANK,"128,821",7953958
66,-23,['지코 (ZICO)'],사랑이었다 (Feat. 루나 of f(x)),Break Up 2 Make Up,"100,453",8028725
67,+19,['기리보이'],예쁘잖아,예쁘잖아,"69,561",8101027
68,-26,['거미'],친구라도 될 걸 그랬어,Like Them,"75,843",418598
69,-15,"['Crush', '로꼬']",아마도 그건,투유 프로젝트 - 슈가맨 Part.3,"80,553",7912749
70,New,['화려강산'],Don`t Matter,PRODUCE 101 - 35 Girls 5 Concepts,"20,288",8104429
71,-23,['iKON'],취향저격,WELCOME BACK,"148,428",7854179
72,-26,['태연 (TAEYEON)'],I (Feat. 버벌진트),I - The 1st Mini Album,"181,677",7877917
73,New,['장범준'],홍대와 건대 사이,장범준 2집,"25,513",8104517
74,-3,"['MINO (송민호)', '지코 (ZICO)']",Okey Dokey,쇼미더머니 4 Episode 6,"83,967",5835766
75,New,['CNBLUE (씨엔블루)'],이렇게 예뻤나 (YOU`RE SO FINE),BLUEMING,"20,303",8126691
76,-27,['정준영'],공감 (Feat. 서영은),공감,"88,626",8065398
77,-30,['Adele'],Hello,Hello,"149,760",7899235
78,-25,['아이유'],스물셋,CHAT-SHIRE,"145,030",7896508
79,-27,['Zion.T'],No Make Up,No Make Up,"128,288",7881505
80,+15,['버스커 버스커'],꽃송이가,버스커 버스커 1집,"82,500",3753309
81,-44,['김나영'],어땠을까,어땠을까,"72,328",7998349
82,-44,['김필'],청춘 (Feat. 김창완),응답하라 1988 OST Part.1,"81,287",7909196
83,New,['장범준'],그녀가 웃었죠,장범준 2집,"10,474",8104510
84,New,['블락비 (Block B)'],Walkin` In The Rain,Blooming Period,"37,987",8138942
85,-26,['AOA'],심쿵해 (Heart Attack),Heart Attack,"87,469",5748406
86,-10,['Red Velvet (레드벨벳)'],7월 7일 (One Of These Nights),The Velvet - The 2nd Mini Album,"65,432",8098471
87,New,['버스커 버스커'],여수 밤바다,버스커 버스커 1집,"140,275",3753303
88,-27,['MINO (송민호)'],겁 (Feat. 태양),쇼미더머니 4 Episode 5,"145,794",5826447
89,New,['태연 (TAEYEON)'],제주도의 푸른 밤,밴드 고맙삼다,"63,055",8141272
90,New,['장범준'],떠나야만해,장범준 2집,"15,016",8104511
91,New,['Make Some Noise'],24시간,PRODUCE 101 - 35 Girls 5 Concepts,"24,511",8104427
92,New,['바이브'],1년 365일 (Feat. 거미),Repeat,"18,382",8154292
93,-8,['스탠딩 에그'],무지개 (Feat. 윤닭 Of 오브로젝트),The Artist Diary Project Part.12,"48,181",8094460
94,New,['블락비 (Block B)'],사랑이었다 (Song By 태일),Blooming Period,"52,669",8138941
95,New,['하현우 (국카스텐)'],하여가 (何如歌) (우리 동네 음악대장),복면가왕 54회,"20,712",8138938
96,New,['박진영'],살아있네,Still Alive,"11,019",8138930
97,New,['헤이즈 (Heize)'],돌아오지마 (Feat. 용준형 Of 비스트),돌아오지마,"174,034",8143111
98,-54,['장범준'],회상,시그널 OST Part.1,"48,895",8038458
99,New,['이하이'],MY STAR,SEOULITE,"26,816",8152433
100,-55,['노을'],함께,응답하라 1988 OST Part.7,"64,209",7985298
