﻿rank,rank_change,singer,title,album,like,song_code
1,+33,['AKMU (악동뮤지션)'],"어떻게 이별까지 사랑하겠어, 널 사랑하는 거지",항해,"270,849",32061975
2,+5,['장범준'],흔들리는 꽃들 속에서 네 샴푸향이 느껴진거야,멜로가 체질 OST Part 3,"196,641",32003395
3,+50,['임재현'],조금 취했어 (Prod. 2soo),조금 취했어,"87,312",32059630
4,-1,['볼빨간사춘기'],워커홀릭,Two Five,"121,012",32038651
5,-4,['폴킴'],안녕,호텔 델루나 OST Part.10,"154,267",31984204
6,-4,['마크툽 (MAKTUB)'],오늘도 빛나는 너에게 (To You My Light) (Feat.이라온),Red Moon : To You My Light,"183,401",31853557
7,+18,['전상근'],사랑이란 멜로는 없어,사랑이란 멜로는 없어,"93,989",32034629
8,-0,['HYNN (박혜원)'],시든 꽃에 물을 주듯,시든 꽃에 물을 주듯,"148,498",31703498
9,New,['송하예'],새 사랑,새 사랑,"80,940",32091557
10,-4,['케이시 (Kassy)'],가을밤 떠난 너,Rewind,"83,014",32031043
11,New,['장덕철'],있어줘요,있어줘요,"63,285",32085144
12,New,['폴킴'],허전해,"정규 2집 '마음, 하나'","62,320",32081871
13,-2,['송하예'],니 소식,니 소식,"172,548",31788850
14,-10,['거미'],기억해줘요 내 모든 날과 그때를,호텔 델루나 OST Part.7,"125,398",31967064
15,-5,['황인욱'],포장마차,포장마차,"117,560",31873020
16,+63,['TWICE (트와이스)'],Feel Special,Feel Special,"77,631",32057802
17,-12,['휘인 (Whee In)'],헤어지자 (Prod. 정키),soar,"88,829",32028531
18,+10,['펀치 (Punch)'],가끔 이러다,가끔 이러다,"53,530",32048693
19,-4,['Anne-Marie'],2002,Speak Your Mind (Deluxe),"304,360",31029291
20,New,['헤이즈 (Heize)'],떨어지는 낙엽까지도,만추,"43,885",32091434
21,-4,['임재현'],사랑에 연습이 있었다면 (Prod. 2soo),사랑에 연습이 있었다면,"191,121",31324607
22,-13,['태연 (TAEYEON)'],그대라는 시,호텔 델루나 OST Part.3,"161,120",31938460
23,-10,"['장혜진', '윤민수(바이브)']",술이 문제야,술이 문제야,"141,459",31870517
24,-1,"['Shawn Mendes', 'Camila Cabello']",Señorita,Señorita,"132,994",31877297
25,New,['첸 (CHEN)'],우리 어떻게 할까요,사랑하는 그대에게 - The 2nd Mini Album,"93,589",32073454
26,-5,['먼데이 키즈 (Monday Kiz)'],사랑이 식었다고 말해도 돼,사랑이 식었다고 말해도 돼,"90,837",31829536
27,New,['지코 (ZICO)'],"천둥벌거숭이 (Feat. Jvcki Wai, 염따)",THINKING Part.1,"52,423",32071685
28,-4,['Billie Eilish'],bad guy,"WHEN WE ALL FALL ASLEEP, WHERE DO WE GO?","213,591",31701428
29,+3,['폴킴'],"모든 날, 모든 순간 (Every day, Every Moment)",`키스 먼저 할까요?` OST Part.3,"318,709",30962526
30,-11,['벤'],헤어져줘서 고마워,헤어져줘서 고마워,"118,498",31901475
31,-4,['방탄소년단'],작은 것들을 위한 시 (Boy With Luv) feat. Halsey,MAP OF THE SOUL : PERSONA,"344,805",31737197
32,-2,"['창모 (CHANGMO)', 'Hash Swan', 'ASH ISLAND', '김효은']",BAND,BAND,"105,107",31854689
33,-21,['펀치 (Punch)'],Done For Me,호텔 델루나 OST Part.12,"88,022",31993173
34,-20,['벤'],내 목소리 들리니,호텔 델루나 OST Part.9,"61,594",31983112
35,-13,['10CM'],나의 어깨에 기대어요,호텔 델루나 OST Part.2,"85,029",31938046
36,New,['지코 (ZICO)'],사람,THINKING Part.1,"58,475",32071687
37,-4,['V.O.S'],다시 만날까 봐,다시 만날까 봐,"55,932",32021744
38,-7,['Naomi Scott'],"Speechless (Full) (From ""Aladdin""/Soundtrack Version)",Aladdin (Original Motion Picture Soundtrack),"216,798",31815967
39,-0,['폴킴'],너를 만나,너를 만나,"249,511",31388145
40,-5,['닐로(Nilo)'],벗,벗,"48,895",32006650
41,New,['AKMU (악동뮤지션)'],달,항해,"39,367",32061976
42,-13,['김나영'],솔직하게 말해서 나,솔직하게 말해서 나,"119,326",31854442
43,+3,['태연 (TAEYEON)'],사계 (Four Seasons),사계 (Four Seasons),"203,840",31688205
44,-24,['헤이즈 (Heize)'],내 맘을 볼 수 있나요,호텔 델루나 OST Part.5,"80,857",31952592
45,-27,['선미'],날라리 (LALALAY),날라리 (LALALAY),"48,824",32012356
46,-4,['케이시 (Kassy)'],그때가 좋았어,그때가 좋았어,"191,841",31524320
47,-9,['다비치'],너에게 못했던 내 마지막 말은,너에게 못했던 내 마지막 말은,"121,820",31804010
48,-0,['Lauv'],Paris In The Rain,I met you when I was 18. (the playlist),"182,428",31341518
49,New,['MC몽'],"인기 (Feat. 송가인, 챈슬러)",CHANNEL 8,"68,433",32128104
50,-3,['장범준'],노래방에서,장범준 3집,"159,149",31684636
51,-25,['ITZY (있지)'],ICY,IT`z ICY,"73,434",31955739
52,-9,['이우'],내 안부,내 안부,"51,470",31929663
53,-37,['Crush'],나빠(NAPPA),나빠(NAPPA),"72,593",32014102
54,-17,['멜로망스'],인사,인사,"71,852",31914848
55,+2,['첸 (CHEN)'],사월이 지나면 우리 헤어져요 (Beautiful goodbye),"사월, 그리고 꽃 - The 1st Mini Album","158,965",31706215
56,-5,['잔나비'],주저하는 연인들을 위해,전설,"241,531",31666417
57,-16,['청하'],Snapping,Flourishing,"97,840",31879867
58,New,['이우'],이별행동,이별행동,"32,780",32080223
59,-7,['TWICE (트와이스)'],FANCY,FANCY YOU,"114,806",31754579
60,-15,"['스윙스', 'Kid Milli', '매드클라운']","담아 (Feat. 염따, pH-1) (Prod. BOYCOLD)",쇼미더머니 8 Episode 1,"50,622",32006890
61,-2,['Imagine Dragons'],Believer,Evolve,"154,393",30227238
62,-2,['BewhY (비와이)'],가라사대,The Movie Star,"67,958",31949142
63,-27,"['먼데이 키즈 (Monday Kiz)', '펀치 (Punch)']",Another Day,호텔 델루나 OST Part.1,"63,924",31924110
64,+6,['에이치코드 (H:CODE)'],꿈속에 너 (Feat. 전상근),두 번째 이야기,"60,715",8119658
65,-10,['폴킴'],비,비,"241,281",8235260
66,-17,['기리보이'],"아퍼 (Feat. Kid Milli, Lil tachi, 김승민, NO:EL, C JAMM)",100년제전문대학,"83,019",31856628
67,New,['AKMU (악동뮤지션)'],FREEDOM,항해,"35,909",32061977
68,New,['MC몽'],샤넬 (Feat. 박봄),CHANNEL 8,"36,477",32128105
69,-8,['엠씨더맥스'],사계 (하루살이),Circular,"102,152",31532642
70,New,['AKMU (악동뮤지션)'],물 만난 물고기,항해,"31,871",32061974
71,+2,['방탄소년단'],봄날,YOU NEVER WALK ALONE,"459,265",30244931
72,-16,['디오 (D.O.)'],괜찮아도 괜찮아 (That`s okay),괜찮아도 괜찮아 (That`s okay) - SM STATION,"149,057",31893681
73,-15,['ITZY (있지)'],달라달라,IT`z Different,"138,065",31606729
74,New,['첸 (CHEN)'],널 안지 않을 수 있어야지,사랑하는 그대에게 - The 2nd Mini Album,"52,943",32073457
75,New,['AKMU (악동뮤지션)'],밤 끝없는 밤,항해,"31,218",32061980
76,-14,['박효신'],Goodbye,Goodbye,"136,193",31777113
77,-27,['헤이즈 (Heize)'],We don`t talk together (Feat. 기리보이) (Prod. SUGA),We don`t talk together,"99,566",31908033
78,-34,['X1 (엑스원)'],FLASH,비상 : QUANTUM LEAP,"78,350",32012743
79,-39,['Red Velvet (레드벨벳)'],음파음파 (Umpah Umpah),‘The ReVe Festival’ Day 2,"64,142",31998495
80,New,['헤이즈 (Heize)'],만추 (Feat. Crush),만추,"23,396",32091435
81,-5,['방탄소년단'],IDOL,LOVE YOURSELF 結 `Answer`,"285,935",31266290
82,New,['이해리 (다비치)'],나만 아픈 일,나만 아픈 일,"21,588",32057588
83,-14,['숀 (SHAUN)'],Way Back Home,Take,"285,363",31151836
84,-21,['볼빨간사춘기'],XX,Two Five,"31,505",32038653
85,New,['AKMU (악동뮤지션)'],뱃노래,항해,"31,754",32061973
86,New,['오반'],전화를 할까봐,전화를 할까봐,"17,286",32080241
87,-20,['볼빨간사춘기'],"나만, 봄",사춘기집Ⅰ 꽃기운,"139,599",31709523
88,New,['기리보이'],호랑이소굴 (Feat. Jvcki Wai),호랑이소굴,"45,078",32091615
89,New,['태연 (TAEYEON)'],불티 (Spark),Purpose - The 2nd Album,"85,985",32130396
90,-22,['엔플라잉 (N.Flying)'],옥탑방 (Rooftop),FLY HIGH PROJECT #2 `옥탑방`,"228,620",31532656
91,New,['AKMU (악동뮤지션)'],고래,항해,"25,569",32061979
92,-20,['볼빨간사춘기'],25,Two Five,"24,811",32038652
93,New,['AKMU (악동뮤지션)'],시간을 갖자,항해,"21,016",32061982
94,New,['AKMU (악동뮤지션)'],작별 인사,항해,"20,702",32061981
95,New,['첸 (CHEN)'],그대에게,사랑하는 그대에게 - The 2nd Mini Album,"37,223",32073455
96,New,['브라운 아이드 소울'],"그대의 밤, 나의 아침",It` Soul Right,"21,047",32071824
97,-9,['EXO'],Love Shot,LOVE SHOT - The 5th Album Repackage,"166,194",31492319
98,New,"['앤씨아', 'HYNN (박혜원)']",헤어질 자신 있니 (Narr. SBS 박선영 아나운서),헤어질 자신 있니,"14,865",32089743
99,-21,['Jeremy Zucker'],comethru,"summer,","128,407",31621518
100,New,['린'],정말 헤어지는 거야 (With 죠지),정말 헤어지는 거야 (With 죠지),"13,989",32108377
