﻿rank,rank_change,singer,title,album,like,song_code
1,New,['울랄라세션'],서쪽 하늘,슈퍼스타K 3 Top11 Part 5,"57,521",3593455
2,+79,['노을'],그리워 그리워,그리움,"64,297",3585793
3,New,['원더걸스'],Be My Baby,Wonder World,"31,246",3600223
4,New,['버스커 버스커'],막걸리나,슈퍼스타K 3 Top11 Part 5,"18,959",3593454
5,+13,['소녀시대 (GIRLS` GENERATION)'],The Boys,`The Boys` The 3rd Album,"20,608",3565193
6,New,"['포맨', '미(MIIII)']",그 남자 그 여자,그 남자 그 여자,"24,452",3590149
7,New,['허각'],죽고 싶단 말 밖에,죽고 싶단 말 밖에,"21,360",3602154
8,New,['이승기'],친구잖아,Tonight,"11,023",3589429
9,+21,['시크릿'],사랑은 Move,Moving In Secret,"9,691",3573326
10,New,['브라운아이드걸스'],클렌징크림,클렌징크림,"17,428",3597417
11,-4,['버스커 버스커'],동경소녀,슈퍼스타K 3 Top11 Part 1,"39,530",3565240
12,New,['윤미래'],"Get It In (Feat. Tiger JK, 정인) (Korean Ver.)",Get It In (The Creators Project),"10,292",3588757
13,New,['티아라'],Cry Cry,Black Eyes,"19,451",3607859
14,+1,['이승기'],연애시대 (Feat. Ra.D) (Narr. 한효주),연애시대,"20,183",3573175
15,-14,['허각'],Hello,LIKE 1st MINI ALBUM `First Story`,"81,491",3549031
16,New,['Tablo'],Tomorrow (feat. 태양),"열꽃, Part 2","22,335",3594993
17,+37,['Tablo'],나쁘다 (feat. 진실),"열꽃, Part 1","15,131",3584075
18,+42,['버스커 버스커'],정류장,슈퍼스타K 3 Top11 Part 3,"64,857",3576486
19,-14,['울랄라세션'],달의 몰락,슈퍼스타K 3 Top11 Part 1,"11,400",3565242
20,New,['울랄라세션'],Swing Baby,슈퍼스타K 3 Top11 Part 6,"6,538",3601573
21,-18,['투개월'],여우야,슈퍼스타K 3 Top11 Part 1,"19,355",3565243
22,New,['씨스타'],Hot Place (Feat. Brave Sound),Hot Place,"2,280",3593080
23,-4,['울랄라세션'],Open Arms (Journey) (Feat. 크리스티나),슈퍼스타K 3 Top11 Part 2,"7,857",3570032
24,+9,['오렌지 캬라멜'],샹하이 로맨스 (上海之戀),샹하이 로맨스 (上海之戀),"12,150",3570725
25,-23,['브라운아이드걸스'],Sixth Sense,Sixth Sense,"25,309",3557196
26,New,['먼데이 키즈 (Monday Kiz)'],고장난 열차 (Feat. 쥬비트레인 Of 부가킹즈),단선율 (單旋律),"1,442",3596191
27,-23,['다비치'],안녕이라고 말하지마,Love Delight,"61,904",3536905
28,-4,['Tablo'],Airbag (feat. 나얼),"열꽃, Part 1","27,955",3574100
29,New,['버스커 버스커'],서울사람들,서울사람들,"17,973",3614345
30,+22,['울랄라세션'],미인,슈퍼스타K 3 Top11 Part 3,"5,369",3576488
31,+22,['투개월'],Brown City,슈퍼스타K 3 Top11 Part 3,"7,503",3576490
32,New,['원더걸스'],"Me, in",Wonder World,"4,944",3600225
33,+67,['소녀시대 (GIRLS` GENERATION)'],MR.TAXI (Korean Ver.),`The Boys` The 3rd Album,"11,246",3579341
34,-23,['다비치'],사랑 사랑아,Love Delight,"12,413",3536906
35,New,['김연우'],내사랑 내곁에 (김현식),[나는 가수다] `호주 특별 공연`,"4,315",3593076
36,New,['버스커 버스커'],그댄 달라요,슈퍼스타K 3 Top11 Part 6,"21,615",3601574
37,New,['버스커 버스커'],어쩌다 마주친 그대,슈퍼스타K 3 Top11 Part 4,"11,271",3585863
38,-28,['지아'],내가 이렇지 (Feat. 하동균),Avancer,"14,091",3561276
39,-12,['투개월'],Poker Face (Lady GaGa),슈퍼스타K 3 Top11 Part 2,"3,084",3570030
40,New,['이승철'],서쪽 하늘,청연 OST,"33,081",1046278
41,-12,['LMFAO'],Party Rock Anthem (Feat. Lauren Bennett & Goon Rock),Party Rock Anthem,"23,090",3135148
42,-5,['김경호'],사랑과 우정 사이 (With 김연우) (피노키오),[나는 가수다] 경연10-1. `듀엣곡 부르기`,"17,986",3569458
43,New,['원더걸스'],G.N.O.,Wonder World,"7,940",3600222
44,New,['원더걸스'],Girls Girls,Wonder World,"16,664",3600224
45,New,['김동률'],Replay,kimdongrYULE,"46,823",3610158
46,-40,['리쌍'],"TV를 껐네... (Feat. t윤미래, 권정열 Of 10cm)",AsuRa BalBalTa,"51,076",3527235
47,-35,['씨스타'],So Cool (쏘쿨),So Cool,"28,645",3521672
48,-28,['인피니트'],파라다이스 (Paradise),`Paradise` (정규 1집 스페셜 리패키지),"39,322",3558975
49,New,['투개월'],니 생각,슈퍼스타K 3 Top11 Part 5,"6,597",3593453
50,-22,['휘성 (Realslow)'],놈들이 온다,놈들이 온다,"4,963",3568879
51,-3,['사이먼 도미닉'],짠해 (Cheerz),Simon Dominic Presents `SNL LEAGUE BEGINS`,"33,526",3565173
52,-44,['카라'],STEP,KARA 3rd Album STEP,"23,450",3538478
53,+30,['효린'],내겐 너니까,영광의 재인 OST Part.1,"4,287",3579243
54,New,['투개월'],Romantico,슈퍼스타K 3 Top11 Part 6,"13,096",3601575
55,-34,['버벌진트'],좋아보여 (Feat. 검정치마),Go Easy,"63,408",3538775
56,+31,['백지영'],여기가 아파,천일의 약속 OST Part.1,"3,219",3577017
57,New,['버스커 버스커'],I Believe,슈퍼스타K 3 Top11 Part 7,"11,835",3609249
58,New,['박재범'],Girl Friend,Girl Friend,"6,303",3595693
59,New,['다이나믹 듀오'],해뜰때까지만 (Girl),Dynamicduo 6th Digilog 1/2,"5,183",3615589
60,-47,['리쌍'],회상 (Feat. 백지영),AsuRa BalBalTa,"44,635",3534943
61,-22,['Maroon 5'],Moves Like Jagger (Feat. Christina Aguilera) (Studio Recording From The Voice Performance),Moves Like Jagger,"71,309",3457091
62,-31,['김범수'],끝사랑,Solista Part.2,"110,176",3436083
63,-54,['성시경'],난 좋아,처음,"20,657",3550136
64,New,['거미'],난 행복해 (이소라),[나는 가수다] 경연11-1,"2,369",3601319
65,New,['프리스타일'],안부,Say Hello To Goodbye,"4,263",3586953
66,New,['제이세라'],그댄 정말 모를거예요,Tears Of Crystal,"7,187",3604726
67,New,['크리스티나'],Lonely,슈퍼스타K 3 Top11 Part 4,780,3585864
68,+7,['FTISLAND (FT아일랜드)'],새들처럼,MEMORY IN FTISLAND,"11,592",3568873
69,-37,['티아라'],Roly-Poly,존트라볼타 워너비,"29,231",3457172
70,-35,['알리 (ALi)'],뭐 이런 게 다 있어,뭐 이런 게 다 있어,"3,969",3562467
71,-33,"['하동균', 'J.Lee']",기다릴게,공주의 남자 OST Part.3,"76,490",3520616
72,New,['원더걸스'],Act Cool (Feat.San E),Wonder World,"4,037",3600231
73,New,['울랄라세션'],나쁜 남자,슈퍼스타K 3 Top11 Part 4,844,3585862
74,New,['서인영'],웃기셔,Brand New ELLY,411,3606150
75,New,['원더걸스'],Stop!,Wonder World,"3,689",3600227
76,New,['김범수'],말하지 않아도,뿌리 깊은 나무 OST Part.3,"1,952",3606357
77,New,['투개월'],달팽이,슈퍼스타K 3 Top11 Part 4,"3,460",3585866
78,New,['김조한'],사랑에 빠지고 싶다,사랑에 빠지고 싶다,"66,207",3604753
79,-56,['리쌍'],나란 놈은 답은 너다 (Feat. 하림),AsuRa BalBalTa,"35,899",3534941
80,New,['바비 킴'],가슴앓이,영광의 재인 OST Part.2,"1,666",3597453
81,-65,['2NE1'],UGLY,2NE1 2nd Mini Album,"38,128",3509751
82,New,['이해리 (다비치)'],사랑하는 사람아,포세이돈 OST Part.3,"10,422",3577493
83,New,['원더걸스'],Sweet Dreams,Wonder World,"2,113",3600226
84,-39,['클로버'],아는 오빠,아는 오빠,"3,127",3559100
85,New,['신승훈'],처음 하는 말처럼,천일의 약속 OST Part.2,961,3594795
86,New,['일렉트로보이즈'],Ma Boy 2 (Feat. 효린),Rebirth,"18,809",3611633
87,New,['서영은'],그저 너 하나,그...,583,3586653
88,New,['버벌진트'],우울한 편지,우울한 편지,"4,922",3596122
89,New,['성시경'],한번의 사랑,천일의 약속 OST Part.3,"6,372",3610384
90,-64,['지아'],그대이길 바래요 (With 케이윌),그대이길 바래요,"8,055",3545342
91,New,['김경호'],이유 같지 않은 이유 (Feat. Bizzy) (박미경),[나는 가수다] 경연11-1,"1,446",3601316
92,New,['원더걸스'],두고두고,Wonder World,"3,791",3600229
93,New,['원더걸스'],Dear. Boy,Wonder World,"2,265",3600228
94,New,['가비엔제이'],가세요,가세요,"1,182",3615536
95,New,['레드애플'],어쩌다 마주친,CODA,"1,405",3602277
96,-82,['브라운아이드걸스'],Hotshot,Sixth Sense,"2,067",3551105
97,New,['우먼파워'],미워미워,미워미워,181,3603173
98,New,['Bueno Clinic'],Sex Apeal (Max Farenthide Radio Edit) (Feat. Mike W.),Sex Apeal,"25,240",3559879
99,-32,['이영현'],사랑이라 쓰고 아픔이라 부른다,박근태 Black Label 3,"1,811",3572627
100,New,['원더걸스'],Nu Shoes,Wonder World,"3,263",3600233
